[0.303s] DEBUG:colcon:Command line arguments: ['/usr/bin/colcon', 'build', '--packages-skip-build-finished', '--continue-on-error']
[0.304s] DEBUG:colcon:Parsed command line arguments: Namespace(log_base=None, log_level=None, verb_name='build', build_base='build', install_base='install', merge_install=False, symlink_install=False, test_result_base=None, continue_on_error=True, executor='parallel', parallel_workers=6, event_handlers=None, ignore_user_meta=False, metas=['./colcon.meta'], base_paths=['.'], packages_ignore=None, packages_ignore_regex=None, paths=None, packages_up_to=None, packages_up_to_regex=None, packages_above=None, packages_above_and_dependencies=None, packages_above_depth=None, packages_select_by_dep=None, packages_skip_by_dep=None, packages_skip_up_to=None, packages_select_build_failed=False, packages_skip_build_finished=True, packages_select_test_failures=False, packages_skip_test_passed=False, packages_select=None, packages_skip=None, packages_select_regex=None, packages_skip_regex=None, packages_start=None, packages_end=None, allow_overriding=[], cmake_args=None, cmake_target=None, cmake_target_skip_unavailable=False, cmake_clean_cache=False, cmake_clean_first=False, cmake_force_configure=False, ament_cmake_args=None, catkin_cmake_args=None, catkin_skip_building_tests=False, verb_parser=<colcon_defaults.argument_parser.defaults.DefaultArgumentsDecorator object at 0xffffad683370>, verb_extension=<colcon_core.verb.build.BuildVerb object at 0xffffad682e60>, main=<bound method BuildVerb.main of <colcon_core.verb.build.BuildVerb object at 0xffffad682e60>>)
[0.701s] Level 1:colcon.colcon_core.package_discovery:discover_packages(colcon_meta) check parameters
[0.701s] Level 1:colcon.colcon_core.package_discovery:discover_packages(recursive) check parameters
[0.701s] Level 1:colcon.colcon_core.package_discovery:discover_packages(ignore) check parameters
[0.701s] Level 1:colcon.colcon_core.package_discovery:discover_packages(path) check parameters
[0.701s] Level 1:colcon.colcon_core.package_discovery:discover_packages(colcon_meta) discover
[0.702s] Level 1:colcon.colcon_core.package_discovery:discover_packages(recursive) discover
[0.702s] INFO:colcon.colcon_core.package_discovery:Crawling recursively for packages in '/home/dxf/wheeltec_lebai_humble_2024_7_17'
[0.702s] Level 1:colcon.colcon_core.package_identification:_identify(.) by extensions ['ignore', 'ignore_ament_install']
[0.702s] Level 1:colcon.colcon_core.package_identification:_identify(.) by extension 'ignore'
[0.702s] Level 1:colcon.colcon_core.package_identification:_identify(.) by extension 'ignore_ament_install'
[0.702s] Level 1:colcon.colcon_core.package_identification:_identify(.) by extensions ['colcon_pkg']
[0.703s] Level 1:colcon.colcon_core.package_identification:_identify(.) by extension 'colcon_pkg'
[0.703s] Level 1:colcon.colcon_core.package_identification:_identify(.) by extensions ['colcon_meta']
[0.703s] Level 1:colcon.colcon_core.package_identification:_identify(.) by extension 'colcon_meta'
[0.703s] Level 1:colcon.colcon_core.package_identification:_identify(.) by extensions ['ros']
[0.703s] Level 1:colcon.colcon_core.package_identification:_identify(.) by extension 'ros'
[0.729s] Level 1:colcon.colcon_core.package_identification:_identify(.) by extensions ['cmake', 'python']
[0.730s] Level 1:colcon.colcon_core.package_identification:_identify(.) by extension 'cmake'
[0.730s] Level 1:colcon.colcon_core.package_identification:_identify(.) by extension 'python'
[0.730s] Level 1:colcon.colcon_core.package_identification:_identify(.) by extensions ['python_setup_py']
[0.730s] Level 1:colcon.colcon_core.package_identification:_identify(.) by extension 'python_setup_py'
[0.730s] Level 1:colcon.colcon_core.package_identification:_identify(build) by extensions ['ignore', 'ignore_ament_install']
[0.730s] Level 1:colcon.colcon_core.package_identification:_identify(build) by extension 'ignore'
[0.731s] Level 1:colcon.colcon_core.package_identification:_identify(build) ignored
[0.731s] Level 1:colcon.colcon_core.package_identification:_identify(install) by extensions ['ignore', 'ignore_ament_install']
[0.731s] Level 1:colcon.colcon_core.package_identification:_identify(install) by extension 'ignore'
[0.731s] Level 1:colcon.colcon_core.package_identification:_identify(install) ignored
[0.731s] Level 1:colcon.colcon_core.package_identification:_identify(log) by extensions ['ignore', 'ignore_ament_install']
[0.732s] Level 1:colcon.colcon_core.package_identification:_identify(log) by extension 'ignore'
[0.732s] Level 1:colcon.colcon_core.package_identification:_identify(log) ignored
[0.732s] Level 1:colcon.colcon_core.package_identification:_identify(src) by extensions ['ignore', 'ignore_ament_install']
[0.732s] Level 1:colcon.colcon_core.package_identification:_identify(src) by extension 'ignore'
[0.732s] Level 1:colcon.colcon_core.package_identification:_identify(src) by extension 'ignore_ament_install'
[0.732s] Level 1:colcon.colcon_core.package_identification:_identify(src) by extensions ['colcon_pkg']
[0.732s] Level 1:colcon.colcon_core.package_identification:_identify(src) by extension 'colcon_pkg'
[0.732s] Level 1:colcon.colcon_core.package_identification:_identify(src) by extensions ['colcon_meta']
[0.733s] Level 1:colcon.colcon_core.package_identification:_identify(src) by extension 'colcon_meta'
[0.733s] Level 1:colcon.colcon_core.package_identification:_identify(src) by extensions ['ros']
[0.733s] Level 1:colcon.colcon_core.package_identification:_identify(src) by extension 'ros'
[0.733s] Level 1:colcon.colcon_core.package_identification:_identify(src) by extensions ['cmake', 'python']
[0.733s] Level 1:colcon.colcon_core.package_identification:_identify(src) by extension 'cmake'
[0.733s] Level 1:colcon.colcon_core.package_identification:_identify(src) by extension 'python'
[0.733s] Level 1:colcon.colcon_core.package_identification:_identify(src) by extensions ['python_setup_py']
[0.733s] Level 1:colcon.colcon_core.package_identification:_identify(src) by extension 'python_setup_py'
[0.733s] Level 1:colcon.colcon_core.package_identification:_identify(src/arm_demo) by extensions ['ignore', 'ignore_ament_install']
[0.734s] Level 1:colcon.colcon_core.package_identification:_identify(src/arm_demo) by extension 'ignore'
[0.734s] Level 1:colcon.colcon_core.package_identification:_identify(src/arm_demo) by extension 'ignore_ament_install'
[0.734s] Level 1:colcon.colcon_core.package_identification:_identify(src/arm_demo) by extensions ['colcon_pkg']
[0.734s] Level 1:colcon.colcon_core.package_identification:_identify(src/arm_demo) by extension 'colcon_pkg'
[0.734s] Level 1:colcon.colcon_core.package_identification:_identify(src/arm_demo) by extensions ['colcon_meta']
[0.734s] Level 1:colcon.colcon_core.package_identification:_identify(src/arm_demo) by extension 'colcon_meta'
[0.734s] Level 1:colcon.colcon_core.package_identification:_identify(src/arm_demo) by extensions ['ros']
[0.734s] Level 1:colcon.colcon_core.package_identification:_identify(src/arm_demo) by extension 'ros'
[0.740s] DEBUG:colcon.colcon_core.package_identification:Package 'src/arm_demo' with type 'ros.ament_cmake' and name 'arm_demo'
[0.740s] Level 1:colcon.colcon_core.package_identification:_identify(src/grab_demo) by extensions ['ignore', 'ignore_ament_install']
[0.741s] Level 1:colcon.colcon_core.package_identification:_identify(src/grab_demo) by extension 'ignore'
[0.741s] Level 1:colcon.colcon_core.package_identification:_identify(src/grab_demo) by extension 'ignore_ament_install'
[0.741s] Level 1:colcon.colcon_core.package_identification:_identify(src/grab_demo) by extensions ['colcon_pkg']
[0.741s] Level 1:colcon.colcon_core.package_identification:_identify(src/grab_demo) by extension 'colcon_pkg'
[0.741s] Level 1:colcon.colcon_core.package_identification:_identify(src/grab_demo) by extensions ['colcon_meta']
[0.741s] Level 1:colcon.colcon_core.package_identification:_identify(src/grab_demo) by extension 'colcon_meta'
[0.741s] Level 1:colcon.colcon_core.package_identification:_identify(src/grab_demo) by extensions ['ros']
[0.742s] Level 1:colcon.colcon_core.package_identification:_identify(src/grab_demo) by extension 'ros'
[0.743s] DEBUG:colcon.colcon_core.package_identification:Package 'src/grab_demo' with type 'ros.ament_cmake' and name 'grab_demo'
[0.743s] Level 1:colcon.colcon_core.package_identification:_identify(src/lebai-ros-sdk-humble-dev) by extensions ['ignore', 'ignore_ament_install']
[0.744s] Level 1:colcon.colcon_core.package_identification:_identify(src/lebai-ros-sdk-humble-dev) by extension 'ignore'
[0.744s] Level 1:colcon.colcon_core.package_identification:_identify(src/lebai-ros-sdk-humble-dev) by extension 'ignore_ament_install'
[0.744s] Level 1:colcon.colcon_core.package_identification:_identify(src/lebai-ros-sdk-humble-dev) by extensions ['colcon_pkg']
[0.744s] Level 1:colcon.colcon_core.package_identification:_identify(src/lebai-ros-sdk-humble-dev) by extension 'colcon_pkg'
[0.744s] Level 1:colcon.colcon_core.package_identification:_identify(src/lebai-ros-sdk-humble-dev) by extensions ['colcon_meta']
[0.744s] Level 1:colcon.colcon_core.package_identification:_identify(src/lebai-ros-sdk-humble-dev) by extension 'colcon_meta'
[0.744s] Level 1:colcon.colcon_core.package_identification:_identify(src/lebai-ros-sdk-humble-dev) by extensions ['ros']
[0.744s] Level 1:colcon.colcon_core.package_identification:_identify(src/lebai-ros-sdk-humble-dev) by extension 'ros'
[0.745s] Level 1:colcon.colcon_core.package_identification:_identify(src/lebai-ros-sdk-humble-dev) by extensions ['cmake', 'python']
[0.745s] Level 1:colcon.colcon_core.package_identification:_identify(src/lebai-ros-sdk-humble-dev) by extension 'cmake'
[0.745s] Level 1:colcon.colcon_core.package_identification:_identify(src/lebai-ros-sdk-humble-dev) by extension 'python'
[0.745s] Level 1:colcon.colcon_core.package_identification:_identify(src/lebai-ros-sdk-humble-dev) by extensions ['python_setup_py']
[0.745s] Level 1:colcon.colcon_core.package_identification:_identify(src/lebai-ros-sdk-humble-dev) by extension 'python_setup_py'
[0.745s] Level 1:colcon.colcon_core.package_identification:_identify(src/lebai-ros-sdk-humble-dev/lebai_driver) by extensions ['ignore', 'ignore_ament_install']
[0.745s] Level 1:colcon.colcon_core.package_identification:_identify(src/lebai-ros-sdk-humble-dev/lebai_driver) by extension 'ignore'
[0.745s] Level 1:colcon.colcon_core.package_identification:_identify(src/lebai-ros-sdk-humble-dev/lebai_driver) by extension 'ignore_ament_install'
[0.746s] Level 1:colcon.colcon_core.package_identification:_identify(src/lebai-ros-sdk-humble-dev/lebai_driver) by extensions ['colcon_pkg']
[0.746s] Level 1:colcon.colcon_core.package_identification:_identify(src/lebai-ros-sdk-humble-dev/lebai_driver) by extension 'colcon_pkg'
[0.746s] Level 1:colcon.colcon_core.package_identification:_identify(src/lebai-ros-sdk-humble-dev/lebai_driver) by extensions ['colcon_meta']
[0.746s] Level 1:colcon.colcon_core.package_identification:_identify(src/lebai-ros-sdk-humble-dev/lebai_driver) by extension 'colcon_meta'
[0.746s] Level 1:colcon.colcon_core.package_identification:_identify(src/lebai-ros-sdk-humble-dev/lebai_driver) by extensions ['ros']
[0.746s] Level 1:colcon.colcon_core.package_identification:_identify(src/lebai-ros-sdk-humble-dev/lebai_driver) by extension 'ros'
[0.747s] DEBUG:colcon.colcon_core.package_identification:Package 'src/lebai-ros-sdk-humble-dev/lebai_driver' with type 'ros.ament_python' and name 'lebai_driver'
[0.747s] Level 1:colcon.colcon_core.package_identification:_identify(src/lebai-ros-sdk-humble-dev/lebai_interfaces) by extensions ['ignore', 'ignore_ament_install']
[0.748s] Level 1:colcon.colcon_core.package_identification:_identify(src/lebai-ros-sdk-humble-dev/lebai_interfaces) by extension 'ignore'
[0.748s] Level 1:colcon.colcon_core.package_identification:_identify(src/lebai-ros-sdk-humble-dev/lebai_interfaces) by extension 'ignore_ament_install'
[0.748s] Level 1:colcon.colcon_core.package_identification:_identify(src/lebai-ros-sdk-humble-dev/lebai_interfaces) by extensions ['colcon_pkg']
[0.748s] Level 1:colcon.colcon_core.package_identification:_identify(src/lebai-ros-sdk-humble-dev/lebai_interfaces) by extension 'colcon_pkg'
[0.748s] Level 1:colcon.colcon_core.package_identification:_identify(src/lebai-ros-sdk-humble-dev/lebai_interfaces) by extensions ['colcon_meta']
[0.748s] Level 1:colcon.colcon_core.package_identification:_identify(src/lebai-ros-sdk-humble-dev/lebai_interfaces) by extension 'colcon_meta'
[0.748s] Level 1:colcon.colcon_core.package_identification:_identify(src/lebai-ros-sdk-humble-dev/lebai_interfaces) by extensions ['ros']
[0.748s] Level 1:colcon.colcon_core.package_identification:_identify(src/lebai-ros-sdk-humble-dev/lebai_interfaces) by extension 'ros'
[0.750s] DEBUG:colcon.colcon_core.package_identification:Package 'src/lebai-ros-sdk-humble-dev/lebai_interfaces' with type 'ros.ament_cmake' and name 'lebai_interfaces'
[0.750s] Level 1:colcon.colcon_core.package_identification:_identify(src/lebai-ros-sdk-humble-dev/lebai_lm3_moveit_config) by extensions ['ignore', 'ignore_ament_install']
[0.750s] Level 1:colcon.colcon_core.package_identification:_identify(src/lebai-ros-sdk-humble-dev/lebai_lm3_moveit_config) by extension 'ignore'
[0.751s] Level 1:colcon.colcon_core.package_identification:_identify(src/lebai-ros-sdk-humble-dev/lebai_lm3_moveit_config) by extension 'ignore_ament_install'
[0.751s] Level 1:colcon.colcon_core.package_identification:_identify(src/lebai-ros-sdk-humble-dev/lebai_lm3_moveit_config) by extensions ['colcon_pkg']
[0.751s] Level 1:colcon.colcon_core.package_identification:_identify(src/lebai-ros-sdk-humble-dev/lebai_lm3_moveit_config) by extension 'colcon_pkg'
[0.751s] Level 1:colcon.colcon_core.package_identification:_identify(src/lebai-ros-sdk-humble-dev/lebai_lm3_moveit_config) by extensions ['colcon_meta']
[0.751s] Level 1:colcon.colcon_core.package_identification:_identify(src/lebai-ros-sdk-humble-dev/lebai_lm3_moveit_config) by extension 'colcon_meta'
[0.751s] Level 1:colcon.colcon_core.package_identification:_identify(src/lebai-ros-sdk-humble-dev/lebai_lm3_moveit_config) by extensions ['ros']
[0.751s] Level 1:colcon.colcon_core.package_identification:_identify(src/lebai-ros-sdk-humble-dev/lebai_lm3_moveit_config) by extension 'ros'
[0.752s] DEBUG:colcon.colcon_core.package_identification:Package 'src/lebai-ros-sdk-humble-dev/lebai_lm3_moveit_config' with type 'ros.ament_cmake' and name 'lebai_lm3_moveit_config'
[0.753s] Level 1:colcon.colcon_core.package_identification:_identify(src/lebai-ros-sdk-humble-dev/lebai_lm3_support) by extensions ['ignore', 'ignore_ament_install']
[0.753s] Level 1:colcon.colcon_core.package_identification:_identify(src/lebai-ros-sdk-humble-dev/lebai_lm3_support) by extension 'ignore'
[0.753s] Level 1:colcon.colcon_core.package_identification:_identify(src/lebai-ros-sdk-humble-dev/lebai_lm3_support) by extension 'ignore_ament_install'
[0.753s] Level 1:colcon.colcon_core.package_identification:_identify(src/lebai-ros-sdk-humble-dev/lebai_lm3_support) by extensions ['colcon_pkg']
[0.753s] Level 1:colcon.colcon_core.package_identification:_identify(src/lebai-ros-sdk-humble-dev/lebai_lm3_support) by extension 'colcon_pkg'
[0.753s] Level 1:colcon.colcon_core.package_identification:_identify(src/lebai-ros-sdk-humble-dev/lebai_lm3_support) by extensions ['colcon_meta']
[0.753s] Level 1:colcon.colcon_core.package_identification:_identify(src/lebai-ros-sdk-humble-dev/lebai_lm3_support) by extension 'colcon_meta'
[0.753s] Level 1:colcon.colcon_core.package_identification:_identify(src/lebai-ros-sdk-humble-dev/lebai_lm3_support) by extensions ['ros']
[0.754s] Level 1:colcon.colcon_core.package_identification:_identify(src/lebai-ros-sdk-humble-dev/lebai_lm3_support) by extension 'ros'
[0.754s] DEBUG:colcon.colcon_core.package_identification:Package 'src/lebai-ros-sdk-humble-dev/lebai_lm3_support' with type 'ros.ament_cmake' and name 'lebai_lm3_support'
[0.755s] Level 1:colcon.colcon_core.package_identification:_identify(src/lebai-ros-sdk-humble-dev/lebai_resources) by extensions ['ignore', 'ignore_ament_install']
[0.755s] Level 1:colcon.colcon_core.package_identification:_identify(src/lebai-ros-sdk-humble-dev/lebai_resources) by extension 'ignore'
[0.755s] Level 1:colcon.colcon_core.package_identification:_identify(src/lebai-ros-sdk-humble-dev/lebai_resources) by extension 'ignore_ament_install'
[0.755s] Level 1:colcon.colcon_core.package_identification:_identify(src/lebai-ros-sdk-humble-dev/lebai_resources) by extensions ['colcon_pkg']
[0.755s] Level 1:colcon.colcon_core.package_identification:_identify(src/lebai-ros-sdk-humble-dev/lebai_resources) by extension 'colcon_pkg'
[0.755s] Level 1:colcon.colcon_core.package_identification:_identify(src/lebai-ros-sdk-humble-dev/lebai_resources) by extensions ['colcon_meta']
[0.755s] Level 1:colcon.colcon_core.package_identification:_identify(src/lebai-ros-sdk-humble-dev/lebai_resources) by extension 'colcon_meta'
[0.756s] Level 1:colcon.colcon_core.package_identification:_identify(src/lebai-ros-sdk-humble-dev/lebai_resources) by extensions ['ros']
[0.756s] Level 1:colcon.colcon_core.package_identification:_identify(src/lebai-ros-sdk-humble-dev/lebai_resources) by extension 'ros'
[0.757s] DEBUG:colcon.colcon_core.package_identification:Package 'src/lebai-ros-sdk-humble-dev/lebai_resources' with type 'ros.ament_cmake' and name 'lebai_resources'
[0.757s] Level 1:colcon.colcon_core.package_identification:_identify(src/lebai-ros-sdk-humble-dev/lebai_tutorials) by extensions ['ignore', 'ignore_ament_install']
[0.757s] Level 1:colcon.colcon_core.package_identification:_identify(src/lebai-ros-sdk-humble-dev/lebai_tutorials) by extension 'ignore'
[0.757s] Level 1:colcon.colcon_core.package_identification:_identify(src/lebai-ros-sdk-humble-dev/lebai_tutorials) by extension 'ignore_ament_install'
[0.757s] Level 1:colcon.colcon_core.package_identification:_identify(src/lebai-ros-sdk-humble-dev/lebai_tutorials) by extensions ['colcon_pkg']
[0.757s] Level 1:colcon.colcon_core.package_identification:_identify(src/lebai-ros-sdk-humble-dev/lebai_tutorials) by extension 'colcon_pkg'
[0.757s] Level 1:colcon.colcon_core.package_identification:_identify(src/lebai-ros-sdk-humble-dev/lebai_tutorials) by extensions ['colcon_meta']
[0.757s] Level 1:colcon.colcon_core.package_identification:_identify(src/lebai-ros-sdk-humble-dev/lebai_tutorials) by extension 'colcon_meta'
[0.758s] Level 1:colcon.colcon_core.package_identification:_identify(src/lebai-ros-sdk-humble-dev/lebai_tutorials) by extensions ['ros']
[0.758s] Level 1:colcon.colcon_core.package_identification:_identify(src/lebai-ros-sdk-humble-dev/lebai_tutorials) by extension 'ros'
[0.759s] DEBUG:colcon.colcon_core.package_identification:Package 'src/lebai-ros-sdk-humble-dev/lebai_tutorials' with type 'ros.ament_cmake' and name 'lebai_tutorials'
[0.759s] Level 1:colcon.colcon_core.package_discovery:discover_packages(recursive) using defaults
[0.759s] Level 1:colcon.colcon_core.package_discovery:discover_packages(ignore) discover
[0.759s] Level 1:colcon.colcon_core.package_discovery:discover_packages(ignore) using defaults
[0.759s] Level 1:colcon.colcon_core.package_discovery:discover_packages(path) discover
[0.759s] Level 1:colcon.colcon_core.package_discovery:discover_packages(path) using defaults
[0.847s] Level 1:colcon.colcon_core.package_discovery:discover_packages(prefix_path) check parameters
[0.847s] Level 1:colcon.colcon_core.package_discovery:discover_packages(prefix_path) discover
[0.876s] DEBUG:colcon.colcon_installed_package_information.package_discovery:Found 25 installed packages in /home/dxf/WHEELTEC_S300Pro_mini_ros2_arm_src_2025_9_15/install
[0.880s] DEBUG:colcon.colcon_installed_package_information.package_discovery:Found 44 installed packages in /home/dxf/WHEELTEC_S300Pro_mini/install
[0.884s] DEBUG:colcon.colcon_installed_package_information.package_discovery:Found 413 installed packages in /opt/ros/humble
[0.888s] Level 1:colcon.colcon_core.package_discovery:discover_packages(prefix_path) using defaults
[1.080s] Level 5:colcon.colcon_core.verb:set package 'arm_demo' build argument 'cmake_args' from command line to 'None'
[1.080s] Level 5:colcon.colcon_core.verb:set package 'arm_demo' build argument 'cmake_target' from command line to 'None'
[1.080s] Level 5:colcon.colcon_core.verb:set package 'arm_demo' build argument 'cmake_target_skip_unavailable' from command line to 'False'
[1.080s] Level 5:colcon.colcon_core.verb:set package 'arm_demo' build argument 'cmake_clean_cache' from command line to 'False'
[1.080s] Level 5:colcon.colcon_core.verb:set package 'arm_demo' build argument 'cmake_clean_first' from command line to 'False'
[1.080s] Level 5:colcon.colcon_core.verb:set package 'arm_demo' build argument 'cmake_force_configure' from command line to 'False'
[1.080s] Level 5:colcon.colcon_core.verb:set package 'arm_demo' build argument 'ament_cmake_args' from command line to 'None'
[1.081s] Level 5:colcon.colcon_core.verb:set package 'arm_demo' build argument 'catkin_cmake_args' from command line to 'None'
[1.081s] Level 5:colcon.colcon_core.verb:set package 'arm_demo' build argument 'catkin_skip_building_tests' from command line to 'False'
[1.081s] DEBUG:colcon.colcon_core.verb:Building package 'arm_demo' with the following arguments: {'ament_cmake_args': None, 'build_base': '/home/dxf/wheeltec_lebai_humble_2024_7_17/build/arm_demo', 'catkin_cmake_args': None, 'catkin_skip_building_tests': False, 'cmake_args': None, 'cmake_clean_cache': False, 'cmake_clean_first': False, 'cmake_force_configure': False, 'cmake_target': None, 'cmake_target_skip_unavailable': False, 'install_base': '/home/dxf/wheeltec_lebai_humble_2024_7_17/install/arm_demo', 'merge_install': False, 'path': '/home/dxf/wheeltec_lebai_humble_2024_7_17/src/arm_demo', 'symlink_install': False, 'test_result_base': None}
[1.081s] Level 5:colcon.colcon_core.verb:set package 'grab_demo' build argument 'cmake_args' from command line to 'None'
[1.081s] Level 5:colcon.colcon_core.verb:set package 'grab_demo' build argument 'cmake_target' from command line to 'None'
[1.081s] Level 5:colcon.colcon_core.verb:set package 'grab_demo' build argument 'cmake_target_skip_unavailable' from command line to 'False'
[1.082s] Level 5:colcon.colcon_core.verb:set package 'grab_demo' build argument 'cmake_clean_cache' from command line to 'False'
[1.082s] Level 5:colcon.colcon_core.verb:set package 'grab_demo' build argument 'cmake_clean_first' from command line to 'False'
[1.082s] Level 5:colcon.colcon_core.verb:set package 'grab_demo' build argument 'cmake_force_configure' from command line to 'False'
[1.082s] Level 5:colcon.colcon_core.verb:set package 'grab_demo' build argument 'ament_cmake_args' from command line to 'None'
[1.082s] Level 5:colcon.colcon_core.verb:set package 'grab_demo' build argument 'catkin_cmake_args' from command line to 'None'
[1.082s] Level 5:colcon.colcon_core.verb:set package 'grab_demo' build argument 'catkin_skip_building_tests' from command line to 'False'
[1.082s] DEBUG:colcon.colcon_core.verb:Building package 'grab_demo' with the following arguments: {'ament_cmake_args': None, 'build_base': '/home/dxf/wheeltec_lebai_humble_2024_7_17/build/grab_demo', 'catkin_cmake_args': None, 'catkin_skip_building_tests': False, 'cmake_args': None, 'cmake_clean_cache': False, 'cmake_clean_first': False, 'cmake_force_configure': False, 'cmake_target': None, 'cmake_target_skip_unavailable': False, 'install_base': '/home/dxf/wheeltec_lebai_humble_2024_7_17/install/grab_demo', 'merge_install': False, 'path': '/home/dxf/wheeltec_lebai_humble_2024_7_17/src/grab_demo', 'symlink_install': False, 'test_result_base': None}
[1.082s] Level 5:colcon.colcon_core.verb:set package 'lebai_driver' build argument 'cmake_args' from command line to 'None'
[1.083s] Level 5:colcon.colcon_core.verb:set package 'lebai_driver' build argument 'cmake_target' from command line to 'None'
[1.083s] Level 5:colcon.colcon_core.verb:set package 'lebai_driver' build argument 'cmake_target_skip_unavailable' from command line to 'False'
[1.083s] Level 5:colcon.colcon_core.verb:set package 'lebai_driver' build argument 'cmake_clean_cache' from command line to 'False'
[1.083s] Level 5:colcon.colcon_core.verb:set package 'lebai_driver' build argument 'cmake_clean_first' from command line to 'False'
[1.083s] Level 5:colcon.colcon_core.verb:set package 'lebai_driver' build argument 'cmake_force_configure' from command line to 'False'
[1.083s] Level 5:colcon.colcon_core.verb:set package 'lebai_driver' build argument 'ament_cmake_args' from command line to 'None'
[1.083s] Level 5:colcon.colcon_core.verb:set package 'lebai_driver' build argument 'catkin_cmake_args' from command line to 'None'
[1.083s] Level 5:colcon.colcon_core.verb:set package 'lebai_driver' build argument 'catkin_skip_building_tests' from command line to 'False'
[1.083s] DEBUG:colcon.colcon_core.verb:Building package 'lebai_driver' with the following arguments: {'ament_cmake_args': None, 'build_base': '/home/dxf/wheeltec_lebai_humble_2024_7_17/build/lebai_driver', 'catkin_cmake_args': None, 'catkin_skip_building_tests': False, 'cmake_args': None, 'cmake_clean_cache': False, 'cmake_clean_first': False, 'cmake_force_configure': False, 'cmake_target': None, 'cmake_target_skip_unavailable': False, 'install_base': '/home/dxf/wheeltec_lebai_humble_2024_7_17/install/lebai_driver', 'merge_install': False, 'path': '/home/dxf/wheeltec_lebai_humble_2024_7_17/src/lebai-ros-sdk-humble-dev/lebai_driver', 'symlink_install': False, 'test_result_base': None}
[1.084s] Level 5:colcon.colcon_core.verb:set package 'lebai_interfaces' build argument 'cmake_args' from command line to 'None'
[1.084s] Level 5:colcon.colcon_core.verb:set package 'lebai_interfaces' build argument 'cmake_target' from command line to 'None'
[1.084s] Level 5:colcon.colcon_core.verb:set package 'lebai_interfaces' build argument 'cmake_target_skip_unavailable' from command line to 'False'
[1.084s] Level 5:colcon.colcon_core.verb:set package 'lebai_interfaces' build argument 'cmake_clean_cache' from command line to 'False'
[1.084s] Level 5:colcon.colcon_core.verb:set package 'lebai_interfaces' build argument 'cmake_clean_first' from command line to 'False'
[1.084s] Level 5:colcon.colcon_core.verb:set package 'lebai_interfaces' build argument 'cmake_force_configure' from command line to 'False'
[1.084s] Level 5:colcon.colcon_core.verb:set package 'lebai_interfaces' build argument 'ament_cmake_args' from command line to 'None'
[1.084s] Level 5:colcon.colcon_core.verb:set package 'lebai_interfaces' build argument 'catkin_cmake_args' from command line to 'None'
[1.084s] Level 5:colcon.colcon_core.verb:set package 'lebai_interfaces' build argument 'catkin_skip_building_tests' from command line to 'False'
[1.084s] DEBUG:colcon.colcon_core.verb:Building package 'lebai_interfaces' with the following arguments: {'ament_cmake_args': None, 'build_base': '/home/dxf/wheeltec_lebai_humble_2024_7_17/build/lebai_interfaces', 'catkin_cmake_args': None, 'catkin_skip_building_tests': False, 'cmake_args': None, 'cmake_clean_cache': False, 'cmake_clean_first': False, 'cmake_force_configure': False, 'cmake_target': None, 'cmake_target_skip_unavailable': False, 'install_base': '/home/dxf/wheeltec_lebai_humble_2024_7_17/install/lebai_interfaces', 'merge_install': False, 'path': '/home/dxf/wheeltec_lebai_humble_2024_7_17/src/lebai-ros-sdk-humble-dev/lebai_interfaces', 'symlink_install': False, 'test_result_base': None}
[1.085s] Level 5:colcon.colcon_core.verb:set package 'lebai_lm3_support' build argument 'cmake_args' from command line to 'None'
[1.085s] Level 5:colcon.colcon_core.verb:set package 'lebai_lm3_support' build argument 'cmake_target' from command line to 'None'
[1.085s] Level 5:colcon.colcon_core.verb:set package 'lebai_lm3_support' build argument 'cmake_target_skip_unavailable' from command line to 'False'
[1.085s] Level 5:colcon.colcon_core.verb:set package 'lebai_lm3_support' build argument 'cmake_clean_cache' from command line to 'False'
[1.085s] Level 5:colcon.colcon_core.verb:set package 'lebai_lm3_support' build argument 'cmake_clean_first' from command line to 'False'
[1.085s] Level 5:colcon.colcon_core.verb:set package 'lebai_lm3_support' build argument 'cmake_force_configure' from command line to 'False'
[1.085s] Level 5:colcon.colcon_core.verb:set package 'lebai_lm3_support' build argument 'ament_cmake_args' from command line to 'None'
[1.085s] Level 5:colcon.colcon_core.verb:set package 'lebai_lm3_support' build argument 'catkin_cmake_args' from command line to 'None'
[1.085s] Level 5:colcon.colcon_core.verb:set package 'lebai_lm3_support' build argument 'catkin_skip_building_tests' from command line to 'False'
[1.085s] DEBUG:colcon.colcon_core.verb:Building package 'lebai_lm3_support' with the following arguments: {'ament_cmake_args': None, 'build_base': '/home/dxf/wheeltec_lebai_humble_2024_7_17/build/lebai_lm3_support', 'catkin_cmake_args': None, 'catkin_skip_building_tests': False, 'cmake_args': None, 'cmake_clean_cache': False, 'cmake_clean_first': False, 'cmake_force_configure': False, 'cmake_target': None, 'cmake_target_skip_unavailable': False, 'install_base': '/home/dxf/wheeltec_lebai_humble_2024_7_17/install/lebai_lm3_support', 'merge_install': False, 'path': '/home/dxf/wheeltec_lebai_humble_2024_7_17/src/lebai-ros-sdk-humble-dev/lebai_lm3_support', 'symlink_install': False, 'test_result_base': None}
[1.086s] Level 5:colcon.colcon_core.verb:set package 'lebai_resources' build argument 'cmake_args' from command line to 'None'
[1.086s] Level 5:colcon.colcon_core.verb:set package 'lebai_resources' build argument 'cmake_target' from command line to 'None'
[1.086s] Level 5:colcon.colcon_core.verb:set package 'lebai_resources' build argument 'cmake_target_skip_unavailable' from command line to 'False'
[1.086s] Level 5:colcon.colcon_core.verb:set package 'lebai_resources' build argument 'cmake_clean_cache' from command line to 'False'
[1.086s] Level 5:colcon.colcon_core.verb:set package 'lebai_resources' build argument 'cmake_clean_first' from command line to 'False'
[1.086s] Level 5:colcon.colcon_core.verb:set package 'lebai_resources' build argument 'cmake_force_configure' from command line to 'False'
[1.086s] Level 5:colcon.colcon_core.verb:set package 'lebai_resources' build argument 'ament_cmake_args' from command line to 'None'
[1.086s] Level 5:colcon.colcon_core.verb:set package 'lebai_resources' build argument 'catkin_cmake_args' from command line to 'None'
[1.086s] Level 5:colcon.colcon_core.verb:set package 'lebai_resources' build argument 'catkin_skip_building_tests' from command line to 'False'
[1.086s] DEBUG:colcon.colcon_core.verb:Building package 'lebai_resources' with the following arguments: {'ament_cmake_args': None, 'build_base': '/home/dxf/wheeltec_lebai_humble_2024_7_17/build/lebai_resources', 'catkin_cmake_args': None, 'catkin_skip_building_tests': False, 'cmake_args': None, 'cmake_clean_cache': False, 'cmake_clean_first': False, 'cmake_force_configure': False, 'cmake_target': None, 'cmake_target_skip_unavailable': False, 'install_base': '/home/dxf/wheeltec_lebai_humble_2024_7_17/install/lebai_resources', 'merge_install': False, 'path': '/home/dxf/wheeltec_lebai_humble_2024_7_17/src/lebai-ros-sdk-humble-dev/lebai_resources', 'symlink_install': False, 'test_result_base': None}
[1.087s] Level 5:colcon.colcon_core.verb:set package 'lebai_lm3_moveit_config' build argument 'cmake_args' from command line to 'None'
[1.087s] Level 5:colcon.colcon_core.verb:set package 'lebai_lm3_moveit_config' build argument 'cmake_target' from command line to 'None'
[1.087s] Level 5:colcon.colcon_core.verb:set package 'lebai_lm3_moveit_config' build argument 'cmake_target_skip_unavailable' from command line to 'False'
[1.087s] Level 5:colcon.colcon_core.verb:set package 'lebai_lm3_moveit_config' build argument 'cmake_clean_cache' from command line to 'False'
[1.087s] Level 5:colcon.colcon_core.verb:set package 'lebai_lm3_moveit_config' build argument 'cmake_clean_first' from command line to 'False'
[1.087s] Level 5:colcon.colcon_core.verb:set package 'lebai_lm3_moveit_config' build argument 'cmake_force_configure' from command line to 'False'
[1.087s] Level 5:colcon.colcon_core.verb:set package 'lebai_lm3_moveit_config' build argument 'ament_cmake_args' from command line to 'None'
[1.087s] Level 5:colcon.colcon_core.verb:set package 'lebai_lm3_moveit_config' build argument 'catkin_cmake_args' from command line to 'None'
[1.087s] Level 5:colcon.colcon_core.verb:set package 'lebai_lm3_moveit_config' build argument 'catkin_skip_building_tests' from command line to 'False'
[1.087s] DEBUG:colcon.colcon_core.verb:Building package 'lebai_lm3_moveit_config' with the following arguments: {'ament_cmake_args': None, 'build_base': '/home/dxf/wheeltec_lebai_humble_2024_7_17/build/lebai_lm3_moveit_config', 'catkin_cmake_args': None, 'catkin_skip_building_tests': False, 'cmake_args': None, 'cmake_clean_cache': False, 'cmake_clean_first': False, 'cmake_force_configure': False, 'cmake_target': None, 'cmake_target_skip_unavailable': False, 'install_base': '/home/dxf/wheeltec_lebai_humble_2024_7_17/install/lebai_lm3_moveit_config', 'merge_install': False, 'path': '/home/dxf/wheeltec_lebai_humble_2024_7_17/src/lebai-ros-sdk-humble-dev/lebai_lm3_moveit_config', 'symlink_install': False, 'test_result_base': None}
[1.088s] Level 5:colcon.colcon_core.verb:set package 'lebai_tutorials' build argument 'cmake_args' from command line to 'None'
[1.088s] Level 5:colcon.colcon_core.verb:set package 'lebai_tutorials' build argument 'cmake_target' from command line to 'None'
[1.088s] Level 5:colcon.colcon_core.verb:set package 'lebai_tutorials' build argument 'cmake_target_skip_unavailable' from command line to 'False'
[1.088s] Level 5:colcon.colcon_core.verb:set package 'lebai_tutorials' build argument 'cmake_clean_cache' from command line to 'False'
[1.088s] Level 5:colcon.colcon_core.verb:set package 'lebai_tutorials' build argument 'cmake_clean_first' from command line to 'False'
[1.088s] Level 5:colcon.colcon_core.verb:set package 'lebai_tutorials' build argument 'cmake_force_configure' from command line to 'False'
[1.088s] Level 5:colcon.colcon_core.verb:set package 'lebai_tutorials' build argument 'ament_cmake_args' from command line to 'None'
[1.088s] Level 5:colcon.colcon_core.verb:set package 'lebai_tutorials' build argument 'catkin_cmake_args' from command line to 'None'
[1.088s] Level 5:colcon.colcon_core.verb:set package 'lebai_tutorials' build argument 'catkin_skip_building_tests' from command line to 'False'
[1.089s] DEBUG:colcon.colcon_core.verb:Building package 'lebai_tutorials' with the following arguments: {'ament_cmake_args': None, 'build_base': '/home/dxf/wheeltec_lebai_humble_2024_7_17/build/lebai_tutorials', 'catkin_cmake_args': None, 'catkin_skip_building_tests': False, 'cmake_args': None, 'cmake_clean_cache': False, 'cmake_clean_first': False, 'cmake_force_configure': False, 'cmake_target': None, 'cmake_target_skip_unavailable': False, 'install_base': '/home/dxf/wheeltec_lebai_humble_2024_7_17/install/lebai_tutorials', 'merge_install': False, 'path': '/home/dxf/wheeltec_lebai_humble_2024_7_17/src/lebai-ros-sdk-humble-dev/lebai_tutorials', 'symlink_install': False, 'test_result_base': None}
[1.089s] INFO:colcon.colcon_core.executor:Executing jobs using 'parallel' executor
[1.091s] DEBUG:colcon.colcon_parallel_executor.executor.parallel:run_until_complete
[1.092s] INFO:colcon.colcon_ros.task.ament_cmake.build:Building ROS package in '/home/dxf/wheeltec_lebai_humble_2024_7_17/src/lebai-ros-sdk-humble-dev/lebai_interfaces' with build type 'ament_cmake'
[1.092s] INFO:colcon.colcon_cmake.task.cmake.build:Building CMake package in '/home/dxf/wheeltec_lebai_humble_2024_7_17/src/lebai-ros-sdk-humble-dev/lebai_interfaces'
[1.099s] INFO:colcon.colcon_core.plugin_system:Skipping extension 'colcon_core.shell.bat': Not used on non-Windows systems
[1.099s] INFO:colcon.colcon_core.shell:Skip shell extension 'powershell' for command environment: Not usable outside of PowerShell
[1.100s] DEBUG:colcon.colcon_core.shell:Skip shell extension 'dsv' for command environment
[1.118s] INFO:colcon.colcon_ros.task.ament_cmake.build:Building ROS package in '/home/dxf/wheeltec_lebai_humble_2024_7_17/src/lebai-ros-sdk-humble-dev/lebai_lm3_support' with build type 'ament_cmake'
[1.118s] INFO:colcon.colcon_cmake.task.cmake.build:Building CMake package in '/home/dxf/wheeltec_lebai_humble_2024_7_17/src/lebai-ros-sdk-humble-dev/lebai_lm3_support'
[1.119s] INFO:colcon.colcon_core.shell:Skip shell extension 'powershell' for command environment: Not usable outside of PowerShell
[1.119s] DEBUG:colcon.colcon_core.shell:Skip shell extension 'dsv' for command environment
[1.136s] INFO:colcon.colcon_ros.task.ament_cmake.build:Building ROS package in '/home/dxf/wheeltec_lebai_humble_2024_7_17/src/arm_demo' with build type 'ament_cmake'
[1.137s] INFO:colcon.colcon_cmake.task.cmake.build:Building CMake package in '/home/dxf/wheeltec_lebai_humble_2024_7_17/src/arm_demo'
[1.137s] INFO:colcon.colcon_core.shell:Skip shell extension 'powershell' for command environment: Not usable outside of PowerShell
[1.137s] DEBUG:colcon.colcon_core.shell:Skip shell extension 'dsv' for command environment
[1.154s] INFO:colcon.colcon_ros.task.ament_cmake.build:Building ROS package in '/home/dxf/wheeltec_lebai_humble_2024_7_17/src/grab_demo' with build type 'ament_cmake'
[1.155s] INFO:colcon.colcon_cmake.task.cmake.build:Building CMake package in '/home/dxf/wheeltec_lebai_humble_2024_7_17/src/grab_demo'
[1.155s] INFO:colcon.colcon_core.shell:Skip shell extension 'powershell' for command environment: Not usable outside of PowerShell
[1.155s] DEBUG:colcon.colcon_core.shell:Skip shell extension 'dsv' for command environment
[1.172s] INFO:colcon.colcon_ros.task.ament_python.build:Building ROS package in '/home/dxf/wheeltec_lebai_humble_2024_7_17/src/lebai-ros-sdk-humble-dev/lebai_driver' with build type 'ament_python'
[1.173s] Level 1:colcon.colcon_core.shell:create_environment_hook('lebai_driver', 'ament_prefix_path')
[1.173s] INFO:colcon.colcon_core.shell:Creating environment hook '/home/dxf/wheeltec_lebai_humble_2024_7_17/install/lebai_driver/share/lebai_driver/hook/ament_prefix_path.ps1'
[1.175s] INFO:colcon.colcon_core.shell:Creating environment descriptor '/home/dxf/wheeltec_lebai_humble_2024_7_17/install/lebai_driver/share/lebai_driver/hook/ament_prefix_path.dsv'
[1.176s] INFO:colcon.colcon_core.shell:Creating environment hook '/home/dxf/wheeltec_lebai_humble_2024_7_17/install/lebai_driver/share/lebai_driver/hook/ament_prefix_path.sh'
[1.178s] INFO:colcon.colcon_core.shell:Skip shell extension 'powershell' for command environment: Not usable outside of PowerShell
[1.178s] DEBUG:colcon.colcon_core.shell:Skip shell extension 'dsv' for command environment
[1.196s] INFO:colcon.colcon_ros.task.ament_cmake.build:Building ROS package in '/home/dxf/wheeltec_lebai_humble_2024_7_17/src/lebai-ros-sdk-humble-dev/lebai_resources' with build type 'ament_cmake'
[1.196s] INFO:colcon.colcon_cmake.task.cmake.build:Building CMake package in '/home/dxf/wheeltec_lebai_humble_2024_7_17/src/lebai-ros-sdk-humble-dev/lebai_resources'
[1.197s] INFO:colcon.colcon_core.shell:Skip shell extension 'powershell' for command environment: Not usable outside of PowerShell
[1.197s] DEBUG:colcon.colcon_core.shell:Skip shell extension 'dsv' for command environment
[1.222s] DEBUG:colcon.colcon_core.event_handler.log_command:Invoking command in '/home/dxf/wheeltec_lebai_humble_2024_7_17/build/lebai_interfaces': CMAKE_PREFIX_PATH=${CMAKE_PREFIX_PATH}:/home/dxf/WHEELTEC_S300Pro_mini_ros2_arm_src_2025_9_15/install/opencv_tests:/home/dxf/WHEELTEC_S300Pro_mini/install/wheeltec_robot_keyboard:/home/dxf/WHEELTEC_S300Pro_mini/install/simple_follower_ros2:/home/dxf/WHEELTEC_S300Pro_mini/install/ollama_ros_chat:/home/dxf/WHEELTEC_S300Pro_mini/install/nav2_waypoint_cycle:/home/dxf/WHEELTEC_S300Pro_mini/install/auto_recharge_ros2:/opt/ros/humble /usr/bin/cmake /home/dxf/wheeltec_lebai_humble_2024_7_17/src/lebai-ros-sdk-humble-dev/lebai_interfaces -DCMAKE_INSTALL_PREFIX=/home/dxf/wheeltec_lebai_humble_2024_7_17/install/lebai_interfaces
[1.231s] DEBUG:colcon.colcon_core.event_handler.log_command:Invoking command in '/home/dxf/wheeltec_lebai_humble_2024_7_17/build/lebai_lm3_support': CMAKE_PREFIX_PATH=${CMAKE_PREFIX_PATH}:/home/dxf/WHEELTEC_S300Pro_mini_ros2_arm_src_2025_9_15/install/opencv_tests:/home/dxf/WHEELTEC_S300Pro_mini/install/wheeltec_robot_keyboard:/home/dxf/WHEELTEC_S300Pro_mini/install/simple_follower_ros2:/home/dxf/WHEELTEC_S300Pro_mini/install/ollama_ros_chat:/home/dxf/WHEELTEC_S300Pro_mini/install/nav2_waypoint_cycle:/home/dxf/WHEELTEC_S300Pro_mini/install/auto_recharge_ros2:/opt/ros/humble /usr/bin/cmake /home/dxf/wheeltec_lebai_humble_2024_7_17/src/lebai-ros-sdk-humble-dev/lebai_lm3_support -DCMAKE_INSTALL_PREFIX=/home/dxf/wheeltec_lebai_humble_2024_7_17/install/lebai_lm3_support
[1.238s] DEBUG:colcon.colcon_core.event_handler.log_command:Invoking command in '/home/dxf/wheeltec_lebai_humble_2024_7_17/build/arm_demo': CMAKE_PREFIX_PATH=${CMAKE_PREFIX_PATH}:/home/dxf/WHEELTEC_S300Pro_mini_ros2_arm_src_2025_9_15/install/opencv_tests:/home/dxf/WHEELTEC_S300Pro_mini/install/wheeltec_robot_keyboard:/home/dxf/WHEELTEC_S300Pro_mini/install/simple_follower_ros2:/home/dxf/WHEELTEC_S300Pro_mini/install/ollama_ros_chat:/home/dxf/WHEELTEC_S300Pro_mini/install/nav2_waypoint_cycle:/home/dxf/WHEELTEC_S300Pro_mini/install/auto_recharge_ros2:/opt/ros/humble /usr/bin/cmake /home/dxf/wheeltec_lebai_humble_2024_7_17/src/arm_demo -DCMAKE_INSTALL_PREFIX=/home/dxf/wheeltec_lebai_humble_2024_7_17/install/arm_demo
[1.244s] DEBUG:colcon.colcon_core.event_handler.log_command:Invoking command in '/home/dxf/wheeltec_lebai_humble_2024_7_17/build/grab_demo': CMAKE_PREFIX_PATH=${CMAKE_PREFIX_PATH}:/home/dxf/WHEELTEC_S300Pro_mini_ros2_arm_src_2025_9_15/install/opencv_tests:/home/dxf/WHEELTEC_S300Pro_mini/install/wheeltec_robot_keyboard:/home/dxf/WHEELTEC_S300Pro_mini/install/simple_follower_ros2:/home/dxf/WHEELTEC_S300Pro_mini/install/ollama_ros_chat:/home/dxf/WHEELTEC_S300Pro_mini/install/nav2_waypoint_cycle:/home/dxf/WHEELTEC_S300Pro_mini/install/auto_recharge_ros2:/opt/ros/humble /usr/bin/cmake /home/dxf/wheeltec_lebai_humble_2024_7_17/src/grab_demo -DCMAKE_INSTALL_PREFIX=/home/dxf/wheeltec_lebai_humble_2024_7_17/install/grab_demo
[1.991s] INFO:colcon.colcon_core.task.python.build:Building Python package in '/home/dxf/wheeltec_lebai_humble_2024_7_17/src/lebai-ros-sdk-humble-dev/lebai_driver'
[1.992s] INFO:colcon.colcon_core.shell:Skip shell extension 'powershell' for command environment: Not usable outside of PowerShell
[1.992s] DEBUG:colcon.colcon_core.shell:Skip shell extension 'dsv' for command environment
[2.065s] DEBUG:colcon.colcon_core.event_handler.log_command:Invoking command in '/home/dxf/wheeltec_lebai_humble_2024_7_17/build/lebai_resources': CMAKE_PREFIX_PATH=${CMAKE_PREFIX_PATH}:/home/dxf/WHEELTEC_S300Pro_mini_ros2_arm_src_2025_9_15/install/opencv_tests:/home/dxf/WHEELTEC_S300Pro_mini/install/wheeltec_robot_keyboard:/home/dxf/WHEELTEC_S300Pro_mini/install/simple_follower_ros2:/home/dxf/WHEELTEC_S300Pro_mini/install/ollama_ros_chat:/home/dxf/WHEELTEC_S300Pro_mini/install/nav2_waypoint_cycle:/home/dxf/WHEELTEC_S300Pro_mini/install/auto_recharge_ros2:/opt/ros/humble /usr/bin/cmake /home/dxf/wheeltec_lebai_humble_2024_7_17/src/lebai-ros-sdk-humble-dev/lebai_resources -DCMAKE_INSTALL_PREFIX=/home/dxf/wheeltec_lebai_humble_2024_7_17/install/lebai_resources
[3.304s] DEBUG:colcon.colcon_core.event_handler.log_command:Invoking command in '/home/dxf/wheeltec_lebai_humble_2024_7_17/src/lebai-ros-sdk-humble-dev/lebai_driver': PYTHONPATH=/home/dxf/wheeltec_lebai_humble_2024_7_17/build/lebai_driver/prefix_override:/usr/lib/python3/dist-packages/colcon_core/task/python/colcon_distutils_commands:/home/dxf/wheeltec_lebai_humble_2024_7_17/install/lebai_driver/lib/python3.10/site-packages:${PYTHONPATH} /usr/bin/python3 -W ignore:setup.py install is deprecated -W ignore:easy_install command is deprecated setup.py egg_info --egg-base ../../../build/lebai_driver build --build-base /home/dxf/wheeltec_lebai_humble_2024_7_17/build/lebai_driver/build install --record /home/dxf/wheeltec_lebai_humble_2024_7_17/build/lebai_driver/install.log --single-version-externally-managed install_data
[3.424s] DEBUG:colcon.colcon_core.event_handler.log_command:Invoked command in '/home/dxf/wheeltec_lebai_humble_2024_7_17/build/lebai_lm3_support' returned '0': CMAKE_PREFIX_PATH=${CMAKE_PREFIX_PATH}:/home/dxf/WHEELTEC_S300Pro_mini_ros2_arm_src_2025_9_15/install/opencv_tests:/home/dxf/WHEELTEC_S300Pro_mini/install/wheeltec_robot_keyboard:/home/dxf/WHEELTEC_S300Pro_mini/install/simple_follower_ros2:/home/dxf/WHEELTEC_S300Pro_mini/install/ollama_ros_chat:/home/dxf/WHEELTEC_S300Pro_mini/install/nav2_waypoint_cycle:/home/dxf/WHEELTEC_S300Pro_mini/install/auto_recharge_ros2:/opt/ros/humble /usr/bin/cmake /home/dxf/wheeltec_lebai_humble_2024_7_17/src/lebai-ros-sdk-humble-dev/lebai_lm3_support -DCMAKE_INSTALL_PREFIX=/home/dxf/wheeltec_lebai_humble_2024_7_17/install/lebai_lm3_support
[3.425s] DEBUG:colcon.colcon_core.event_handler.log_command:Invoking command in '/home/dxf/wheeltec_lebai_humble_2024_7_17/build/lebai_lm3_support': CMAKE_PREFIX_PATH=${CMAKE_PREFIX_PATH}:/home/dxf/WHEELTEC_S300Pro_mini_ros2_arm_src_2025_9_15/install/opencv_tests:/home/dxf/WHEELTEC_S300Pro_mini/install/wheeltec_robot_keyboard:/home/dxf/WHEELTEC_S300Pro_mini/install/simple_follower_ros2:/home/dxf/WHEELTEC_S300Pro_mini/install/ollama_ros_chat:/home/dxf/WHEELTEC_S300Pro_mini/install/nav2_waypoint_cycle:/home/dxf/WHEELTEC_S300Pro_mini/install/auto_recharge_ros2:/opt/ros/humble /usr/bin/cmake --build /home/dxf/wheeltec_lebai_humble_2024_7_17/build/lebai_lm3_support -- -j6 -l6
[4.162s] Level 1:colcon.colcon_core.environment:checking '/home/dxf/wheeltec_lebai_humble_2024_7_17/install/lebai_driver' for CMake module files
[4.163s] DEBUG:colcon.colcon_core.event_handler.log_command:Invoked command in '/home/dxf/wheeltec_lebai_humble_2024_7_17/src/lebai-ros-sdk-humble-dev/lebai_driver' returned '0': PYTHONPATH=/home/dxf/wheeltec_lebai_humble_2024_7_17/build/lebai_driver/prefix_override:/usr/lib/python3/dist-packages/colcon_core/task/python/colcon_distutils_commands:/home/dxf/wheeltec_lebai_humble_2024_7_17/install/lebai_driver/lib/python3.10/site-packages:${PYTHONPATH} /usr/bin/python3 -W ignore:setup.py install is deprecated -W ignore:easy_install command is deprecated setup.py egg_info --egg-base ../../../build/lebai_driver build --build-base /home/dxf/wheeltec_lebai_humble_2024_7_17/build/lebai_driver/build install --record /home/dxf/wheeltec_lebai_humble_2024_7_17/build/lebai_driver/install.log --single-version-externally-managed install_data
[4.164s] Level 1:colcon.colcon_core.environment:checking '/home/dxf/wheeltec_lebai_humble_2024_7_17/install/lebai_driver' for CMake config files
[4.166s] Level 1:colcon.colcon_core.environment:checking '/home/dxf/wheeltec_lebai_humble_2024_7_17/install/lebai_driver/lib'
[4.166s] Level 1:colcon.colcon_core.environment:checking '/home/dxf/wheeltec_lebai_humble_2024_7_17/install/lebai_driver/bin'
[4.167s] Level 1:colcon.colcon_core.environment:checking '/home/dxf/wheeltec_lebai_humble_2024_7_17/install/lebai_driver/lib/pkgconfig/lebai_driver.pc'
[4.167s] Level 1:colcon.colcon_core.environment:checking '/home/dxf/wheeltec_lebai_humble_2024_7_17/install/lebai_driver/lib/python3.10/site-packages'
[4.167s] Level 1:colcon.colcon_core.shell:create_environment_hook('lebai_driver', 'pythonpath')
[4.168s] INFO:colcon.colcon_core.shell:Creating environment hook '/home/dxf/wheeltec_lebai_humble_2024_7_17/install/lebai_driver/share/lebai_driver/hook/pythonpath.ps1'
[4.169s] INFO:colcon.colcon_core.shell:Creating environment descriptor '/home/dxf/wheeltec_lebai_humble_2024_7_17/install/lebai_driver/share/lebai_driver/hook/pythonpath.dsv'
[4.169s] INFO:colcon.colcon_core.shell:Creating environment hook '/home/dxf/wheeltec_lebai_humble_2024_7_17/install/lebai_driver/share/lebai_driver/hook/pythonpath.sh'
[4.171s] Level 1:colcon.colcon_core.environment:checking '/home/dxf/wheeltec_lebai_humble_2024_7_17/install/lebai_driver/bin'
[4.172s] Level 1:colcon.colcon_core.environment:create_environment_scripts_only(lebai_driver)
[4.172s] INFO:colcon.colcon_core.shell:Creating package script '/home/dxf/wheeltec_lebai_humble_2024_7_17/install/lebai_driver/share/lebai_driver/package.ps1'
[4.174s] INFO:colcon.colcon_core.shell:Creating package descriptor '/home/dxf/wheeltec_lebai_humble_2024_7_17/install/lebai_driver/share/lebai_driver/package.dsv'
[4.176s] INFO:colcon.colcon_core.shell:Creating package script '/home/dxf/wheeltec_lebai_humble_2024_7_17/install/lebai_driver/share/lebai_driver/package.sh'
[4.177s] INFO:colcon.colcon_core.shell:Creating package script '/home/dxf/wheeltec_lebai_humble_2024_7_17/install/lebai_driver/share/lebai_driver/package.bash'
[4.179s] INFO:colcon.colcon_core.shell:Creating package script '/home/dxf/wheeltec_lebai_humble_2024_7_17/install/lebai_driver/share/lebai_driver/package.zsh'
[4.180s] Level 1:colcon.colcon_core.environment:create_file_with_runtime_dependencies(/home/dxf/wheeltec_lebai_humble_2024_7_17/install/lebai_driver/share/colcon-core/packages/lebai_driver)
[4.187s] DEBUG:colcon.colcon_core.event_handler.log_command:Invoked command in '/home/dxf/wheeltec_lebai_humble_2024_7_17/build/lebai_lm3_support' returned '0': CMAKE_PREFIX_PATH=${CMAKE_PREFIX_PATH}:/home/dxf/WHEELTEC_S300Pro_mini_ros2_arm_src_2025_9_15/install/opencv_tests:/home/dxf/WHEELTEC_S300Pro_mini/install/wheeltec_robot_keyboard:/home/dxf/WHEELTEC_S300Pro_mini/install/simple_follower_ros2:/home/dxf/WHEELTEC_S300Pro_mini/install/ollama_ros_chat:/home/dxf/WHEELTEC_S300Pro_mini/install/nav2_waypoint_cycle:/home/dxf/WHEELTEC_S300Pro_mini/install/auto_recharge_ros2:/opt/ros/humble /usr/bin/cmake --build /home/dxf/wheeltec_lebai_humble_2024_7_17/build/lebai_lm3_support -- -j6 -l6
[4.215s] DEBUG:colcon.colcon_core.event_handler.log_command:Invoking command in '/home/dxf/wheeltec_lebai_humble_2024_7_17/build/lebai_lm3_support': CMAKE_PREFIX_PATH=${CMAKE_PREFIX_PATH}:/home/dxf/WHEELTEC_S300Pro_mini_ros2_arm_src_2025_9_15/install/opencv_tests:/home/dxf/WHEELTEC_S300Pro_mini/install/wheeltec_robot_keyboard:/home/dxf/WHEELTEC_S300Pro_mini/install/simple_follower_ros2:/home/dxf/WHEELTEC_S300Pro_mini/install/ollama_ros_chat:/home/dxf/WHEELTEC_S300Pro_mini/install/nav2_waypoint_cycle:/home/dxf/WHEELTEC_S300Pro_mini/install/auto_recharge_ros2:/opt/ros/humble /usr/bin/cmake --install /home/dxf/wheeltec_lebai_humble_2024_7_17/build/lebai_lm3_support
[4.303s] DEBUG:colcon.colcon_core.event_handler.log_command:Invoked command in '/home/dxf/wheeltec_lebai_humble_2024_7_17/build/lebai_resources' returned '0': CMAKE_PREFIX_PATH=${CMAKE_PREFIX_PATH}:/home/dxf/WHEELTEC_S300Pro_mini_ros2_arm_src_2025_9_15/install/opencv_tests:/home/dxf/WHEELTEC_S300Pro_mini/install/wheeltec_robot_keyboard:/home/dxf/WHEELTEC_S300Pro_mini/install/simple_follower_ros2:/home/dxf/WHEELTEC_S300Pro_mini/install/ollama_ros_chat:/home/dxf/WHEELTEC_S300Pro_mini/install/nav2_waypoint_cycle:/home/dxf/WHEELTEC_S300Pro_mini/install/auto_recharge_ros2:/opt/ros/humble /usr/bin/cmake /home/dxf/wheeltec_lebai_humble_2024_7_17/src/lebai-ros-sdk-humble-dev/lebai_resources -DCMAKE_INSTALL_PREFIX=/home/dxf/wheeltec_lebai_humble_2024_7_17/install/lebai_resources
[4.304s] DEBUG:colcon.colcon_core.event_handler.log_command:Invoking command in '/home/dxf/wheeltec_lebai_humble_2024_7_17/build/lebai_resources': CMAKE_PREFIX_PATH=${CMAKE_PREFIX_PATH}:/home/dxf/WHEELTEC_S300Pro_mini_ros2_arm_src_2025_9_15/install/opencv_tests:/home/dxf/WHEELTEC_S300Pro_mini/install/wheeltec_robot_keyboard:/home/dxf/WHEELTEC_S300Pro_mini/install/simple_follower_ros2:/home/dxf/WHEELTEC_S300Pro_mini/install/ollama_ros_chat:/home/dxf/WHEELTEC_S300Pro_mini/install/nav2_waypoint_cycle:/home/dxf/WHEELTEC_S300Pro_mini/install/auto_recharge_ros2:/opt/ros/humble /usr/bin/cmake --build /home/dxf/wheeltec_lebai_humble_2024_7_17/build/lebai_resources -- -j6 -l6
[4.380s] Level 1:colcon.colcon_core.environment:create_environment_scripts_only(lebai_lm3_support)
[4.381s] Level 1:colcon.colcon_core.environment:checking '/home/dxf/wheeltec_lebai_humble_2024_7_17/install/lebai_lm3_support' for CMake module files
[4.382s] DEBUG:colcon.colcon_core.event_handler.log_command:Invoked command in '/home/dxf/wheeltec_lebai_humble_2024_7_17/build/lebai_lm3_support' returned '0': CMAKE_PREFIX_PATH=${CMAKE_PREFIX_PATH}:/home/dxf/WHEELTEC_S300Pro_mini_ros2_arm_src_2025_9_15/install/opencv_tests:/home/dxf/WHEELTEC_S300Pro_mini/install/wheeltec_robot_keyboard:/home/dxf/WHEELTEC_S300Pro_mini/install/simple_follower_ros2:/home/dxf/WHEELTEC_S300Pro_mini/install/ollama_ros_chat:/home/dxf/WHEELTEC_S300Pro_mini/install/nav2_waypoint_cycle:/home/dxf/WHEELTEC_S300Pro_mini/install/auto_recharge_ros2:/opt/ros/humble /usr/bin/cmake --install /home/dxf/wheeltec_lebai_humble_2024_7_17/build/lebai_lm3_support
[4.383s] Level 1:colcon.colcon_core.environment:checking '/home/dxf/wheeltec_lebai_humble_2024_7_17/install/lebai_lm3_support' for CMake config files
[4.384s] Level 1:colcon.colcon_core.shell:create_environment_hook('lebai_lm3_support', 'cmake_prefix_path')
[4.384s] INFO:colcon.colcon_core.shell:Creating environment hook '/home/dxf/wheeltec_lebai_humble_2024_7_17/install/lebai_lm3_support/share/lebai_lm3_support/hook/cmake_prefix_path.ps1'
[4.386s] INFO:colcon.colcon_core.shell:Creating environment descriptor '/home/dxf/wheeltec_lebai_humble_2024_7_17/install/lebai_lm3_support/share/lebai_lm3_support/hook/cmake_prefix_path.dsv'
[4.387s] INFO:colcon.colcon_core.shell:Creating environment hook '/home/dxf/wheeltec_lebai_humble_2024_7_17/install/lebai_lm3_support/share/lebai_lm3_support/hook/cmake_prefix_path.sh'
[4.388s] Level 1:colcon.colcon_core.environment:checking '/home/dxf/wheeltec_lebai_humble_2024_7_17/install/lebai_lm3_support/bin'
[4.389s] Level 1:colcon.colcon_core.environment:checking '/home/dxf/wheeltec_lebai_humble_2024_7_17/install/lebai_lm3_support/lib/pkgconfig/lebai_lm3_support.pc'
[4.389s] Level 1:colcon.colcon_core.environment:checking '/home/dxf/wheeltec_lebai_humble_2024_7_17/install/lebai_lm3_support/lib/python3.10/site-packages'
[4.390s] Level 1:colcon.colcon_core.environment:checking '/home/dxf/wheeltec_lebai_humble_2024_7_17/install/lebai_lm3_support/bin'
[4.395s] INFO:colcon.colcon_core.shell:Creating package script '/home/dxf/wheeltec_lebai_humble_2024_7_17/install/lebai_lm3_support/share/lebai_lm3_support/package.ps1'
[4.396s] INFO:colcon.colcon_core.shell:Creating package descriptor '/home/dxf/wheeltec_lebai_humble_2024_7_17/install/lebai_lm3_support/share/lebai_lm3_support/package.dsv'
[4.397s] INFO:colcon.colcon_core.shell:Creating package script '/home/dxf/wheeltec_lebai_humble_2024_7_17/install/lebai_lm3_support/share/lebai_lm3_support/package.sh'
[4.398s] INFO:colcon.colcon_core.shell:Creating package script '/home/dxf/wheeltec_lebai_humble_2024_7_17/install/lebai_lm3_support/share/lebai_lm3_support/package.bash'
[4.399s] INFO:colcon.colcon_core.shell:Creating package script '/home/dxf/wheeltec_lebai_humble_2024_7_17/install/lebai_lm3_support/share/lebai_lm3_support/package.zsh'
[4.400s] Level 1:colcon.colcon_core.environment:create_file_with_runtime_dependencies(/home/dxf/wheeltec_lebai_humble_2024_7_17/install/lebai_lm3_support/share/colcon-core/packages/lebai_lm3_support)
[4.402s] Level 1:colcon.colcon_core.environment:create_environment_scripts_only(lebai_lm3_support)
[4.402s] Level 1:colcon.colcon_core.environment:checking '/home/dxf/wheeltec_lebai_humble_2024_7_17/install/lebai_lm3_support' for CMake module files
[4.403s] Level 1:colcon.colcon_core.environment:checking '/home/dxf/wheeltec_lebai_humble_2024_7_17/install/lebai_lm3_support' for CMake config files
[4.404s] Level 1:colcon.colcon_core.shell:create_environment_hook('lebai_lm3_support', 'cmake_prefix_path')
[4.404s] INFO:colcon.colcon_core.shell:Creating environment hook '/home/dxf/wheeltec_lebai_humble_2024_7_17/install/lebai_lm3_support/share/lebai_lm3_support/hook/cmake_prefix_path.ps1'
[4.405s] INFO:colcon.colcon_core.shell:Creating environment descriptor '/home/dxf/wheeltec_lebai_humble_2024_7_17/install/lebai_lm3_support/share/lebai_lm3_support/hook/cmake_prefix_path.dsv'
[4.408s] INFO:colcon.colcon_core.shell:Creating environment hook '/home/dxf/wheeltec_lebai_humble_2024_7_17/install/lebai_lm3_support/share/lebai_lm3_support/hook/cmake_prefix_path.sh'
[4.409s] Level 1:colcon.colcon_core.environment:checking '/home/dxf/wheeltec_lebai_humble_2024_7_17/install/lebai_lm3_support/bin'
[4.409s] Level 1:colcon.colcon_core.environment:checking '/home/dxf/wheeltec_lebai_humble_2024_7_17/install/lebai_lm3_support/lib/pkgconfig/lebai_lm3_support.pc'
[4.410s] Level 1:colcon.colcon_core.environment:checking '/home/dxf/wheeltec_lebai_humble_2024_7_17/install/lebai_lm3_support/lib/python3.10/site-packages'
[4.411s] Level 1:colcon.colcon_core.environment:checking '/home/dxf/wheeltec_lebai_humble_2024_7_17/install/lebai_lm3_support/bin'
[4.411s] INFO:colcon.colcon_core.shell:Creating package script '/home/dxf/wheeltec_lebai_humble_2024_7_17/install/lebai_lm3_support/share/lebai_lm3_support/package.ps1'
[4.413s] INFO:colcon.colcon_core.shell:Creating package descriptor '/home/dxf/wheeltec_lebai_humble_2024_7_17/install/lebai_lm3_support/share/lebai_lm3_support/package.dsv'
[4.415s] INFO:colcon.colcon_core.shell:Creating package script '/home/dxf/wheeltec_lebai_humble_2024_7_17/install/lebai_lm3_support/share/lebai_lm3_support/package.sh'
[4.416s] INFO:colcon.colcon_core.shell:Creating package script '/home/dxf/wheeltec_lebai_humble_2024_7_17/install/lebai_lm3_support/share/lebai_lm3_support/package.bash'
[4.417s] INFO:colcon.colcon_core.shell:Creating package script '/home/dxf/wheeltec_lebai_humble_2024_7_17/install/lebai_lm3_support/share/lebai_lm3_support/package.zsh'
[4.418s] Level 1:colcon.colcon_core.environment:create_file_with_runtime_dependencies(/home/dxf/wheeltec_lebai_humble_2024_7_17/install/lebai_lm3_support/share/colcon-core/packages/lebai_lm3_support)
[4.420s] INFO:colcon.colcon_ros.task.ament_cmake.build:Building ROS package in '/home/dxf/wheeltec_lebai_humble_2024_7_17/src/lebai-ros-sdk-humble-dev/lebai_lm3_moveit_config' with build type 'ament_cmake'
[4.420s] INFO:colcon.colcon_cmake.task.cmake.build:Building CMake package in '/home/dxf/wheeltec_lebai_humble_2024_7_17/src/lebai-ros-sdk-humble-dev/lebai_lm3_moveit_config'
[4.421s] INFO:colcon.colcon_core.shell:Skip shell extension 'powershell' for command environment: Not usable outside of PowerShell
[4.421s] DEBUG:colcon.colcon_core.shell:Skip shell extension 'dsv' for command environment
[4.448s] DEBUG:colcon.colcon_core.event_handler.log_command:Invoked command in '/home/dxf/wheeltec_lebai_humble_2024_7_17/build/lebai_resources' returned '0': CMAKE_PREFIX_PATH=${CMAKE_PREFIX_PATH}:/home/dxf/WHEELTEC_S300Pro_mini_ros2_arm_src_2025_9_15/install/opencv_tests:/home/dxf/WHEELTEC_S300Pro_mini/install/wheeltec_robot_keyboard:/home/dxf/WHEELTEC_S300Pro_mini/install/simple_follower_ros2:/home/dxf/WHEELTEC_S300Pro_mini/install/ollama_ros_chat:/home/dxf/WHEELTEC_S300Pro_mini/install/nav2_waypoint_cycle:/home/dxf/WHEELTEC_S300Pro_mini/install/auto_recharge_ros2:/opt/ros/humble /usr/bin/cmake --build /home/dxf/wheeltec_lebai_humble_2024_7_17/build/lebai_resources -- -j6 -l6
[4.449s] DEBUG:colcon.colcon_core.event_handler.log_command:Invoking command in '/home/dxf/wheeltec_lebai_humble_2024_7_17/build/lebai_resources': CMAKE_PREFIX_PATH=${CMAKE_PREFIX_PATH}:/home/dxf/WHEELTEC_S300Pro_mini_ros2_arm_src_2025_9_15/install/opencv_tests:/home/dxf/WHEELTEC_S300Pro_mini/install/wheeltec_robot_keyboard:/home/dxf/WHEELTEC_S300Pro_mini/install/simple_follower_ros2:/home/dxf/WHEELTEC_S300Pro_mini/install/ollama_ros_chat:/home/dxf/WHEELTEC_S300Pro_mini/install/nav2_waypoint_cycle:/home/dxf/WHEELTEC_S300Pro_mini/install/auto_recharge_ros2:/opt/ros/humble /usr/bin/cmake --install /home/dxf/wheeltec_lebai_humble_2024_7_17/build/lebai_resources
[4.456s] DEBUG:colcon.colcon_core.event_handler.log_command:Invoking command in '/home/dxf/wheeltec_lebai_humble_2024_7_17/build/lebai_lm3_moveit_config': AMENT_PREFIX_PATH=/home/dxf/wheeltec_lebai_humble_2024_7_17/install/lebai_lm3_support:${AMENT_PREFIX_PATH} CMAKE_PREFIX_PATH=/home/dxf/wheeltec_lebai_humble_2024_7_17/install/lebai_lm3_support:/home/dxf/WHEELTEC_S300Pro_mini_ros2_arm_src_2025_9_15/install/vision_opencv:/home/dxf/WHEELTEC_S300Pro_mini_ros2_arm_src_2025_9_15/install/trac_ik:/home/dxf/WHEELTEC_S300Pro_mini_ros2_arm_src_2025_9_15/install/trac_ik_kinematics:/home/dxf/WHEELTEC_S300Pro_mini_ros2_arm_src_2025_9_15/install/trac_ik_examples:/home/dxf/WHEELTEC_S300Pro_mini_ros2_arm_src_2025_9_15/install/trac_ik_lib:/home/dxf/WHEELTEC_S300Pro_mini_ros2_arm_src_2025_9_15/install/s300_pro_moveit2_config:/home/dxf/WHEELTEC_S300Pro_mini_ros2_arm_src_2025_9_15/install/s300_mini_moveit2_config:/home/dxf/WHEELTEC_S300Pro_mini_ros2_arm_src_2025_9_15/install/rm_example:/home/dxf/WHEELTEC_S300Pro_mini_ros2_arm_src_2025_9_15/install/rm_driver:/home/dxf/WHEELTEC_S300Pro_mini_ros2_arm_src_2025_9_15/install/rm_control:/home/dxf/WHEELTEC_S300Pro_mini_ros2_arm_src_2025_9_15/install/get_arm_state:/home/dxf/WHEELTEC_S300Pro_mini_ros2_arm_src_2025_9_15/install/force_position_control:/home/dxf/WHEELTEC_S300Pro_mini_ros2_arm_src_2025_9_15/install/control_arm_move:/home/dxf/WHEELTEC_S300Pro_mini_ros2_arm_src_2025_9_15/install/rm_ros_interfaces:/home/dxf/WHEELTEC_S300Pro_mini_ros2_arm_src_2025_9_15/install/rm_install:/home/dxf/WHEELTEC_S300Pro_mini_ros2_arm_src_2025_9_15/install/rm_gazebo:/home/dxf/WHEELTEC_S300Pro_mini_ros2_arm_src_2025_9_15/install/rm_eco65_moveit2_config:/home/dxf/WHEELTEC_S300Pro_mini_ros2_arm_src_2025_9_15/install/rm_doc:/home/dxf/WHEELTEC_S300Pro_mini_ros2_arm_src_2025_9_15/install/rm_description:/home/dxf/WHEELTEC_S300Pro_mini_ros2_arm_src_2025_9_15/install/rm_bringup:/home/dxf/WHEELTEC_S300Pro_mini_ros2_arm_src_2025_9_15/install/image_geometry:/home/dxf/WHEELTEC_S300Pro_mini_ros2_arm_src_2025_9_15/install/cv_bridge:/home/dxf/WHEELTEC_S300Pro_mini_ros2_arm_src_2025_9_15/install/arm_demo:/usr/local/opencv410:/usr/local/opencv410:/home/dxf/WHEELTEC_S300Pro_mini/install/yesense_std_ros2:/home/dxf/WHEELTEC_S300Pro_mini/install/yesense_interface:/home/dxf/WHEELTEC_S300Pro_mini/install/wheeltec_ultrasonic:/home/dxf/WHEELTEC_S300Pro_mini/install/wheeltec_slam_toolbox:/home/dxf/WHEELTEC_S300Pro_mini/install/wheeltec_rviz2:/home/dxf/WHEELTEC_S300Pro_mini/install/wheeltec_rrt_msg:/home/dxf/WHEELTEC_S300Pro_mini/install/wheeltec_robot_rtab:/home/dxf/WHEELTEC_S300Pro_mini/install/wheeltec_robot_rrt:/home/dxf/WHEELTEC_S300Pro_mini/install/wheeltec_robot_kcf:/home/dxf/WHEELTEC_S300Pro_mini/install/wheeltec_path_follow:/home/dxf/WHEELTEC_S300Pro_mini/install/wheeltec_nav2:/home/dxf/WHEELTEC_S300Pro_mini/install/wheeltec_mic_ros2:/home/dxf/WHEELTEC_S300Pro_mini/install/wheeltec_mic_msg:/home/dxf/WHEELTEC_S300Pro_mini/install/wheeltec_joy:/home/dxf/WHEELTEC_S300Pro_mini/install/wheeltec_cartographer:/home/dxf/WHEELTEC_S300Pro_mini/install/web_video_server:/home/dxf/WHEELTEC_S300Pro_mini/install/usb_cam:/home/dxf/WHEELTEC_S300Pro_mini/install/turn_on_wheeltec_robot:/home/dxf/WHEELTEC_S300Pro_mini/install/slam_gmapping:/home/dxf/WHEELTEC_S300Pro_mini/install/bodyreader:/home/dxf/WHEELTEC_S300Pro_mini/install/serial:/home/dxf/WHEELTEC_S300Pro_mini/install/robot_interfaces:/home/dxf/WHEELTEC_S300Pro_mini/install/rm_description:/home/dxf/WHEELTEC_S300Pro_mini/install/qt_ros_test:/home/dxf/WHEELTEC_S300Pro_mini/install/orb_slam2_ros:/home/dxf/WHEELTEC_S300Pro_mini/install/openslam_gmapping:/home/dxf/WHEELTEC_S300Pro_mini/install/ollama_ros_msgs:/home/dxf/WHEELTEC_S300Pro_mini/install/lslidar_driver:/home/dxf/WHEELTEC_S300Pro_mini/install/lslidar_msgs:/home/dxf/WHEELTEC_S300Pro_mini/install/ldlidar_stl_ros2:/home/dxf/WHEELTEC_S300Pro_mini/install/ldlidar_sl_ros2:/home/dxf/WHEELTEC_S300Pro_mini/install/double_lidar_fusion:/home/dxf/WHEELTEC_S300Pro_mini/install/bodyreader_msg:/home/dxf/WHEELTEC_S300Pro_mini/install/astra_camera:/home/dxf/WHEELTEC_S300Pro_mini/install/astra_camera_msgs:/home/dxf/WHEELTEC_S300Pro_mini/install/aruco_ros:/home/dxf/WHEELTEC_S300Pro_mini/install/aruco_msgs:/home/dxf/WHEELTEC_S300Pro_mini/install/aruco:/home/dxf/WHEELTEC_S300Pro_mini_ros2_arm_src_2025_9_15/install/opencv_tests:/home/dxf/WHEELTEC_S300Pro_mini/install/wheeltec_robot_keyboard:/home/dxf/WHEELTEC_S300Pro_mini/install/simple_follower_ros2:/home/dxf/WHEELTEC_S300Pro_mini/install/ollama_ros_chat:/home/dxf/WHEELTEC_S300Pro_mini/install/nav2_waypoint_cycle:/home/dxf/WHEELTEC_S300Pro_mini/install/auto_recharge_ros2:/opt/ros/humble /usr/bin/cmake /home/dxf/wheeltec_lebai_humble_2024_7_17/src/lebai-ros-sdk-humble-dev/lebai_lm3_moveit_config -DCMAKE_INSTALL_PREFIX=/home/dxf/wheeltec_lebai_humble_2024_7_17/install/lebai_lm3_moveit_config
[4.481s] Level 1:colcon.colcon_core.environment:create_environment_scripts_only(lebai_resources)
[4.481s] Level 1:colcon.colcon_core.environment:checking '/home/dxf/wheeltec_lebai_humble_2024_7_17/install/lebai_resources' for CMake module files
[4.482s] DEBUG:colcon.colcon_core.event_handler.log_command:Invoked command in '/home/dxf/wheeltec_lebai_humble_2024_7_17/build/lebai_resources' returned '0': CMAKE_PREFIX_PATH=${CMAKE_PREFIX_PATH}:/home/dxf/WHEELTEC_S300Pro_mini_ros2_arm_src_2025_9_15/install/opencv_tests:/home/dxf/WHEELTEC_S300Pro_mini/install/wheeltec_robot_keyboard:/home/dxf/WHEELTEC_S300Pro_mini/install/simple_follower_ros2:/home/dxf/WHEELTEC_S300Pro_mini/install/ollama_ros_chat:/home/dxf/WHEELTEC_S300Pro_mini/install/nav2_waypoint_cycle:/home/dxf/WHEELTEC_S300Pro_mini/install/auto_recharge_ros2:/opt/ros/humble /usr/bin/cmake --install /home/dxf/wheeltec_lebai_humble_2024_7_17/build/lebai_resources
[4.483s] Level 1:colcon.colcon_core.environment:checking '/home/dxf/wheeltec_lebai_humble_2024_7_17/install/lebai_resources' for CMake config files
[4.483s] Level 1:colcon.colcon_core.shell:create_environment_hook('lebai_resources', 'cmake_prefix_path')
[4.484s] INFO:colcon.colcon_core.shell:Creating environment hook '/home/dxf/wheeltec_lebai_humble_2024_7_17/install/lebai_resources/share/lebai_resources/hook/cmake_prefix_path.ps1'
[4.485s] INFO:colcon.colcon_core.shell:Creating environment descriptor '/home/dxf/wheeltec_lebai_humble_2024_7_17/install/lebai_resources/share/lebai_resources/hook/cmake_prefix_path.dsv'
[4.486s] INFO:colcon.colcon_core.shell:Creating environment hook '/home/dxf/wheeltec_lebai_humble_2024_7_17/install/lebai_resources/share/lebai_resources/hook/cmake_prefix_path.sh'
[4.487s] Level 1:colcon.colcon_core.environment:checking '/home/dxf/wheeltec_lebai_humble_2024_7_17/install/lebai_resources/bin'
[4.487s] Level 1:colcon.colcon_core.environment:checking '/home/dxf/wheeltec_lebai_humble_2024_7_17/install/lebai_resources/lib/pkgconfig/lebai_resources.pc'
[4.488s] Level 1:colcon.colcon_core.environment:checking '/home/dxf/wheeltec_lebai_humble_2024_7_17/install/lebai_resources/lib/python3.10/site-packages'
[4.489s] Level 1:colcon.colcon_core.environment:checking '/home/dxf/wheeltec_lebai_humble_2024_7_17/install/lebai_resources/bin'
[4.490s] INFO:colcon.colcon_core.shell:Creating package script '/home/dxf/wheeltec_lebai_humble_2024_7_17/install/lebai_resources/share/lebai_resources/package.ps1'
[4.491s] INFO:colcon.colcon_core.shell:Creating package descriptor '/home/dxf/wheeltec_lebai_humble_2024_7_17/install/lebai_resources/share/lebai_resources/package.dsv'
[4.492s] INFO:colcon.colcon_core.shell:Creating package script '/home/dxf/wheeltec_lebai_humble_2024_7_17/install/lebai_resources/share/lebai_resources/package.sh'
[4.492s] INFO:colcon.colcon_core.shell:Creating package script '/home/dxf/wheeltec_lebai_humble_2024_7_17/install/lebai_resources/share/lebai_resources/package.bash'
[4.493s] INFO:colcon.colcon_core.shell:Creating package script '/home/dxf/wheeltec_lebai_humble_2024_7_17/install/lebai_resources/share/lebai_resources/package.zsh'
[4.494s] Level 1:colcon.colcon_core.environment:create_file_with_runtime_dependencies(/home/dxf/wheeltec_lebai_humble_2024_7_17/install/lebai_resources/share/colcon-core/packages/lebai_resources)
[4.495s] Level 1:colcon.colcon_core.environment:create_environment_scripts_only(lebai_resources)
[4.496s] Level 1:colcon.colcon_core.environment:checking '/home/dxf/wheeltec_lebai_humble_2024_7_17/install/lebai_resources' for CMake module files
[4.496s] Level 1:colcon.colcon_core.environment:checking '/home/dxf/wheeltec_lebai_humble_2024_7_17/install/lebai_resources' for CMake config files
[4.497s] Level 1:colcon.colcon_core.shell:create_environment_hook('lebai_resources', 'cmake_prefix_path')
[4.497s] INFO:colcon.colcon_core.shell:Creating environment hook '/home/dxf/wheeltec_lebai_humble_2024_7_17/install/lebai_resources/share/lebai_resources/hook/cmake_prefix_path.ps1'
[4.498s] INFO:colcon.colcon_core.shell:Creating environment descriptor '/home/dxf/wheeltec_lebai_humble_2024_7_17/install/lebai_resources/share/lebai_resources/hook/cmake_prefix_path.dsv'
[4.499s] INFO:colcon.colcon_core.shell:Creating environment hook '/home/dxf/wheeltec_lebai_humble_2024_7_17/install/lebai_resources/share/lebai_resources/hook/cmake_prefix_path.sh'
[4.500s] Level 1:colcon.colcon_core.environment:checking '/home/dxf/wheeltec_lebai_humble_2024_7_17/install/lebai_resources/bin'
[4.500s] Level 1:colcon.colcon_core.environment:checking '/home/dxf/wheeltec_lebai_humble_2024_7_17/install/lebai_resources/lib/pkgconfig/lebai_resources.pc'
[4.501s] Level 1:colcon.colcon_core.environment:checking '/home/dxf/wheeltec_lebai_humble_2024_7_17/install/lebai_resources/lib/python3.10/site-packages'
[4.501s] Level 1:colcon.colcon_core.environment:checking '/home/dxf/wheeltec_lebai_humble_2024_7_17/install/lebai_resources/bin'
[4.502s] INFO:colcon.colcon_core.shell:Creating package script '/home/dxf/wheeltec_lebai_humble_2024_7_17/install/lebai_resources/share/lebai_resources/package.ps1'
[4.504s] INFO:colcon.colcon_core.shell:Creating package descriptor '/home/dxf/wheeltec_lebai_humble_2024_7_17/install/lebai_resources/share/lebai_resources/package.dsv'
[4.505s] INFO:colcon.colcon_core.shell:Creating package script '/home/dxf/wheeltec_lebai_humble_2024_7_17/install/lebai_resources/share/lebai_resources/package.sh'
[4.506s] INFO:colcon.colcon_core.shell:Creating package script '/home/dxf/wheeltec_lebai_humble_2024_7_17/install/lebai_resources/share/lebai_resources/package.bash'
[4.508s] INFO:colcon.colcon_core.shell:Creating package script '/home/dxf/wheeltec_lebai_humble_2024_7_17/install/lebai_resources/share/lebai_resources/package.zsh'
[4.508s] Level 1:colcon.colcon_core.environment:create_file_with_runtime_dependencies(/home/dxf/wheeltec_lebai_humble_2024_7_17/install/lebai_resources/share/colcon-core/packages/lebai_resources)
[6.224s] DEBUG:colcon.colcon_core.event_handler.log_command:Invoked command in '/home/dxf/wheeltec_lebai_humble_2024_7_17/build/lebai_lm3_moveit_config' returned '0': AMENT_PREFIX_PATH=/home/dxf/wheeltec_lebai_humble_2024_7_17/install/lebai_lm3_support:${AMENT_PREFIX_PATH} CMAKE_PREFIX_PATH=/home/dxf/wheeltec_lebai_humble_2024_7_17/install/lebai_lm3_support:/home/dxf/WHEELTEC_S300Pro_mini_ros2_arm_src_2025_9_15/install/vision_opencv:/home/dxf/WHEELTEC_S300Pro_mini_ros2_arm_src_2025_9_15/install/trac_ik:/home/dxf/WHEELTEC_S300Pro_mini_ros2_arm_src_2025_9_15/install/trac_ik_kinematics:/home/dxf/WHEELTEC_S300Pro_mini_ros2_arm_src_2025_9_15/install/trac_ik_examples:/home/dxf/WHEELTEC_S300Pro_mini_ros2_arm_src_2025_9_15/install/trac_ik_lib:/home/dxf/WHEELTEC_S300Pro_mini_ros2_arm_src_2025_9_15/install/s300_pro_moveit2_config:/home/dxf/WHEELTEC_S300Pro_mini_ros2_arm_src_2025_9_15/install/s300_mini_moveit2_config:/home/dxf/WHEELTEC_S300Pro_mini_ros2_arm_src_2025_9_15/install/rm_example:/home/dxf/WHEELTEC_S300Pro_mini_ros2_arm_src_2025_9_15/install/rm_driver:/home/dxf/WHEELTEC_S300Pro_mini_ros2_arm_src_2025_9_15/install/rm_control:/home/dxf/WHEELTEC_S300Pro_mini_ros2_arm_src_2025_9_15/install/get_arm_state:/home/dxf/WHEELTEC_S300Pro_mini_ros2_arm_src_2025_9_15/install/force_position_control:/home/dxf/WHEELTEC_S300Pro_mini_ros2_arm_src_2025_9_15/install/control_arm_move:/home/dxf/WHEELTEC_S300Pro_mini_ros2_arm_src_2025_9_15/install/rm_ros_interfaces:/home/dxf/WHEELTEC_S300Pro_mini_ros2_arm_src_2025_9_15/install/rm_install:/home/dxf/WHEELTEC_S300Pro_mini_ros2_arm_src_2025_9_15/install/rm_gazebo:/home/dxf/WHEELTEC_S300Pro_mini_ros2_arm_src_2025_9_15/install/rm_eco65_moveit2_config:/home/dxf/WHEELTEC_S300Pro_mini_ros2_arm_src_2025_9_15/install/rm_doc:/home/dxf/WHEELTEC_S300Pro_mini_ros2_arm_src_2025_9_15/install/rm_description:/home/dxf/WHEELTEC_S300Pro_mini_ros2_arm_src_2025_9_15/install/rm_bringup:/home/dxf/WHEELTEC_S300Pro_mini_ros2_arm_src_2025_9_15/install/image_geometry:/home/dxf/WHEELTEC_S300Pro_mini_ros2_arm_src_2025_9_15/install/cv_bridge:/home/dxf/WHEELTEC_S300Pro_mini_ros2_arm_src_2025_9_15/install/arm_demo:/usr/local/opencv410:/usr/local/opencv410:/home/dxf/WHEELTEC_S300Pro_mini/install/yesense_std_ros2:/home/dxf/WHEELTEC_S300Pro_mini/install/yesense_interface:/home/dxf/WHEELTEC_S300Pro_mini/install/wheeltec_ultrasonic:/home/dxf/WHEELTEC_S300Pro_mini/install/wheeltec_slam_toolbox:/home/dxf/WHEELTEC_S300Pro_mini/install/wheeltec_rviz2:/home/dxf/WHEELTEC_S300Pro_mini/install/wheeltec_rrt_msg:/home/dxf/WHEELTEC_S300Pro_mini/install/wheeltec_robot_rtab:/home/dxf/WHEELTEC_S300Pro_mini/install/wheeltec_robot_rrt:/home/dxf/WHEELTEC_S300Pro_mini/install/wheeltec_robot_kcf:/home/dxf/WHEELTEC_S300Pro_mini/install/wheeltec_path_follow:/home/dxf/WHEELTEC_S300Pro_mini/install/wheeltec_nav2:/home/dxf/WHEELTEC_S300Pro_mini/install/wheeltec_mic_ros2:/home/dxf/WHEELTEC_S300Pro_mini/install/wheeltec_mic_msg:/home/dxf/WHEELTEC_S300Pro_mini/install/wheeltec_joy:/home/dxf/WHEELTEC_S300Pro_mini/install/wheeltec_cartographer:/home/dxf/WHEELTEC_S300Pro_mini/install/web_video_server:/home/dxf/WHEELTEC_S300Pro_mini/install/usb_cam:/home/dxf/WHEELTEC_S300Pro_mini/install/turn_on_wheeltec_robot:/home/dxf/WHEELTEC_S300Pro_mini/install/slam_gmapping:/home/dxf/WHEELTEC_S300Pro_mini/install/bodyreader:/home/dxf/WHEELTEC_S300Pro_mini/install/serial:/home/dxf/WHEELTEC_S300Pro_mini/install/robot_interfaces:/home/dxf/WHEELTEC_S300Pro_mini/install/rm_description:/home/dxf/WHEELTEC_S300Pro_mini/install/qt_ros_test:/home/dxf/WHEELTEC_S300Pro_mini/install/orb_slam2_ros:/home/dxf/WHEELTEC_S300Pro_mini/install/openslam_gmapping:/home/dxf/WHEELTEC_S300Pro_mini/install/ollama_ros_msgs:/home/dxf/WHEELTEC_S300Pro_mini/install/lslidar_driver:/home/dxf/WHEELTEC_S300Pro_mini/install/lslidar_msgs:/home/dxf/WHEELTEC_S300Pro_mini/install/ldlidar_stl_ros2:/home/dxf/WHEELTEC_S300Pro_mini/install/ldlidar_sl_ros2:/home/dxf/WHEELTEC_S300Pro_mini/install/double_lidar_fusion:/home/dxf/WHEELTEC_S300Pro_mini/install/bodyreader_msg:/home/dxf/WHEELTEC_S300Pro_mini/install/astra_camera:/home/dxf/WHEELTEC_S300Pro_mini/install/astra_camera_msgs:/home/dxf/WHEELTEC_S300Pro_mini/install/aruco_ros:/home/dxf/WHEELTEC_S300Pro_mini/install/aruco_msgs:/home/dxf/WHEELTEC_S300Pro_mini/install/aruco:/home/dxf/WHEELTEC_S300Pro_mini_ros2_arm_src_2025_9_15/install/opencv_tests:/home/dxf/WHEELTEC_S300Pro_mini/install/wheeltec_robot_keyboard:/home/dxf/WHEELTEC_S300Pro_mini/install/simple_follower_ros2:/home/dxf/WHEELTEC_S300Pro_mini/install/ollama_ros_chat:/home/dxf/WHEELTEC_S300Pro_mini/install/nav2_waypoint_cycle:/home/dxf/WHEELTEC_S300Pro_mini/install/auto_recharge_ros2:/opt/ros/humble /usr/bin/cmake /home/dxf/wheeltec_lebai_humble_2024_7_17/src/lebai-ros-sdk-humble-dev/lebai_lm3_moveit_config -DCMAKE_INSTALL_PREFIX=/home/dxf/wheeltec_lebai_humble_2024_7_17/install/lebai_lm3_moveit_config
[6.229s] DEBUG:colcon.colcon_core.event_handler.log_command:Invoking command in '/home/dxf/wheeltec_lebai_humble_2024_7_17/build/lebai_lm3_moveit_config': AMENT_PREFIX_PATH=/home/dxf/wheeltec_lebai_humble_2024_7_17/install/lebai_lm3_support:${AMENT_PREFIX_PATH} CMAKE_PREFIX_PATH=/home/dxf/wheeltec_lebai_humble_2024_7_17/install/lebai_lm3_support:/home/dxf/WHEELTEC_S300Pro_mini_ros2_arm_src_2025_9_15/install/vision_opencv:/home/dxf/WHEELTEC_S300Pro_mini_ros2_arm_src_2025_9_15/install/trac_ik:/home/dxf/WHEELTEC_S300Pro_mini_ros2_arm_src_2025_9_15/install/trac_ik_kinematics:/home/dxf/WHEELTEC_S300Pro_mini_ros2_arm_src_2025_9_15/install/trac_ik_examples:/home/dxf/WHEELTEC_S300Pro_mini_ros2_arm_src_2025_9_15/install/trac_ik_lib:/home/dxf/WHEELTEC_S300Pro_mini_ros2_arm_src_2025_9_15/install/s300_pro_moveit2_config:/home/dxf/WHEELTEC_S300Pro_mini_ros2_arm_src_2025_9_15/install/s300_mini_moveit2_config:/home/dxf/WHEELTEC_S300Pro_mini_ros2_arm_src_2025_9_15/install/rm_example:/home/dxf/WHEELTEC_S300Pro_mini_ros2_arm_src_2025_9_15/install/rm_driver:/home/dxf/WHEELTEC_S300Pro_mini_ros2_arm_src_2025_9_15/install/rm_control:/home/dxf/WHEELTEC_S300Pro_mini_ros2_arm_src_2025_9_15/install/get_arm_state:/home/dxf/WHEELTEC_S300Pro_mini_ros2_arm_src_2025_9_15/install/force_position_control:/home/dxf/WHEELTEC_S300Pro_mini_ros2_arm_src_2025_9_15/install/control_arm_move:/home/dxf/WHEELTEC_S300Pro_mini_ros2_arm_src_2025_9_15/install/rm_ros_interfaces:/home/dxf/WHEELTEC_S300Pro_mini_ros2_arm_src_2025_9_15/install/rm_install:/home/dxf/WHEELTEC_S300Pro_mini_ros2_arm_src_2025_9_15/install/rm_gazebo:/home/dxf/WHEELTEC_S300Pro_mini_ros2_arm_src_2025_9_15/install/rm_eco65_moveit2_config:/home/dxf/WHEELTEC_S300Pro_mini_ros2_arm_src_2025_9_15/install/rm_doc:/home/dxf/WHEELTEC_S300Pro_mini_ros2_arm_src_2025_9_15/install/rm_description:/home/dxf/WHEELTEC_S300Pro_mini_ros2_arm_src_2025_9_15/install/rm_bringup:/home/dxf/WHEELTEC_S300Pro_mini_ros2_arm_src_2025_9_15/install/image_geometry:/home/dxf/WHEELTEC_S300Pro_mini_ros2_arm_src_2025_9_15/install/cv_bridge:/home/dxf/WHEELTEC_S300Pro_mini_ros2_arm_src_2025_9_15/install/arm_demo:/usr/local/opencv410:/usr/local/opencv410:/home/dxf/WHEELTEC_S300Pro_mini/install/yesense_std_ros2:/home/dxf/WHEELTEC_S300Pro_mini/install/yesense_interface:/home/dxf/WHEELTEC_S300Pro_mini/install/wheeltec_ultrasonic:/home/dxf/WHEELTEC_S300Pro_mini/install/wheeltec_slam_toolbox:/home/dxf/WHEELTEC_S300Pro_mini/install/wheeltec_rviz2:/home/dxf/WHEELTEC_S300Pro_mini/install/wheeltec_rrt_msg:/home/dxf/WHEELTEC_S300Pro_mini/install/wheeltec_robot_rtab:/home/dxf/WHEELTEC_S300Pro_mini/install/wheeltec_robot_rrt:/home/dxf/WHEELTEC_S300Pro_mini/install/wheeltec_robot_kcf:/home/dxf/WHEELTEC_S300Pro_mini/install/wheeltec_path_follow:/home/dxf/WHEELTEC_S300Pro_mini/install/wheeltec_nav2:/home/dxf/WHEELTEC_S300Pro_mini/install/wheeltec_mic_ros2:/home/dxf/WHEELTEC_S300Pro_mini/install/wheeltec_mic_msg:/home/dxf/WHEELTEC_S300Pro_mini/install/wheeltec_joy:/home/dxf/WHEELTEC_S300Pro_mini/install/wheeltec_cartographer:/home/dxf/WHEELTEC_S300Pro_mini/install/web_video_server:/home/dxf/WHEELTEC_S300Pro_mini/install/usb_cam:/home/dxf/WHEELTEC_S300Pro_mini/install/turn_on_wheeltec_robot:/home/dxf/WHEELTEC_S300Pro_mini/install/slam_gmapping:/home/dxf/WHEELTEC_S300Pro_mini/install/bodyreader:/home/dxf/WHEELTEC_S300Pro_mini/install/serial:/home/dxf/WHEELTEC_S300Pro_mini/install/robot_interfaces:/home/dxf/WHEELTEC_S300Pro_mini/install/rm_description:/home/dxf/WHEELTEC_S300Pro_mini/install/qt_ros_test:/home/dxf/WHEELTEC_S300Pro_mini/install/orb_slam2_ros:/home/dxf/WHEELTEC_S300Pro_mini/install/openslam_gmapping:/home/dxf/WHEELTEC_S300Pro_mini/install/ollama_ros_msgs:/home/dxf/WHEELTEC_S300Pro_mini/install/lslidar_driver:/home/dxf/WHEELTEC_S300Pro_mini/install/lslidar_msgs:/home/dxf/WHEELTEC_S300Pro_mini/install/ldlidar_stl_ros2:/home/dxf/WHEELTEC_S300Pro_mini/install/ldlidar_sl_ros2:/home/dxf/WHEELTEC_S300Pro_mini/install/double_lidar_fusion:/home/dxf/WHEELTEC_S300Pro_mini/install/bodyreader_msg:/home/dxf/WHEELTEC_S300Pro_mini/install/astra_camera:/home/dxf/WHEELTEC_S300Pro_mini/install/astra_camera_msgs:/home/dxf/WHEELTEC_S300Pro_mini/install/aruco_ros:/home/dxf/WHEELTEC_S300Pro_mini/install/aruco_msgs:/home/dxf/WHEELTEC_S300Pro_mini/install/aruco:/home/dxf/WHEELTEC_S300Pro_mini_ros2_arm_src_2025_9_15/install/opencv_tests:/home/dxf/WHEELTEC_S300Pro_mini/install/wheeltec_robot_keyboard:/home/dxf/WHEELTEC_S300Pro_mini/install/simple_follower_ros2:/home/dxf/WHEELTEC_S300Pro_mini/install/ollama_ros_chat:/home/dxf/WHEELTEC_S300Pro_mini/install/nav2_waypoint_cycle:/home/dxf/WHEELTEC_S300Pro_mini/install/auto_recharge_ros2:/opt/ros/humble /usr/bin/cmake --build /home/dxf/wheeltec_lebai_humble_2024_7_17/build/lebai_lm3_moveit_config -- -j6 -l6
[6.362s] DEBUG:colcon.colcon_core.event_handler.log_command:Invoked command in '/home/dxf/wheeltec_lebai_humble_2024_7_17/build/lebai_lm3_moveit_config' returned '0': AMENT_PREFIX_PATH=/home/dxf/wheeltec_lebai_humble_2024_7_17/install/lebai_lm3_support:${AMENT_PREFIX_PATH} CMAKE_PREFIX_PATH=/home/dxf/wheeltec_lebai_humble_2024_7_17/install/lebai_lm3_support:/home/dxf/WHEELTEC_S300Pro_mini_ros2_arm_src_2025_9_15/install/vision_opencv:/home/dxf/WHEELTEC_S300Pro_mini_ros2_arm_src_2025_9_15/install/trac_ik:/home/dxf/WHEELTEC_S300Pro_mini_ros2_arm_src_2025_9_15/install/trac_ik_kinematics:/home/dxf/WHEELTEC_S300Pro_mini_ros2_arm_src_2025_9_15/install/trac_ik_examples:/home/dxf/WHEELTEC_S300Pro_mini_ros2_arm_src_2025_9_15/install/trac_ik_lib:/home/dxf/WHEELTEC_S300Pro_mini_ros2_arm_src_2025_9_15/install/s300_pro_moveit2_config:/home/dxf/WHEELTEC_S300Pro_mini_ros2_arm_src_2025_9_15/install/s300_mini_moveit2_config:/home/dxf/WHEELTEC_S300Pro_mini_ros2_arm_src_2025_9_15/install/rm_example:/home/dxf/WHEELTEC_S300Pro_mini_ros2_arm_src_2025_9_15/install/rm_driver:/home/dxf/WHEELTEC_S300Pro_mini_ros2_arm_src_2025_9_15/install/rm_control:/home/dxf/WHEELTEC_S300Pro_mini_ros2_arm_src_2025_9_15/install/get_arm_state:/home/dxf/WHEELTEC_S300Pro_mini_ros2_arm_src_2025_9_15/install/force_position_control:/home/dxf/WHEELTEC_S300Pro_mini_ros2_arm_src_2025_9_15/install/control_arm_move:/home/dxf/WHEELTEC_S300Pro_mini_ros2_arm_src_2025_9_15/install/rm_ros_interfaces:/home/dxf/WHEELTEC_S300Pro_mini_ros2_arm_src_2025_9_15/install/rm_install:/home/dxf/WHEELTEC_S300Pro_mini_ros2_arm_src_2025_9_15/install/rm_gazebo:/home/dxf/WHEELTEC_S300Pro_mini_ros2_arm_src_2025_9_15/install/rm_eco65_moveit2_config:/home/dxf/WHEELTEC_S300Pro_mini_ros2_arm_src_2025_9_15/install/rm_doc:/home/dxf/WHEELTEC_S300Pro_mini_ros2_arm_src_2025_9_15/install/rm_description:/home/dxf/WHEELTEC_S300Pro_mini_ros2_arm_src_2025_9_15/install/rm_bringup:/home/dxf/WHEELTEC_S300Pro_mini_ros2_arm_src_2025_9_15/install/image_geometry:/home/dxf/WHEELTEC_S300Pro_mini_ros2_arm_src_2025_9_15/install/cv_bridge:/home/dxf/WHEELTEC_S300Pro_mini_ros2_arm_src_2025_9_15/install/arm_demo:/usr/local/opencv410:/usr/local/opencv410:/home/dxf/WHEELTEC_S300Pro_mini/install/yesense_std_ros2:/home/dxf/WHEELTEC_S300Pro_mini/install/yesense_interface:/home/dxf/WHEELTEC_S300Pro_mini/install/wheeltec_ultrasonic:/home/dxf/WHEELTEC_S300Pro_mini/install/wheeltec_slam_toolbox:/home/dxf/WHEELTEC_S300Pro_mini/install/wheeltec_rviz2:/home/dxf/WHEELTEC_S300Pro_mini/install/wheeltec_rrt_msg:/home/dxf/WHEELTEC_S300Pro_mini/install/wheeltec_robot_rtab:/home/dxf/WHEELTEC_S300Pro_mini/install/wheeltec_robot_rrt:/home/dxf/WHEELTEC_S300Pro_mini/install/wheeltec_robot_kcf:/home/dxf/WHEELTEC_S300Pro_mini/install/wheeltec_path_follow:/home/dxf/WHEELTEC_S300Pro_mini/install/wheeltec_nav2:/home/dxf/WHEELTEC_S300Pro_mini/install/wheeltec_mic_ros2:/home/dxf/WHEELTEC_S300Pro_mini/install/wheeltec_mic_msg:/home/dxf/WHEELTEC_S300Pro_mini/install/wheeltec_joy:/home/dxf/WHEELTEC_S300Pro_mini/install/wheeltec_cartographer:/home/dxf/WHEELTEC_S300Pro_mini/install/web_video_server:/home/dxf/WHEELTEC_S300Pro_mini/install/usb_cam:/home/dxf/WHEELTEC_S300Pro_mini/install/turn_on_wheeltec_robot:/home/dxf/WHEELTEC_S300Pro_mini/install/slam_gmapping:/home/dxf/WHEELTEC_S300Pro_mini/install/bodyreader:/home/dxf/WHEELTEC_S300Pro_mini/install/serial:/home/dxf/WHEELTEC_S300Pro_mini/install/robot_interfaces:/home/dxf/WHEELTEC_S300Pro_mini/install/rm_description:/home/dxf/WHEELTEC_S300Pro_mini/install/qt_ros_test:/home/dxf/WHEELTEC_S300Pro_mini/install/orb_slam2_ros:/home/dxf/WHEELTEC_S300Pro_mini/install/openslam_gmapping:/home/dxf/WHEELTEC_S300Pro_mini/install/ollama_ros_msgs:/home/dxf/WHEELTEC_S300Pro_mini/install/lslidar_driver:/home/dxf/WHEELTEC_S300Pro_mini/install/lslidar_msgs:/home/dxf/WHEELTEC_S300Pro_mini/install/ldlidar_stl_ros2:/home/dxf/WHEELTEC_S300Pro_mini/install/ldlidar_sl_ros2:/home/dxf/WHEELTEC_S300Pro_mini/install/double_lidar_fusion:/home/dxf/WHEELTEC_S300Pro_mini/install/bodyreader_msg:/home/dxf/WHEELTEC_S300Pro_mini/install/astra_camera:/home/dxf/WHEELTEC_S300Pro_mini/install/astra_camera_msgs:/home/dxf/WHEELTEC_S300Pro_mini/install/aruco_ros:/home/dxf/WHEELTEC_S300Pro_mini/install/aruco_msgs:/home/dxf/WHEELTEC_S300Pro_mini/install/aruco:/home/dxf/WHEELTEC_S300Pro_mini_ros2_arm_src_2025_9_15/install/opencv_tests:/home/dxf/WHEELTEC_S300Pro_mini/install/wheeltec_robot_keyboard:/home/dxf/WHEELTEC_S300Pro_mini/install/simple_follower_ros2:/home/dxf/WHEELTEC_S300Pro_mini/install/ollama_ros_chat:/home/dxf/WHEELTEC_S300Pro_mini/install/nav2_waypoint_cycle:/home/dxf/WHEELTEC_S300Pro_mini/install/auto_recharge_ros2:/opt/ros/humble /usr/bin/cmake --build /home/dxf/wheeltec_lebai_humble_2024_7_17/build/lebai_lm3_moveit_config -- -j6 -l6
[6.366s] DEBUG:colcon.colcon_core.event_handler.log_command:Invoking command in '/home/dxf/wheeltec_lebai_humble_2024_7_17/build/lebai_lm3_moveit_config': AMENT_PREFIX_PATH=/home/dxf/wheeltec_lebai_humble_2024_7_17/install/lebai_lm3_support:${AMENT_PREFIX_PATH} CMAKE_PREFIX_PATH=/home/dxf/wheeltec_lebai_humble_2024_7_17/install/lebai_lm3_support:/home/dxf/WHEELTEC_S300Pro_mini_ros2_arm_src_2025_9_15/install/vision_opencv:/home/dxf/WHEELTEC_S300Pro_mini_ros2_arm_src_2025_9_15/install/trac_ik:/home/dxf/WHEELTEC_S300Pro_mini_ros2_arm_src_2025_9_15/install/trac_ik_kinematics:/home/dxf/WHEELTEC_S300Pro_mini_ros2_arm_src_2025_9_15/install/trac_ik_examples:/home/dxf/WHEELTEC_S300Pro_mini_ros2_arm_src_2025_9_15/install/trac_ik_lib:/home/dxf/WHEELTEC_S300Pro_mini_ros2_arm_src_2025_9_15/install/s300_pro_moveit2_config:/home/dxf/WHEELTEC_S300Pro_mini_ros2_arm_src_2025_9_15/install/s300_mini_moveit2_config:/home/dxf/WHEELTEC_S300Pro_mini_ros2_arm_src_2025_9_15/install/rm_example:/home/dxf/WHEELTEC_S300Pro_mini_ros2_arm_src_2025_9_15/install/rm_driver:/home/dxf/WHEELTEC_S300Pro_mini_ros2_arm_src_2025_9_15/install/rm_control:/home/dxf/WHEELTEC_S300Pro_mini_ros2_arm_src_2025_9_15/install/get_arm_state:/home/dxf/WHEELTEC_S300Pro_mini_ros2_arm_src_2025_9_15/install/force_position_control:/home/dxf/WHEELTEC_S300Pro_mini_ros2_arm_src_2025_9_15/install/control_arm_move:/home/dxf/WHEELTEC_S300Pro_mini_ros2_arm_src_2025_9_15/install/rm_ros_interfaces:/home/dxf/WHEELTEC_S300Pro_mini_ros2_arm_src_2025_9_15/install/rm_install:/home/dxf/WHEELTEC_S300Pro_mini_ros2_arm_src_2025_9_15/install/rm_gazebo:/home/dxf/WHEELTEC_S300Pro_mini_ros2_arm_src_2025_9_15/install/rm_eco65_moveit2_config:/home/dxf/WHEELTEC_S300Pro_mini_ros2_arm_src_2025_9_15/install/rm_doc:/home/dxf/WHEELTEC_S300Pro_mini_ros2_arm_src_2025_9_15/install/rm_description:/home/dxf/WHEELTEC_S300Pro_mini_ros2_arm_src_2025_9_15/install/rm_bringup:/home/dxf/WHEELTEC_S300Pro_mini_ros2_arm_src_2025_9_15/install/image_geometry:/home/dxf/WHEELTEC_S300Pro_mini_ros2_arm_src_2025_9_15/install/cv_bridge:/home/dxf/WHEELTEC_S300Pro_mini_ros2_arm_src_2025_9_15/install/arm_demo:/usr/local/opencv410:/usr/local/opencv410:/home/dxf/WHEELTEC_S300Pro_mini/install/yesense_std_ros2:/home/dxf/WHEELTEC_S300Pro_mini/install/yesense_interface:/home/dxf/WHEELTEC_S300Pro_mini/install/wheeltec_ultrasonic:/home/dxf/WHEELTEC_S300Pro_mini/install/wheeltec_slam_toolbox:/home/dxf/WHEELTEC_S300Pro_mini/install/wheeltec_rviz2:/home/dxf/WHEELTEC_S300Pro_mini/install/wheeltec_rrt_msg:/home/dxf/WHEELTEC_S300Pro_mini/install/wheeltec_robot_rtab:/home/dxf/WHEELTEC_S300Pro_mini/install/wheeltec_robot_rrt:/home/dxf/WHEELTEC_S300Pro_mini/install/wheeltec_robot_kcf:/home/dxf/WHEELTEC_S300Pro_mini/install/wheeltec_path_follow:/home/dxf/WHEELTEC_S300Pro_mini/install/wheeltec_nav2:/home/dxf/WHEELTEC_S300Pro_mini/install/wheeltec_mic_ros2:/home/dxf/WHEELTEC_S300Pro_mini/install/wheeltec_mic_msg:/home/dxf/WHEELTEC_S300Pro_mini/install/wheeltec_joy:/home/dxf/WHEELTEC_S300Pro_mini/install/wheeltec_cartographer:/home/dxf/WHEELTEC_S300Pro_mini/install/web_video_server:/home/dxf/WHEELTEC_S300Pro_mini/install/usb_cam:/home/dxf/WHEELTEC_S300Pro_mini/install/turn_on_wheeltec_robot:/home/dxf/WHEELTEC_S300Pro_mini/install/slam_gmapping:/home/dxf/WHEELTEC_S300Pro_mini/install/bodyreader:/home/dxf/WHEELTEC_S300Pro_mini/install/serial:/home/dxf/WHEELTEC_S300Pro_mini/install/robot_interfaces:/home/dxf/WHEELTEC_S300Pro_mini/install/rm_description:/home/dxf/WHEELTEC_S300Pro_mini/install/qt_ros_test:/home/dxf/WHEELTEC_S300Pro_mini/install/orb_slam2_ros:/home/dxf/WHEELTEC_S300Pro_mini/install/openslam_gmapping:/home/dxf/WHEELTEC_S300Pro_mini/install/ollama_ros_msgs:/home/dxf/WHEELTEC_S300Pro_mini/install/lslidar_driver:/home/dxf/WHEELTEC_S300Pro_mini/install/lslidar_msgs:/home/dxf/WHEELTEC_S300Pro_mini/install/ldlidar_stl_ros2:/home/dxf/WHEELTEC_S300Pro_mini/install/ldlidar_sl_ros2:/home/dxf/WHEELTEC_S300Pro_mini/install/double_lidar_fusion:/home/dxf/WHEELTEC_S300Pro_mini/install/bodyreader_msg:/home/dxf/WHEELTEC_S300Pro_mini/install/astra_camera:/home/dxf/WHEELTEC_S300Pro_mini/install/astra_camera_msgs:/home/dxf/WHEELTEC_S300Pro_mini/install/aruco_ros:/home/dxf/WHEELTEC_S300Pro_mini/install/aruco_msgs:/home/dxf/WHEELTEC_S300Pro_mini/install/aruco:/home/dxf/WHEELTEC_S300Pro_mini_ros2_arm_src_2025_9_15/install/opencv_tests:/home/dxf/WHEELTEC_S300Pro_mini/install/wheeltec_robot_keyboard:/home/dxf/WHEELTEC_S300Pro_mini/install/simple_follower_ros2:/home/dxf/WHEELTEC_S300Pro_mini/install/ollama_ros_chat:/home/dxf/WHEELTEC_S300Pro_mini/install/nav2_waypoint_cycle:/home/dxf/WHEELTEC_S300Pro_mini/install/auto_recharge_ros2:/opt/ros/humble /usr/bin/cmake --install /home/dxf/wheeltec_lebai_humble_2024_7_17/build/lebai_lm3_moveit_config
[6.410s] DEBUG:colcon.colcon_core.event_handler.log_command:Invoked command in '/home/dxf/wheeltec_lebai_humble_2024_7_17/build/grab_demo' returned '1': CMAKE_PREFIX_PATH=${CMAKE_PREFIX_PATH}:/home/dxf/WHEELTEC_S300Pro_mini_ros2_arm_src_2025_9_15/install/opencv_tests:/home/dxf/WHEELTEC_S300Pro_mini/install/wheeltec_robot_keyboard:/home/dxf/WHEELTEC_S300Pro_mini/install/simple_follower_ros2:/home/dxf/WHEELTEC_S300Pro_mini/install/ollama_ros_chat:/home/dxf/WHEELTEC_S300Pro_mini/install/nav2_waypoint_cycle:/home/dxf/WHEELTEC_S300Pro_mini/install/auto_recharge_ros2:/opt/ros/humble /usr/bin/cmake /home/dxf/wheeltec_lebai_humble_2024_7_17/src/grab_demo -DCMAKE_INSTALL_PREFIX=/home/dxf/wheeltec_lebai_humble_2024_7_17/install/grab_demo
[6.415s] Level 1:colcon.colcon_core.environment:create_environment_scripts_only(lebai_lm3_moveit_config)
[6.416s] Level 1:colcon.colcon_core.environment:checking '/home/dxf/wheeltec_lebai_humble_2024_7_17/install/lebai_lm3_moveit_config' for CMake module files
[6.417s] DEBUG:colcon.colcon_core.event_handler.log_command:Invoked command in '/home/dxf/wheeltec_lebai_humble_2024_7_17/build/lebai_lm3_moveit_config' returned '0': AMENT_PREFIX_PATH=/home/dxf/wheeltec_lebai_humble_2024_7_17/install/lebai_lm3_support:${AMENT_PREFIX_PATH} CMAKE_PREFIX_PATH=/home/dxf/wheeltec_lebai_humble_2024_7_17/install/lebai_lm3_support:/home/dxf/WHEELTEC_S300Pro_mini_ros2_arm_src_2025_9_15/install/vision_opencv:/home/dxf/WHEELTEC_S300Pro_mini_ros2_arm_src_2025_9_15/install/trac_ik:/home/dxf/WHEELTEC_S300Pro_mini_ros2_arm_src_2025_9_15/install/trac_ik_kinematics:/home/dxf/WHEELTEC_S300Pro_mini_ros2_arm_src_2025_9_15/install/trac_ik_examples:/home/dxf/WHEELTEC_S300Pro_mini_ros2_arm_src_2025_9_15/install/trac_ik_lib:/home/dxf/WHEELTEC_S300Pro_mini_ros2_arm_src_2025_9_15/install/s300_pro_moveit2_config:/home/dxf/WHEELTEC_S300Pro_mini_ros2_arm_src_2025_9_15/install/s300_mini_moveit2_config:/home/dxf/WHEELTEC_S300Pro_mini_ros2_arm_src_2025_9_15/install/rm_example:/home/dxf/WHEELTEC_S300Pro_mini_ros2_arm_src_2025_9_15/install/rm_driver:/home/dxf/WHEELTEC_S300Pro_mini_ros2_arm_src_2025_9_15/install/rm_control:/home/dxf/WHEELTEC_S300Pro_mini_ros2_arm_src_2025_9_15/install/get_arm_state:/home/dxf/WHEELTEC_S300Pro_mini_ros2_arm_src_2025_9_15/install/force_position_control:/home/dxf/WHEELTEC_S300Pro_mini_ros2_arm_src_2025_9_15/install/control_arm_move:/home/dxf/WHEELTEC_S300Pro_mini_ros2_arm_src_2025_9_15/install/rm_ros_interfaces:/home/dxf/WHEELTEC_S300Pro_mini_ros2_arm_src_2025_9_15/install/rm_install:/home/dxf/WHEELTEC_S300Pro_mini_ros2_arm_src_2025_9_15/install/rm_gazebo:/home/dxf/WHEELTEC_S300Pro_mini_ros2_arm_src_2025_9_15/install/rm_eco65_moveit2_config:/home/dxf/WHEELTEC_S300Pro_mini_ros2_arm_src_2025_9_15/install/rm_doc:/home/dxf/WHEELTEC_S300Pro_mini_ros2_arm_src_2025_9_15/install/rm_description:/home/dxf/WHEELTEC_S300Pro_mini_ros2_arm_src_2025_9_15/install/rm_bringup:/home/dxf/WHEELTEC_S300Pro_mini_ros2_arm_src_2025_9_15/install/image_geometry:/home/dxf/WHEELTEC_S300Pro_mini_ros2_arm_src_2025_9_15/install/cv_bridge:/home/dxf/WHEELTEC_S300Pro_mini_ros2_arm_src_2025_9_15/install/arm_demo:/usr/local/opencv410:/usr/local/opencv410:/home/dxf/WHEELTEC_S300Pro_mini/install/yesense_std_ros2:/home/dxf/WHEELTEC_S300Pro_mini/install/yesense_interface:/home/dxf/WHEELTEC_S300Pro_mini/install/wheeltec_ultrasonic:/home/dxf/WHEELTEC_S300Pro_mini/install/wheeltec_slam_toolbox:/home/dxf/WHEELTEC_S300Pro_mini/install/wheeltec_rviz2:/home/dxf/WHEELTEC_S300Pro_mini/install/wheeltec_rrt_msg:/home/dxf/WHEELTEC_S300Pro_mini/install/wheeltec_robot_rtab:/home/dxf/WHEELTEC_S300Pro_mini/install/wheeltec_robot_rrt:/home/dxf/WHEELTEC_S300Pro_mini/install/wheeltec_robot_kcf:/home/dxf/WHEELTEC_S300Pro_mini/install/wheeltec_path_follow:/home/dxf/WHEELTEC_S300Pro_mini/install/wheeltec_nav2:/home/dxf/WHEELTEC_S300Pro_mini/install/wheeltec_mic_ros2:/home/dxf/WHEELTEC_S300Pro_mini/install/wheeltec_mic_msg:/home/dxf/WHEELTEC_S300Pro_mini/install/wheeltec_joy:/home/dxf/WHEELTEC_S300Pro_mini/install/wheeltec_cartographer:/home/dxf/WHEELTEC_S300Pro_mini/install/web_video_server:/home/dxf/WHEELTEC_S300Pro_mini/install/usb_cam:/home/dxf/WHEELTEC_S300Pro_mini/install/turn_on_wheeltec_robot:/home/dxf/WHEELTEC_S300Pro_mini/install/slam_gmapping:/home/dxf/WHEELTEC_S300Pro_mini/install/bodyreader:/home/dxf/WHEELTEC_S300Pro_mini/install/serial:/home/dxf/WHEELTEC_S300Pro_mini/install/robot_interfaces:/home/dxf/WHEELTEC_S300Pro_mini/install/rm_description:/home/dxf/WHEELTEC_S300Pro_mini/install/qt_ros_test:/home/dxf/WHEELTEC_S300Pro_mini/install/orb_slam2_ros:/home/dxf/WHEELTEC_S300Pro_mini/install/openslam_gmapping:/home/dxf/WHEELTEC_S300Pro_mini/install/ollama_ros_msgs:/home/dxf/WHEELTEC_S300Pro_mini/install/lslidar_driver:/home/dxf/WHEELTEC_S300Pro_mini/install/lslidar_msgs:/home/dxf/WHEELTEC_S300Pro_mini/install/ldlidar_stl_ros2:/home/dxf/WHEELTEC_S300Pro_mini/install/ldlidar_sl_ros2:/home/dxf/WHEELTEC_S300Pro_mini/install/double_lidar_fusion:/home/dxf/WHEELTEC_S300Pro_mini/install/bodyreader_msg:/home/dxf/WHEELTEC_S300Pro_mini/install/astra_camera:/home/dxf/WHEELTEC_S300Pro_mini/install/astra_camera_msgs:/home/dxf/WHEELTEC_S300Pro_mini/install/aruco_ros:/home/dxf/WHEELTEC_S300Pro_mini/install/aruco_msgs:/home/dxf/WHEELTEC_S300Pro_mini/install/aruco:/home/dxf/WHEELTEC_S300Pro_mini_ros2_arm_src_2025_9_15/install/opencv_tests:/home/dxf/WHEELTEC_S300Pro_mini/install/wheeltec_robot_keyboard:/home/dxf/WHEELTEC_S300Pro_mini/install/simple_follower_ros2:/home/dxf/WHEELTEC_S300Pro_mini/install/ollama_ros_chat:/home/dxf/WHEELTEC_S300Pro_mini/install/nav2_waypoint_cycle:/home/dxf/WHEELTEC_S300Pro_mini/install/auto_recharge_ros2:/opt/ros/humble /usr/bin/cmake --install /home/dxf/wheeltec_lebai_humble_2024_7_17/build/lebai_lm3_moveit_config
[6.418s] Level 1:colcon.colcon_core.environment:checking '/home/dxf/wheeltec_lebai_humble_2024_7_17/install/lebai_lm3_moveit_config' for CMake config files
[6.418s] Level 1:colcon.colcon_core.shell:create_environment_hook('lebai_lm3_moveit_config', 'cmake_prefix_path')
[6.419s] INFO:colcon.colcon_core.shell:Creating environment hook '/home/dxf/wheeltec_lebai_humble_2024_7_17/install/lebai_lm3_moveit_config/share/lebai_lm3_moveit_config/hook/cmake_prefix_path.ps1'
[6.421s] INFO:colcon.colcon_core.shell:Creating environment descriptor '/home/dxf/wheeltec_lebai_humble_2024_7_17/install/lebai_lm3_moveit_config/share/lebai_lm3_moveit_config/hook/cmake_prefix_path.dsv'
[6.422s] INFO:colcon.colcon_core.shell:Creating environment hook '/home/dxf/wheeltec_lebai_humble_2024_7_17/install/lebai_lm3_moveit_config/share/lebai_lm3_moveit_config/hook/cmake_prefix_path.sh'
[6.423s] Level 1:colcon.colcon_core.environment:checking '/home/dxf/wheeltec_lebai_humble_2024_7_17/install/lebai_lm3_moveit_config/bin'
[6.423s] Level 1:colcon.colcon_core.environment:checking '/home/dxf/wheeltec_lebai_humble_2024_7_17/install/lebai_lm3_moveit_config/lib/pkgconfig/lebai_lm3_moveit_config.pc'
[6.424s] Level 1:colcon.colcon_core.environment:checking '/home/dxf/wheeltec_lebai_humble_2024_7_17/install/lebai_lm3_moveit_config/lib/python3.10/site-packages'
[6.425s] Level 1:colcon.colcon_core.environment:checking '/home/dxf/wheeltec_lebai_humble_2024_7_17/install/lebai_lm3_moveit_config/bin'
[6.426s] INFO:colcon.colcon_core.shell:Creating package script '/home/dxf/wheeltec_lebai_humble_2024_7_17/install/lebai_lm3_moveit_config/share/lebai_lm3_moveit_config/package.ps1'
[6.427s] INFO:colcon.colcon_core.shell:Creating package descriptor '/home/dxf/wheeltec_lebai_humble_2024_7_17/install/lebai_lm3_moveit_config/share/lebai_lm3_moveit_config/package.dsv'
[6.429s] INFO:colcon.colcon_core.shell:Creating package script '/home/dxf/wheeltec_lebai_humble_2024_7_17/install/lebai_lm3_moveit_config/share/lebai_lm3_moveit_config/package.sh'
[6.430s] INFO:colcon.colcon_core.shell:Creating package script '/home/dxf/wheeltec_lebai_humble_2024_7_17/install/lebai_lm3_moveit_config/share/lebai_lm3_moveit_config/package.bash'
[6.431s] INFO:colcon.colcon_core.shell:Creating package script '/home/dxf/wheeltec_lebai_humble_2024_7_17/install/lebai_lm3_moveit_config/share/lebai_lm3_moveit_config/package.zsh'
[6.431s] Level 1:colcon.colcon_core.environment:create_file_with_runtime_dependencies(/home/dxf/wheeltec_lebai_humble_2024_7_17/install/lebai_lm3_moveit_config/share/colcon-core/packages/lebai_lm3_moveit_config)
[6.433s] Level 1:colcon.colcon_core.environment:create_environment_scripts_only(lebai_lm3_moveit_config)
[6.434s] Level 1:colcon.colcon_core.environment:checking '/home/dxf/wheeltec_lebai_humble_2024_7_17/install/lebai_lm3_moveit_config' for CMake module files
[6.435s] Level 1:colcon.colcon_core.environment:checking '/home/dxf/wheeltec_lebai_humble_2024_7_17/install/lebai_lm3_moveit_config' for CMake config files
[6.435s] Level 1:colcon.colcon_core.shell:create_environment_hook('lebai_lm3_moveit_config', 'cmake_prefix_path')
[6.436s] INFO:colcon.colcon_core.shell:Creating environment hook '/home/dxf/wheeltec_lebai_humble_2024_7_17/install/lebai_lm3_moveit_config/share/lebai_lm3_moveit_config/hook/cmake_prefix_path.ps1'
[6.437s] INFO:colcon.colcon_core.shell:Creating environment descriptor '/home/dxf/wheeltec_lebai_humble_2024_7_17/install/lebai_lm3_moveit_config/share/lebai_lm3_moveit_config/hook/cmake_prefix_path.dsv'
[6.438s] INFO:colcon.colcon_core.shell:Creating environment hook '/home/dxf/wheeltec_lebai_humble_2024_7_17/install/lebai_lm3_moveit_config/share/lebai_lm3_moveit_config/hook/cmake_prefix_path.sh'
[6.440s] Level 1:colcon.colcon_core.environment:checking '/home/dxf/wheeltec_lebai_humble_2024_7_17/install/lebai_lm3_moveit_config/bin'
[6.440s] Level 1:colcon.colcon_core.environment:checking '/home/dxf/wheeltec_lebai_humble_2024_7_17/install/lebai_lm3_moveit_config/lib/pkgconfig/lebai_lm3_moveit_config.pc'
[6.441s] Level 1:colcon.colcon_core.environment:checking '/home/dxf/wheeltec_lebai_humble_2024_7_17/install/lebai_lm3_moveit_config/lib/python3.10/site-packages'
[6.441s] Level 1:colcon.colcon_core.environment:checking '/home/dxf/wheeltec_lebai_humble_2024_7_17/install/lebai_lm3_moveit_config/bin'
[6.442s] INFO:colcon.colcon_core.shell:Creating package script '/home/dxf/wheeltec_lebai_humble_2024_7_17/install/lebai_lm3_moveit_config/share/lebai_lm3_moveit_config/package.ps1'
[6.443s] INFO:colcon.colcon_core.shell:Creating package descriptor '/home/dxf/wheeltec_lebai_humble_2024_7_17/install/lebai_lm3_moveit_config/share/lebai_lm3_moveit_config/package.dsv'
[6.445s] INFO:colcon.colcon_core.shell:Creating package script '/home/dxf/wheeltec_lebai_humble_2024_7_17/install/lebai_lm3_moveit_config/share/lebai_lm3_moveit_config/package.sh'
[6.447s] INFO:colcon.colcon_core.shell:Creating package script '/home/dxf/wheeltec_lebai_humble_2024_7_17/install/lebai_lm3_moveit_config/share/lebai_lm3_moveit_config/package.bash'
[6.448s] INFO:colcon.colcon_core.shell:Creating package script '/home/dxf/wheeltec_lebai_humble_2024_7_17/install/lebai_lm3_moveit_config/share/lebai_lm3_moveit_config/package.zsh'
[6.449s] Level 1:colcon.colcon_core.environment:create_file_with_runtime_dependencies(/home/dxf/wheeltec_lebai_humble_2024_7_17/install/lebai_lm3_moveit_config/share/colcon-core/packages/lebai_lm3_moveit_config)
[6.453s] Level 1:colcon.colcon_core.environment:create_environment_scripts_only(grab_demo)
[6.454s] Level 1:colcon.colcon_core.environment:checking '/home/dxf/wheeltec_lebai_humble_2024_7_17/install/grab_demo' for CMake module files
[6.455s] Level 1:colcon.colcon_core.environment:checking '/home/dxf/wheeltec_lebai_humble_2024_7_17/install/grab_demo' for CMake config files
[6.455s] Level 1:colcon.colcon_core.environment:checking '/home/dxf/wheeltec_lebai_humble_2024_7_17/install/grab_demo/bin'
[6.455s] Level 1:colcon.colcon_core.environment:checking '/home/dxf/wheeltec_lebai_humble_2024_7_17/install/grab_demo/lib/pkgconfig/grab_demo.pc'
[6.456s] Level 1:colcon.colcon_core.environment:checking '/home/dxf/wheeltec_lebai_humble_2024_7_17/install/grab_demo/lib/python3.10/site-packages'
[6.457s] Level 1:colcon.colcon_core.environment:checking '/home/dxf/wheeltec_lebai_humble_2024_7_17/install/grab_demo/bin'
[6.457s] INFO:colcon.colcon_core.shell:Creating package script '/home/dxf/wheeltec_lebai_humble_2024_7_17/install/grab_demo/share/grab_demo/package.ps1'
[6.459s] INFO:colcon.colcon_core.shell:Creating package descriptor '/home/dxf/wheeltec_lebai_humble_2024_7_17/install/grab_demo/share/grab_demo/package.dsv'
[6.460s] INFO:colcon.colcon_core.shell:Creating package script '/home/dxf/wheeltec_lebai_humble_2024_7_17/install/grab_demo/share/grab_demo/package.sh'
[6.461s] INFO:colcon.colcon_core.shell:Creating package script '/home/dxf/wheeltec_lebai_humble_2024_7_17/install/grab_demo/share/grab_demo/package.bash'
[6.462s] INFO:colcon.colcon_core.shell:Creating package script '/home/dxf/wheeltec_lebai_humble_2024_7_17/install/grab_demo/share/grab_demo/package.zsh'
[6.463s] Level 1:colcon.colcon_core.environment:create_file_with_runtime_dependencies(/home/dxf/wheeltec_lebai_humble_2024_7_17/install/grab_demo/share/colcon-core/packages/grab_demo)
[7.613s] DEBUG:colcon.colcon_core.event_handler.log_command:Invoked command in '/home/dxf/wheeltec_lebai_humble_2024_7_17/build/lebai_interfaces' returned '0': CMAKE_PREFIX_PATH=${CMAKE_PREFIX_PATH}:/home/dxf/WHEELTEC_S300Pro_mini_ros2_arm_src_2025_9_15/install/opencv_tests:/home/dxf/WHEELTEC_S300Pro_mini/install/wheeltec_robot_keyboard:/home/dxf/WHEELTEC_S300Pro_mini/install/simple_follower_ros2:/home/dxf/WHEELTEC_S300Pro_mini/install/ollama_ros_chat:/home/dxf/WHEELTEC_S300Pro_mini/install/nav2_waypoint_cycle:/home/dxf/WHEELTEC_S300Pro_mini/install/auto_recharge_ros2:/opt/ros/humble /usr/bin/cmake /home/dxf/wheeltec_lebai_humble_2024_7_17/src/lebai-ros-sdk-humble-dev/lebai_interfaces -DCMAKE_INSTALL_PREFIX=/home/dxf/wheeltec_lebai_humble_2024_7_17/install/lebai_interfaces
[7.616s] DEBUG:colcon.colcon_core.event_handler.log_command:Invoking command in '/home/dxf/wheeltec_lebai_humble_2024_7_17/build/lebai_interfaces': CMAKE_PREFIX_PATH=${CMAKE_PREFIX_PATH}:/home/dxf/WHEELTEC_S300Pro_mini_ros2_arm_src_2025_9_15/install/opencv_tests:/home/dxf/WHEELTEC_S300Pro_mini/install/wheeltec_robot_keyboard:/home/dxf/WHEELTEC_S300Pro_mini/install/simple_follower_ros2:/home/dxf/WHEELTEC_S300Pro_mini/install/ollama_ros_chat:/home/dxf/WHEELTEC_S300Pro_mini/install/nav2_waypoint_cycle:/home/dxf/WHEELTEC_S300Pro_mini/install/auto_recharge_ros2:/opt/ros/humble /usr/bin/cmake --build /home/dxf/wheeltec_lebai_humble_2024_7_17/build/lebai_interfaces -- -j6 -l6
[8.411s] DEBUG:colcon.colcon_core.event_handler.log_command:Invoked command in '/home/dxf/wheeltec_lebai_humble_2024_7_17/build/arm_demo' returned '0': CMAKE_PREFIX_PATH=${CMAKE_PREFIX_PATH}:/home/dxf/WHEELTEC_S300Pro_mini_ros2_arm_src_2025_9_15/install/opencv_tests:/home/dxf/WHEELTEC_S300Pro_mini/install/wheeltec_robot_keyboard:/home/dxf/WHEELTEC_S300Pro_mini/install/simple_follower_ros2:/home/dxf/WHEELTEC_S300Pro_mini/install/ollama_ros_chat:/home/dxf/WHEELTEC_S300Pro_mini/install/nav2_waypoint_cycle:/home/dxf/WHEELTEC_S300Pro_mini/install/auto_recharge_ros2:/opt/ros/humble /usr/bin/cmake /home/dxf/wheeltec_lebai_humble_2024_7_17/src/arm_demo -DCMAKE_INSTALL_PREFIX=/home/dxf/wheeltec_lebai_humble_2024_7_17/install/arm_demo
[8.414s] DEBUG:colcon.colcon_core.event_handler.log_command:Invoking command in '/home/dxf/wheeltec_lebai_humble_2024_7_17/build/arm_demo': CMAKE_PREFIX_PATH=${CMAKE_PREFIX_PATH}:/home/dxf/WHEELTEC_S300Pro_mini_ros2_arm_src_2025_9_15/install/opencv_tests:/home/dxf/WHEELTEC_S300Pro_mini/install/wheeltec_robot_keyboard:/home/dxf/WHEELTEC_S300Pro_mini/install/simple_follower_ros2:/home/dxf/WHEELTEC_S300Pro_mini/install/ollama_ros_chat:/home/dxf/WHEELTEC_S300Pro_mini/install/nav2_waypoint_cycle:/home/dxf/WHEELTEC_S300Pro_mini/install/auto_recharge_ros2:/opt/ros/humble /usr/bin/cmake --build /home/dxf/wheeltec_lebai_humble_2024_7_17/build/arm_demo -- -j6 -l6
[50.705s] DEBUG:colcon.colcon_core.event_handler.log_command:Invoked command in '/home/dxf/wheeltec_lebai_humble_2024_7_17/build/lebai_interfaces' returned '0': CMAKE_PREFIX_PATH=${CMAKE_PREFIX_PATH}:/home/dxf/WHEELTEC_S300Pro_mini_ros2_arm_src_2025_9_15/install/opencv_tests:/home/dxf/WHEELTEC_S300Pro_mini/install/wheeltec_robot_keyboard:/home/dxf/WHEELTEC_S300Pro_mini/install/simple_follower_ros2:/home/dxf/WHEELTEC_S300Pro_mini/install/ollama_ros_chat:/home/dxf/WHEELTEC_S300Pro_mini/install/nav2_waypoint_cycle:/home/dxf/WHEELTEC_S300Pro_mini/install/auto_recharge_ros2:/opt/ros/humble /usr/bin/cmake --build /home/dxf/wheeltec_lebai_humble_2024_7_17/build/lebai_interfaces -- -j6 -l6
[50.742s] DEBUG:colcon.colcon_core.event_handler.log_command:Invoking command in '/home/dxf/wheeltec_lebai_humble_2024_7_17/build/lebai_interfaces': CMAKE_PREFIX_PATH=${CMAKE_PREFIX_PATH}:/home/dxf/WHEELTEC_S300Pro_mini_ros2_arm_src_2025_9_15/install/opencv_tests:/home/dxf/WHEELTEC_S300Pro_mini/install/wheeltec_robot_keyboard:/home/dxf/WHEELTEC_S300Pro_mini/install/simple_follower_ros2:/home/dxf/WHEELTEC_S300Pro_mini/install/ollama_ros_chat:/home/dxf/WHEELTEC_S300Pro_mini/install/nav2_waypoint_cycle:/home/dxf/WHEELTEC_S300Pro_mini/install/auto_recharge_ros2:/opt/ros/humble /usr/bin/cmake --install /home/dxf/wheeltec_lebai_humble_2024_7_17/build/lebai_interfaces
[51.311s] Level 1:colcon.colcon_core.environment:create_environment_scripts_only(lebai_interfaces)
[51.324s] DEBUG:colcon.colcon_core.event_handler.log_command:Invoked command in '/home/dxf/wheeltec_lebai_humble_2024_7_17/build/lebai_interfaces' returned '0': CMAKE_PREFIX_PATH=${CMAKE_PREFIX_PATH}:/home/dxf/WHEELTEC_S300Pro_mini_ros2_arm_src_2025_9_15/install/opencv_tests:/home/dxf/WHEELTEC_S300Pro_mini/install/wheeltec_robot_keyboard:/home/dxf/WHEELTEC_S300Pro_mini/install/simple_follower_ros2:/home/dxf/WHEELTEC_S300Pro_mini/install/ollama_ros_chat:/home/dxf/WHEELTEC_S300Pro_mini/install/nav2_waypoint_cycle:/home/dxf/WHEELTEC_S300Pro_mini/install/auto_recharge_ros2:/opt/ros/humble /usr/bin/cmake --install /home/dxf/wheeltec_lebai_humble_2024_7_17/build/lebai_interfaces
[51.324s] Level 1:colcon.colcon_core.environment:checking '/home/dxf/wheeltec_lebai_humble_2024_7_17/install/lebai_interfaces' for CMake module files
[51.327s] Level 1:colcon.colcon_core.environment:checking '/home/dxf/wheeltec_lebai_humble_2024_7_17/install/lebai_interfaces' for CMake config files
[51.330s] Level 1:colcon.colcon_core.shell:create_environment_hook('lebai_interfaces', 'cmake_prefix_path')
[51.332s] INFO:colcon.colcon_core.shell:Creating environment hook '/home/dxf/wheeltec_lebai_humble_2024_7_17/install/lebai_interfaces/share/lebai_interfaces/hook/cmake_prefix_path.ps1'
[51.341s] INFO:colcon.colcon_core.shell:Creating environment descriptor '/home/dxf/wheeltec_lebai_humble_2024_7_17/install/lebai_interfaces/share/lebai_interfaces/hook/cmake_prefix_path.dsv'
[51.344s] INFO:colcon.colcon_core.shell:Creating environment hook '/home/dxf/wheeltec_lebai_humble_2024_7_17/install/lebai_interfaces/share/lebai_interfaces/hook/cmake_prefix_path.sh'
[51.350s] Level 1:colcon.colcon_core.environment:checking '/home/dxf/wheeltec_lebai_humble_2024_7_17/install/lebai_interfaces/lib'
[51.351s] Level 1:colcon.colcon_core.shell:create_environment_hook('lebai_interfaces', 'ld_library_path_lib')
[51.351s] INFO:colcon.colcon_core.shell:Creating environment hook '/home/dxf/wheeltec_lebai_humble_2024_7_17/install/lebai_interfaces/share/lebai_interfaces/hook/ld_library_path_lib.ps1'
[51.353s] INFO:colcon.colcon_core.shell:Creating environment descriptor '/home/dxf/wheeltec_lebai_humble_2024_7_17/install/lebai_interfaces/share/lebai_interfaces/hook/ld_library_path_lib.dsv'
[51.353s] INFO:colcon.colcon_core.shell:Creating environment hook '/home/dxf/wheeltec_lebai_humble_2024_7_17/install/lebai_interfaces/share/lebai_interfaces/hook/ld_library_path_lib.sh'
[51.355s] Level 1:colcon.colcon_core.environment:checking '/home/dxf/wheeltec_lebai_humble_2024_7_17/install/lebai_interfaces/bin'
[51.355s] Level 1:colcon.colcon_core.environment:checking '/home/dxf/wheeltec_lebai_humble_2024_7_17/install/lebai_interfaces/lib/pkgconfig/lebai_interfaces.pc'
[51.361s] Level 1:colcon.colcon_core.environment:checking '/home/dxf/wheeltec_lebai_humble_2024_7_17/install/lebai_interfaces/lib/python3.10/site-packages'
[51.362s] Level 1:colcon.colcon_core.environment:checking '/home/dxf/wheeltec_lebai_humble_2024_7_17/install/lebai_interfaces/bin'
[51.363s] INFO:colcon.colcon_core.shell:Creating package script '/home/dxf/wheeltec_lebai_humble_2024_7_17/install/lebai_interfaces/share/lebai_interfaces/package.ps1'
[51.367s] INFO:colcon.colcon_core.shell:Creating package descriptor '/home/dxf/wheeltec_lebai_humble_2024_7_17/install/lebai_interfaces/share/lebai_interfaces/package.dsv'
[51.369s] INFO:colcon.colcon_core.shell:Creating package script '/home/dxf/wheeltec_lebai_humble_2024_7_17/install/lebai_interfaces/share/lebai_interfaces/package.sh'
[51.371s] INFO:colcon.colcon_core.shell:Creating package script '/home/dxf/wheeltec_lebai_humble_2024_7_17/install/lebai_interfaces/share/lebai_interfaces/package.bash'
[51.373s] INFO:colcon.colcon_core.shell:Creating package script '/home/dxf/wheeltec_lebai_humble_2024_7_17/install/lebai_interfaces/share/lebai_interfaces/package.zsh'
[51.375s] Level 1:colcon.colcon_core.environment:create_file_with_runtime_dependencies(/home/dxf/wheeltec_lebai_humble_2024_7_17/install/lebai_interfaces/share/colcon-core/packages/lebai_interfaces)
[51.378s] Level 1:colcon.colcon_core.environment:create_environment_scripts_only(lebai_interfaces)
[51.379s] Level 1:colcon.colcon_core.environment:checking '/home/dxf/wheeltec_lebai_humble_2024_7_17/install/lebai_interfaces' for CMake module files
[51.380s] Level 1:colcon.colcon_core.environment:checking '/home/dxf/wheeltec_lebai_humble_2024_7_17/install/lebai_interfaces' for CMake config files
[51.382s] Level 1:colcon.colcon_core.shell:create_environment_hook('lebai_interfaces', 'cmake_prefix_path')
[51.383s] INFO:colcon.colcon_core.shell:Creating environment hook '/home/dxf/wheeltec_lebai_humble_2024_7_17/install/lebai_interfaces/share/lebai_interfaces/hook/cmake_prefix_path.ps1'
[51.384s] INFO:colcon.colcon_core.shell:Creating environment descriptor '/home/dxf/wheeltec_lebai_humble_2024_7_17/install/lebai_interfaces/share/lebai_interfaces/hook/cmake_prefix_path.dsv'
[51.385s] INFO:colcon.colcon_core.shell:Creating environment hook '/home/dxf/wheeltec_lebai_humble_2024_7_17/install/lebai_interfaces/share/lebai_interfaces/hook/cmake_prefix_path.sh'
[51.387s] Level 1:colcon.colcon_core.environment:checking '/home/dxf/wheeltec_lebai_humble_2024_7_17/install/lebai_interfaces/lib'
[51.387s] Level 1:colcon.colcon_core.shell:create_environment_hook('lebai_interfaces', 'ld_library_path_lib')
[51.388s] INFO:colcon.colcon_core.shell:Creating environment hook '/home/dxf/wheeltec_lebai_humble_2024_7_17/install/lebai_interfaces/share/lebai_interfaces/hook/ld_library_path_lib.ps1'
[51.389s] INFO:colcon.colcon_core.shell:Creating environment descriptor '/home/dxf/wheeltec_lebai_humble_2024_7_17/install/lebai_interfaces/share/lebai_interfaces/hook/ld_library_path_lib.dsv'
[51.390s] INFO:colcon.colcon_core.shell:Creating environment hook '/home/dxf/wheeltec_lebai_humble_2024_7_17/install/lebai_interfaces/share/lebai_interfaces/hook/ld_library_path_lib.sh'
[51.390s] Level 1:colcon.colcon_core.environment:checking '/home/dxf/wheeltec_lebai_humble_2024_7_17/install/lebai_interfaces/bin'
[51.391s] Level 1:colcon.colcon_core.environment:checking '/home/dxf/wheeltec_lebai_humble_2024_7_17/install/lebai_interfaces/lib/pkgconfig/lebai_interfaces.pc'
[51.391s] Level 1:colcon.colcon_core.environment:checking '/home/dxf/wheeltec_lebai_humble_2024_7_17/install/lebai_interfaces/lib/python3.10/site-packages'
[51.392s] Level 1:colcon.colcon_core.environment:checking '/home/dxf/wheeltec_lebai_humble_2024_7_17/install/lebai_interfaces/bin'
[51.393s] INFO:colcon.colcon_core.shell:Creating package script '/home/dxf/wheeltec_lebai_humble_2024_7_17/install/lebai_interfaces/share/lebai_interfaces/package.ps1'
[51.394s] INFO:colcon.colcon_core.shell:Creating package descriptor '/home/dxf/wheeltec_lebai_humble_2024_7_17/install/lebai_interfaces/share/lebai_interfaces/package.dsv'
[51.395s] INFO:colcon.colcon_core.shell:Creating package script '/home/dxf/wheeltec_lebai_humble_2024_7_17/install/lebai_interfaces/share/lebai_interfaces/package.sh'
[51.396s] INFO:colcon.colcon_core.shell:Creating package script '/home/dxf/wheeltec_lebai_humble_2024_7_17/install/lebai_interfaces/share/lebai_interfaces/package.bash'
[51.397s] INFO:colcon.colcon_core.shell:Creating package script '/home/dxf/wheeltec_lebai_humble_2024_7_17/install/lebai_interfaces/share/lebai_interfaces/package.zsh'
[51.399s] Level 1:colcon.colcon_core.environment:create_file_with_runtime_dependencies(/home/dxf/wheeltec_lebai_humble_2024_7_17/install/lebai_interfaces/share/colcon-core/packages/lebai_interfaces)
[51.405s] INFO:colcon.colcon_ros.task.ament_cmake.build:Building ROS package in '/home/dxf/wheeltec_lebai_humble_2024_7_17/src/lebai-ros-sdk-humble-dev/lebai_tutorials' with build type 'ament_cmake'
[51.406s] INFO:colcon.colcon_cmake.task.cmake.build:Building CMake package in '/home/dxf/wheeltec_lebai_humble_2024_7_17/src/lebai-ros-sdk-humble-dev/lebai_tutorials'
[51.407s] INFO:colcon.colcon_core.shell:Skip shell extension 'powershell' for command environment: Not usable outside of PowerShell
[51.408s] DEBUG:colcon.colcon_core.shell:Skip shell extension 'dsv' for command environment
[51.512s] DEBUG:colcon.colcon_core.event_handler.log_command:Invoking command in '/home/dxf/wheeltec_lebai_humble_2024_7_17/build/lebai_tutorials': AMENT_PREFIX_PATH=/home/dxf/wheeltec_lebai_humble_2024_7_17/install/lebai_interfaces:${AMENT_PREFIX_PATH} CMAKE_PREFIX_PATH=/home/dxf/wheeltec_lebai_humble_2024_7_17/install/lebai_interfaces:/home/dxf/WHEELTEC_S300Pro_mini_ros2_arm_src_2025_9_15/install/vision_opencv:/home/dxf/WHEELTEC_S300Pro_mini_ros2_arm_src_2025_9_15/install/trac_ik:/home/dxf/WHEELTEC_S300Pro_mini_ros2_arm_src_2025_9_15/install/trac_ik_kinematics:/home/dxf/WHEELTEC_S300Pro_mini_ros2_arm_src_2025_9_15/install/trac_ik_examples:/home/dxf/WHEELTEC_S300Pro_mini_ros2_arm_src_2025_9_15/install/trac_ik_lib:/home/dxf/WHEELTEC_S300Pro_mini_ros2_arm_src_2025_9_15/install/s300_pro_moveit2_config:/home/dxf/WHEELTEC_S300Pro_mini_ros2_arm_src_2025_9_15/install/s300_mini_moveit2_config:/home/dxf/WHEELTEC_S300Pro_mini_ros2_arm_src_2025_9_15/install/rm_example:/home/dxf/WHEELTEC_S300Pro_mini_ros2_arm_src_2025_9_15/install/rm_driver:/home/dxf/WHEELTEC_S300Pro_mini_ros2_arm_src_2025_9_15/install/rm_control:/home/dxf/WHEELTEC_S300Pro_mini_ros2_arm_src_2025_9_15/install/get_arm_state:/home/dxf/WHEELTEC_S300Pro_mini_ros2_arm_src_2025_9_15/install/force_position_control:/home/dxf/WHEELTEC_S300Pro_mini_ros2_arm_src_2025_9_15/install/control_arm_move:/home/dxf/WHEELTEC_S300Pro_mini_ros2_arm_src_2025_9_15/install/rm_ros_interfaces:/home/dxf/WHEELTEC_S300Pro_mini_ros2_arm_src_2025_9_15/install/rm_install:/home/dxf/WHEELTEC_S300Pro_mini_ros2_arm_src_2025_9_15/install/rm_gazebo:/home/dxf/WHEELTEC_S300Pro_mini_ros2_arm_src_2025_9_15/install/rm_eco65_moveit2_config:/home/dxf/WHEELTEC_S300Pro_mini_ros2_arm_src_2025_9_15/install/rm_doc:/home/dxf/WHEELTEC_S300Pro_mini_ros2_arm_src_2025_9_15/install/rm_description:/home/dxf/WHEELTEC_S300Pro_mini_ros2_arm_src_2025_9_15/install/rm_bringup:/home/dxf/WHEELTEC_S300Pro_mini_ros2_arm_src_2025_9_15/install/image_geometry:/home/dxf/WHEELTEC_S300Pro_mini_ros2_arm_src_2025_9_15/install/cv_bridge:/home/dxf/WHEELTEC_S300Pro_mini_ros2_arm_src_2025_9_15/install/arm_demo:/usr/local/opencv410:/usr/local/opencv410:/home/dxf/WHEELTEC_S300Pro_mini/install/yesense_std_ros2:/home/dxf/WHEELTEC_S300Pro_mini/install/yesense_interface:/home/dxf/WHEELTEC_S300Pro_mini/install/wheeltec_ultrasonic:/home/dxf/WHEELTEC_S300Pro_mini/install/wheeltec_slam_toolbox:/home/dxf/WHEELTEC_S300Pro_mini/install/wheeltec_rviz2:/home/dxf/WHEELTEC_S300Pro_mini/install/wheeltec_rrt_msg:/home/dxf/WHEELTEC_S300Pro_mini/install/wheeltec_robot_rtab:/home/dxf/WHEELTEC_S300Pro_mini/install/wheeltec_robot_rrt:/home/dxf/WHEELTEC_S300Pro_mini/install/wheeltec_robot_kcf:/home/dxf/WHEELTEC_S300Pro_mini/install/wheeltec_path_follow:/home/dxf/WHEELTEC_S300Pro_mini/install/wheeltec_nav2:/home/dxf/WHEELTEC_S300Pro_mini/install/wheeltec_mic_ros2:/home/dxf/WHEELTEC_S300Pro_mini/install/wheeltec_mic_msg:/home/dxf/WHEELTEC_S300Pro_mini/install/wheeltec_joy:/home/dxf/WHEELTEC_S300Pro_mini/install/wheeltec_cartographer:/home/dxf/WHEELTEC_S300Pro_mini/install/web_video_server:/home/dxf/WHEELTEC_S300Pro_mini/install/usb_cam:/home/dxf/WHEELTEC_S300Pro_mini/install/turn_on_wheeltec_robot:/home/dxf/WHEELTEC_S300Pro_mini/install/slam_gmapping:/home/dxf/WHEELTEC_S300Pro_mini/install/bodyreader:/home/dxf/WHEELTEC_S300Pro_mini/install/serial:/home/dxf/WHEELTEC_S300Pro_mini/install/robot_interfaces:/home/dxf/WHEELTEC_S300Pro_mini/install/rm_description:/home/dxf/WHEELTEC_S300Pro_mini/install/qt_ros_test:/home/dxf/WHEELTEC_S300Pro_mini/install/orb_slam2_ros:/home/dxf/WHEELTEC_S300Pro_mini/install/openslam_gmapping:/home/dxf/WHEELTEC_S300Pro_mini/install/ollama_ros_msgs:/home/dxf/WHEELTEC_S300Pro_mini/install/lslidar_driver:/home/dxf/WHEELTEC_S300Pro_mini/install/lslidar_msgs:/home/dxf/WHEELTEC_S300Pro_mini/install/ldlidar_stl_ros2:/home/dxf/WHEELTEC_S300Pro_mini/install/ldlidar_sl_ros2:/home/dxf/WHEELTEC_S300Pro_mini/install/double_lidar_fusion:/home/dxf/WHEELTEC_S300Pro_mini/install/bodyreader_msg:/home/dxf/WHEELTEC_S300Pro_mini/install/astra_camera:/home/dxf/WHEELTEC_S300Pro_mini/install/astra_camera_msgs:/home/dxf/WHEELTEC_S300Pro_mini/install/aruco_ros:/home/dxf/WHEELTEC_S300Pro_mini/install/aruco_msgs:/home/dxf/WHEELTEC_S300Pro_mini/install/aruco:/home/dxf/WHEELTEC_S300Pro_mini_ros2_arm_src_2025_9_15/install/opencv_tests:/home/dxf/WHEELTEC_S300Pro_mini/install/wheeltec_robot_keyboard:/home/dxf/WHEELTEC_S300Pro_mini/install/simple_follower_ros2:/home/dxf/WHEELTEC_S300Pro_mini/install/ollama_ros_chat:/home/dxf/WHEELTEC_S300Pro_mini/install/nav2_waypoint_cycle:/home/dxf/WHEELTEC_S300Pro_mini/install/auto_recharge_ros2:/opt/ros/humble LD_LIBRARY_PATH=/home/dxf/wheeltec_lebai_humble_2024_7_17/install/lebai_interfaces/lib:/home/dxf/WHEELTEC_S300Pro_mini_ros2_arm_src_2025_9_15/install/trac_ik_kinematics/lib:/home/dxf/WHEELTEC_S300Pro_mini_ros2_arm_src_2025_9_15/install/trac_ik_lib/lib:/home/dxf/WHEELTEC_S300Pro_mini_ros2_arm_src_2025_9_15/install/rm_ros_interfaces/lib:/home/dxf/WHEELTEC_S300Pro_mini_ros2_arm_src_2025_9_15/install/image_geometry/lib:/home/dxf/WHEELTEC_S300Pro_mini_ros2_arm_src_2025_9_15/install/cv_bridge/lib:/usr/local/opencv410/lib:/usr/local/lib:/usr/local/cuda-12.6/lib64:/usr/local/opencv410/lib:/usr/local/lib:/home/dxf/WHEELTEC_S300Pro_mini/install/yesense_interface/lib:/home/dxf/WHEELTEC_S300Pro_mini/install/wheeltec_rrt_msg/lib:/home/dxf/WHEELTEC_S300Pro_mini/install/wheeltec_robot_rrt/lib:/home/dxf/WHEELTEC_S300Pro_mini/install/wheeltec_mic_msg/lib:/home/dxf/WHEELTEC_S300Pro_mini/install/usb_cam/lib:/home/dxf/WHEELTEC_S300Pro_mini/install/turn_on_wheeltec_robot/lib:/home/dxf/WHEELTEC_S300Pro_mini/install/serial/lib:/home/dxf/WHEELTEC_S300Pro_mini/install/robot_interfaces/lib:/home/dxf/WHEELTEC_S300Pro_mini/install/orb_slam2_ros/lib:/home/dxf/WHEELTEC_S300Pro_mini/install/openslam_gmapping/lib:/home/dxf/WHEELTEC_S300Pro_mini/install/ollama_ros_msgs/lib:/home/dxf/WHEELTEC_S300Pro_mini/install/lslidar_msgs/lib:/home/dxf/WHEELTEC_S300Pro_mini/install/bodyreader_msg/lib:/home/dxf/WHEELTEC_S300Pro_mini/install/astra_camera/lib:/home/dxf/WHEELTEC_S300Pro_mini/install/astra_camera_msgs/lib:/home/dxf/WHEELTEC_S300Pro_mini/install/aruco_ros/lib:/home/dxf/WHEELTEC_S300Pro_mini/install/aruco_msgs/lib:/home/dxf/WHEELTEC_S300Pro_mini/install/aruco/lib:/opt/ros/humble/opt/rviz_ogre_vendor/lib:/opt/ros/humble/lib/aarch64-linux-gnu:/opt/ros/humble/lib:/usr/local/cuda-12.6/lib64 PYTHONPATH=/home/dxf/wheeltec_lebai_humble_2024_7_17/install/lebai_interfaces/local/lib/python3.10/dist-packages:${PYTHONPATH} /usr/bin/cmake /home/dxf/wheeltec_lebai_humble_2024_7_17/src/lebai-ros-sdk-humble-dev/lebai_tutorials -DCMAKE_INSTALL_PREFIX=/home/dxf/wheeltec_lebai_humble_2024_7_17/install/lebai_tutorials
[53.328s] DEBUG:colcon.colcon_core.event_handler.log_command:Invoked command in '/home/dxf/wheeltec_lebai_humble_2024_7_17/build/arm_demo' returned '0': CMAKE_PREFIX_PATH=${CMAKE_PREFIX_PATH}:/home/dxf/WHEELTEC_S300Pro_mini_ros2_arm_src_2025_9_15/install/opencv_tests:/home/dxf/WHEELTEC_S300Pro_mini/install/wheeltec_robot_keyboard:/home/dxf/WHEELTEC_S300Pro_mini/install/simple_follower_ros2:/home/dxf/WHEELTEC_S300Pro_mini/install/ollama_ros_chat:/home/dxf/WHEELTEC_S300Pro_mini/install/nav2_waypoint_cycle:/home/dxf/WHEELTEC_S300Pro_mini/install/auto_recharge_ros2:/opt/ros/humble /usr/bin/cmake --build /home/dxf/wheeltec_lebai_humble_2024_7_17/build/arm_demo -- -j6 -l6
[53.333s] DEBUG:colcon.colcon_core.event_handler.log_command:Invoking command in '/home/dxf/wheeltec_lebai_humble_2024_7_17/build/arm_demo': CMAKE_PREFIX_PATH=${CMAKE_PREFIX_PATH}:/home/dxf/WHEELTEC_S300Pro_mini_ros2_arm_src_2025_9_15/install/opencv_tests:/home/dxf/WHEELTEC_S300Pro_mini/install/wheeltec_robot_keyboard:/home/dxf/WHEELTEC_S300Pro_mini/install/simple_follower_ros2:/home/dxf/WHEELTEC_S300Pro_mini/install/ollama_ros_chat:/home/dxf/WHEELTEC_S300Pro_mini/install/nav2_waypoint_cycle:/home/dxf/WHEELTEC_S300Pro_mini/install/auto_recharge_ros2:/opt/ros/humble /usr/bin/cmake --install /home/dxf/wheeltec_lebai_humble_2024_7_17/build/arm_demo
[53.369s] Level 1:colcon.colcon_core.environment:create_environment_scripts_only(arm_demo)
[53.370s] Level 1:colcon.colcon_core.environment:checking '/home/dxf/wheeltec_lebai_humble_2024_7_17/install/arm_demo' for CMake module files
[53.371s] DEBUG:colcon.colcon_core.event_handler.log_command:Invoked command in '/home/dxf/wheeltec_lebai_humble_2024_7_17/build/arm_demo' returned '0': CMAKE_PREFIX_PATH=${CMAKE_PREFIX_PATH}:/home/dxf/WHEELTEC_S300Pro_mini_ros2_arm_src_2025_9_15/install/opencv_tests:/home/dxf/WHEELTEC_S300Pro_mini/install/wheeltec_robot_keyboard:/home/dxf/WHEELTEC_S300Pro_mini/install/simple_follower_ros2:/home/dxf/WHEELTEC_S300Pro_mini/install/ollama_ros_chat:/home/dxf/WHEELTEC_S300Pro_mini/install/nav2_waypoint_cycle:/home/dxf/WHEELTEC_S300Pro_mini/install/auto_recharge_ros2:/opt/ros/humble /usr/bin/cmake --install /home/dxf/wheeltec_lebai_humble_2024_7_17/build/arm_demo
[53.371s] Level 1:colcon.colcon_core.environment:checking '/home/dxf/wheeltec_lebai_humble_2024_7_17/install/arm_demo' for CMake config files
[53.372s] Level 1:colcon.colcon_core.shell:create_environment_hook('arm_demo', 'cmake_prefix_path')
[53.373s] INFO:colcon.colcon_core.shell:Creating environment hook '/home/dxf/wheeltec_lebai_humble_2024_7_17/install/arm_demo/share/arm_demo/hook/cmake_prefix_path.ps1'
[53.374s] INFO:colcon.colcon_core.shell:Creating environment descriptor '/home/dxf/wheeltec_lebai_humble_2024_7_17/install/arm_demo/share/arm_demo/hook/cmake_prefix_path.dsv'
[53.375s] INFO:colcon.colcon_core.shell:Creating environment hook '/home/dxf/wheeltec_lebai_humble_2024_7_17/install/arm_demo/share/arm_demo/hook/cmake_prefix_path.sh'
[53.376s] Level 1:colcon.colcon_core.environment:checking '/home/dxf/wheeltec_lebai_humble_2024_7_17/install/arm_demo/lib'
[53.376s] Level 1:colcon.colcon_core.environment:checking '/home/dxf/wheeltec_lebai_humble_2024_7_17/install/arm_demo/bin'
[53.376s] Level 1:colcon.colcon_core.environment:checking '/home/dxf/wheeltec_lebai_humble_2024_7_17/install/arm_demo/lib/pkgconfig/arm_demo.pc'
[53.377s] Level 1:colcon.colcon_core.environment:checking '/home/dxf/wheeltec_lebai_humble_2024_7_17/install/arm_demo/lib/python3.10/site-packages'
[53.378s] Level 1:colcon.colcon_core.environment:checking '/home/dxf/wheeltec_lebai_humble_2024_7_17/install/arm_demo/bin'
[53.378s] INFO:colcon.colcon_core.shell:Creating package script '/home/dxf/wheeltec_lebai_humble_2024_7_17/install/arm_demo/share/arm_demo/package.ps1'
[53.379s] INFO:colcon.colcon_core.shell:Creating package descriptor '/home/dxf/wheeltec_lebai_humble_2024_7_17/install/arm_demo/share/arm_demo/package.dsv'
[53.380s] INFO:colcon.colcon_core.shell:Creating package script '/home/dxf/wheeltec_lebai_humble_2024_7_17/install/arm_demo/share/arm_demo/package.sh'
[53.381s] INFO:colcon.colcon_core.shell:Creating package script '/home/dxf/wheeltec_lebai_humble_2024_7_17/install/arm_demo/share/arm_demo/package.bash'
[53.382s] INFO:colcon.colcon_core.shell:Creating package script '/home/dxf/wheeltec_lebai_humble_2024_7_17/install/arm_demo/share/arm_demo/package.zsh'
[53.383s] Level 1:colcon.colcon_core.environment:create_file_with_runtime_dependencies(/home/dxf/wheeltec_lebai_humble_2024_7_17/install/arm_demo/share/colcon-core/packages/arm_demo)
[53.384s] Level 1:colcon.colcon_core.environment:create_environment_scripts_only(arm_demo)
[53.385s] Level 1:colcon.colcon_core.environment:checking '/home/dxf/wheeltec_lebai_humble_2024_7_17/install/arm_demo' for CMake module files
[53.386s] Level 1:colcon.colcon_core.environment:checking '/home/dxf/wheeltec_lebai_humble_2024_7_17/install/arm_demo' for CMake config files
[53.386s] Level 1:colcon.colcon_core.shell:create_environment_hook('arm_demo', 'cmake_prefix_path')
[53.387s] INFO:colcon.colcon_core.shell:Creating environment hook '/home/dxf/wheeltec_lebai_humble_2024_7_17/install/arm_demo/share/arm_demo/hook/cmake_prefix_path.ps1'
[53.388s] INFO:colcon.colcon_core.shell:Creating environment descriptor '/home/dxf/wheeltec_lebai_humble_2024_7_17/install/arm_demo/share/arm_demo/hook/cmake_prefix_path.dsv'
[53.388s] INFO:colcon.colcon_core.shell:Creating environment hook '/home/dxf/wheeltec_lebai_humble_2024_7_17/install/arm_demo/share/arm_demo/hook/cmake_prefix_path.sh'
[53.390s] Level 1:colcon.colcon_core.environment:checking '/home/dxf/wheeltec_lebai_humble_2024_7_17/install/arm_demo/lib'
[53.390s] Level 1:colcon.colcon_core.environment:checking '/home/dxf/wheeltec_lebai_humble_2024_7_17/install/arm_demo/bin'
[53.390s] Level 1:colcon.colcon_core.environment:checking '/home/dxf/wheeltec_lebai_humble_2024_7_17/install/arm_demo/lib/pkgconfig/arm_demo.pc'
[53.390s] Level 1:colcon.colcon_core.environment:checking '/home/dxf/wheeltec_lebai_humble_2024_7_17/install/arm_demo/lib/python3.10/site-packages'
[53.391s] Level 1:colcon.colcon_core.environment:checking '/home/dxf/wheeltec_lebai_humble_2024_7_17/install/arm_demo/bin'
[53.392s] INFO:colcon.colcon_core.shell:Creating package script '/home/dxf/wheeltec_lebai_humble_2024_7_17/install/arm_demo/share/arm_demo/package.ps1'
[53.480s] INFO:colcon.colcon_core.shell:Creating package descriptor '/home/dxf/wheeltec_lebai_humble_2024_7_17/install/arm_demo/share/arm_demo/package.dsv'
[53.481s] INFO:colcon.colcon_core.shell:Creating package script '/home/dxf/wheeltec_lebai_humble_2024_7_17/install/arm_demo/share/arm_demo/package.sh'
[53.482s] INFO:colcon.colcon_core.shell:Creating package script '/home/dxf/wheeltec_lebai_humble_2024_7_17/install/arm_demo/share/arm_demo/package.bash'
[53.483s] INFO:colcon.colcon_core.shell:Creating package script '/home/dxf/wheeltec_lebai_humble_2024_7_17/install/arm_demo/share/arm_demo/package.zsh'
[53.484s] Level 1:colcon.colcon_core.environment:create_file_with_runtime_dependencies(/home/dxf/wheeltec_lebai_humble_2024_7_17/install/arm_demo/share/colcon-core/packages/arm_demo)
[56.026s] DEBUG:colcon.colcon_core.event_handler.log_command:Invoked command in '/home/dxf/wheeltec_lebai_humble_2024_7_17/build/lebai_tutorials' returned '0': AMENT_PREFIX_PATH=/home/dxf/wheeltec_lebai_humble_2024_7_17/install/lebai_interfaces:${AMENT_PREFIX_PATH} CMAKE_PREFIX_PATH=/home/dxf/wheeltec_lebai_humble_2024_7_17/install/lebai_interfaces:/home/dxf/WHEELTEC_S300Pro_mini_ros2_arm_src_2025_9_15/install/vision_opencv:/home/dxf/WHEELTEC_S300Pro_mini_ros2_arm_src_2025_9_15/install/trac_ik:/home/dxf/WHEELTEC_S300Pro_mini_ros2_arm_src_2025_9_15/install/trac_ik_kinematics:/home/dxf/WHEELTEC_S300Pro_mini_ros2_arm_src_2025_9_15/install/trac_ik_examples:/home/dxf/WHEELTEC_S300Pro_mini_ros2_arm_src_2025_9_15/install/trac_ik_lib:/home/dxf/WHEELTEC_S300Pro_mini_ros2_arm_src_2025_9_15/install/s300_pro_moveit2_config:/home/dxf/WHEELTEC_S300Pro_mini_ros2_arm_src_2025_9_15/install/s300_mini_moveit2_config:/home/dxf/WHEELTEC_S300Pro_mini_ros2_arm_src_2025_9_15/install/rm_example:/home/dxf/WHEELTEC_S300Pro_mini_ros2_arm_src_2025_9_15/install/rm_driver:/home/dxf/WHEELTEC_S300Pro_mini_ros2_arm_src_2025_9_15/install/rm_control:/home/dxf/WHEELTEC_S300Pro_mini_ros2_arm_src_2025_9_15/install/get_arm_state:/home/dxf/WHEELTEC_S300Pro_mini_ros2_arm_src_2025_9_15/install/force_position_control:/home/dxf/WHEELTEC_S300Pro_mini_ros2_arm_src_2025_9_15/install/control_arm_move:/home/dxf/WHEELTEC_S300Pro_mini_ros2_arm_src_2025_9_15/install/rm_ros_interfaces:/home/dxf/WHEELTEC_S300Pro_mini_ros2_arm_src_2025_9_15/install/rm_install:/home/dxf/WHEELTEC_S300Pro_mini_ros2_arm_src_2025_9_15/install/rm_gazebo:/home/dxf/WHEELTEC_S300Pro_mini_ros2_arm_src_2025_9_15/install/rm_eco65_moveit2_config:/home/dxf/WHEELTEC_S300Pro_mini_ros2_arm_src_2025_9_15/install/rm_doc:/home/dxf/WHEELTEC_S300Pro_mini_ros2_arm_src_2025_9_15/install/rm_description:/home/dxf/WHEELTEC_S300Pro_mini_ros2_arm_src_2025_9_15/install/rm_bringup:/home/dxf/WHEELTEC_S300Pro_mini_ros2_arm_src_2025_9_15/install/image_geometry:/home/dxf/WHEELTEC_S300Pro_mini_ros2_arm_src_2025_9_15/install/cv_bridge:/home/dxf/WHEELTEC_S300Pro_mini_ros2_arm_src_2025_9_15/install/arm_demo:/usr/local/opencv410:/usr/local/opencv410:/home/dxf/WHEELTEC_S300Pro_mini/install/yesense_std_ros2:/home/dxf/WHEELTEC_S300Pro_mini/install/yesense_interface:/home/dxf/WHEELTEC_S300Pro_mini/install/wheeltec_ultrasonic:/home/dxf/WHEELTEC_S300Pro_mini/install/wheeltec_slam_toolbox:/home/dxf/WHEELTEC_S300Pro_mini/install/wheeltec_rviz2:/home/dxf/WHEELTEC_S300Pro_mini/install/wheeltec_rrt_msg:/home/dxf/WHEELTEC_S300Pro_mini/install/wheeltec_robot_rtab:/home/dxf/WHEELTEC_S300Pro_mini/install/wheeltec_robot_rrt:/home/dxf/WHEELTEC_S300Pro_mini/install/wheeltec_robot_kcf:/home/dxf/WHEELTEC_S300Pro_mini/install/wheeltec_path_follow:/home/dxf/WHEELTEC_S300Pro_mini/install/wheeltec_nav2:/home/dxf/WHEELTEC_S300Pro_mini/install/wheeltec_mic_ros2:/home/dxf/WHEELTEC_S300Pro_mini/install/wheeltec_mic_msg:/home/dxf/WHEELTEC_S300Pro_mini/install/wheeltec_joy:/home/dxf/WHEELTEC_S300Pro_mini/install/wheeltec_cartographer:/home/dxf/WHEELTEC_S300Pro_mini/install/web_video_server:/home/dxf/WHEELTEC_S300Pro_mini/install/usb_cam:/home/dxf/WHEELTEC_S300Pro_mini/install/turn_on_wheeltec_robot:/home/dxf/WHEELTEC_S300Pro_mini/install/slam_gmapping:/home/dxf/WHEELTEC_S300Pro_mini/install/bodyreader:/home/dxf/WHEELTEC_S300Pro_mini/install/serial:/home/dxf/WHEELTEC_S300Pro_mini/install/robot_interfaces:/home/dxf/WHEELTEC_S300Pro_mini/install/rm_description:/home/dxf/WHEELTEC_S300Pro_mini/install/qt_ros_test:/home/dxf/WHEELTEC_S300Pro_mini/install/orb_slam2_ros:/home/dxf/WHEELTEC_S300Pro_mini/install/openslam_gmapping:/home/dxf/WHEELTEC_S300Pro_mini/install/ollama_ros_msgs:/home/dxf/WHEELTEC_S300Pro_mini/install/lslidar_driver:/home/dxf/WHEELTEC_S300Pro_mini/install/lslidar_msgs:/home/dxf/WHEELTEC_S300Pro_mini/install/ldlidar_stl_ros2:/home/dxf/WHEELTEC_S300Pro_mini/install/ldlidar_sl_ros2:/home/dxf/WHEELTEC_S300Pro_mini/install/double_lidar_fusion:/home/dxf/WHEELTEC_S300Pro_mini/install/bodyreader_msg:/home/dxf/WHEELTEC_S300Pro_mini/install/astra_camera:/home/dxf/WHEELTEC_S300Pro_mini/install/astra_camera_msgs:/home/dxf/WHEELTEC_S300Pro_mini/install/aruco_ros:/home/dxf/WHEELTEC_S300Pro_mini/install/aruco_msgs:/home/dxf/WHEELTEC_S300Pro_mini/install/aruco:/home/dxf/WHEELTEC_S300Pro_mini_ros2_arm_src_2025_9_15/install/opencv_tests:/home/dxf/WHEELTEC_S300Pro_mini/install/wheeltec_robot_keyboard:/home/dxf/WHEELTEC_S300Pro_mini/install/simple_follower_ros2:/home/dxf/WHEELTEC_S300Pro_mini/install/ollama_ros_chat:/home/dxf/WHEELTEC_S300Pro_mini/install/nav2_waypoint_cycle:/home/dxf/WHEELTEC_S300Pro_mini/install/auto_recharge_ros2:/opt/ros/humble LD_LIBRARY_PATH=/home/dxf/wheeltec_lebai_humble_2024_7_17/install/lebai_interfaces/lib:/home/dxf/WHEELTEC_S300Pro_mini_ros2_arm_src_2025_9_15/install/trac_ik_kinematics/lib:/home/dxf/WHEELTEC_S300Pro_mini_ros2_arm_src_2025_9_15/install/trac_ik_lib/lib:/home/dxf/WHEELTEC_S300Pro_mini_ros2_arm_src_2025_9_15/install/rm_ros_interfaces/lib:/home/dxf/WHEELTEC_S300Pro_mini_ros2_arm_src_2025_9_15/install/image_geometry/lib:/home/dxf/WHEELTEC_S300Pro_mini_ros2_arm_src_2025_9_15/install/cv_bridge/lib:/usr/local/opencv410/lib:/usr/local/lib:/usr/local/cuda-12.6/lib64:/usr/local/opencv410/lib:/usr/local/lib:/home/dxf/WHEELTEC_S300Pro_mini/install/yesense_interface/lib:/home/dxf/WHEELTEC_S300Pro_mini/install/wheeltec_rrt_msg/lib:/home/dxf/WHEELTEC_S300Pro_mini/install/wheeltec_robot_rrt/lib:/home/dxf/WHEELTEC_S300Pro_mini/install/wheeltec_mic_msg/lib:/home/dxf/WHEELTEC_S300Pro_mini/install/usb_cam/lib:/home/dxf/WHEELTEC_S300Pro_mini/install/turn_on_wheeltec_robot/lib:/home/dxf/WHEELTEC_S300Pro_mini/install/serial/lib:/home/dxf/WHEELTEC_S300Pro_mini/install/robot_interfaces/lib:/home/dxf/WHEELTEC_S300Pro_mini/install/orb_slam2_ros/lib:/home/dxf/WHEELTEC_S300Pro_mini/install/openslam_gmapping/lib:/home/dxf/WHEELTEC_S300Pro_mini/install/ollama_ros_msgs/lib:/home/dxf/WHEELTEC_S300Pro_mini/install/lslidar_msgs/lib:/home/dxf/WHEELTEC_S300Pro_mini/install/bodyreader_msg/lib:/home/dxf/WHEELTEC_S300Pro_mini/install/astra_camera/lib:/home/dxf/WHEELTEC_S300Pro_mini/install/astra_camera_msgs/lib:/home/dxf/WHEELTEC_S300Pro_mini/install/aruco_ros/lib:/home/dxf/WHEELTEC_S300Pro_mini/install/aruco_msgs/lib:/home/dxf/WHEELTEC_S300Pro_mini/install/aruco/lib:/opt/ros/humble/opt/rviz_ogre_vendor/lib:/opt/ros/humble/lib/aarch64-linux-gnu:/opt/ros/humble/lib:/usr/local/cuda-12.6/lib64 PYTHONPATH=/home/dxf/wheeltec_lebai_humble_2024_7_17/install/lebai_interfaces/local/lib/python3.10/dist-packages:${PYTHONPATH} /usr/bin/cmake /home/dxf/wheeltec_lebai_humble_2024_7_17/src/lebai-ros-sdk-humble-dev/lebai_tutorials -DCMAKE_INSTALL_PREFIX=/home/dxf/wheeltec_lebai_humble_2024_7_17/install/lebai_tutorials
[56.032s] DEBUG:colcon.colcon_core.event_handler.log_command:Invoking command in '/home/dxf/wheeltec_lebai_humble_2024_7_17/build/lebai_tutorials': AMENT_PREFIX_PATH=/home/dxf/wheeltec_lebai_humble_2024_7_17/install/lebai_interfaces:${AMENT_PREFIX_PATH} CMAKE_PREFIX_PATH=/home/dxf/wheeltec_lebai_humble_2024_7_17/install/lebai_interfaces:/home/dxf/WHEELTEC_S300Pro_mini_ros2_arm_src_2025_9_15/install/vision_opencv:/home/dxf/WHEELTEC_S300Pro_mini_ros2_arm_src_2025_9_15/install/trac_ik:/home/dxf/WHEELTEC_S300Pro_mini_ros2_arm_src_2025_9_15/install/trac_ik_kinematics:/home/dxf/WHEELTEC_S300Pro_mini_ros2_arm_src_2025_9_15/install/trac_ik_examples:/home/dxf/WHEELTEC_S300Pro_mini_ros2_arm_src_2025_9_15/install/trac_ik_lib:/home/dxf/WHEELTEC_S300Pro_mini_ros2_arm_src_2025_9_15/install/s300_pro_moveit2_config:/home/dxf/WHEELTEC_S300Pro_mini_ros2_arm_src_2025_9_15/install/s300_mini_moveit2_config:/home/dxf/WHEELTEC_S300Pro_mini_ros2_arm_src_2025_9_15/install/rm_example:/home/dxf/WHEELTEC_S300Pro_mini_ros2_arm_src_2025_9_15/install/rm_driver:/home/dxf/WHEELTEC_S300Pro_mini_ros2_arm_src_2025_9_15/install/rm_control:/home/dxf/WHEELTEC_S300Pro_mini_ros2_arm_src_2025_9_15/install/get_arm_state:/home/dxf/WHEELTEC_S300Pro_mini_ros2_arm_src_2025_9_15/install/force_position_control:/home/dxf/WHEELTEC_S300Pro_mini_ros2_arm_src_2025_9_15/install/control_arm_move:/home/dxf/WHEELTEC_S300Pro_mini_ros2_arm_src_2025_9_15/install/rm_ros_interfaces:/home/dxf/WHEELTEC_S300Pro_mini_ros2_arm_src_2025_9_15/install/rm_install:/home/dxf/WHEELTEC_S300Pro_mini_ros2_arm_src_2025_9_15/install/rm_gazebo:/home/dxf/WHEELTEC_S300Pro_mini_ros2_arm_src_2025_9_15/install/rm_eco65_moveit2_config:/home/dxf/WHEELTEC_S300Pro_mini_ros2_arm_src_2025_9_15/install/rm_doc:/home/dxf/WHEELTEC_S300Pro_mini_ros2_arm_src_2025_9_15/install/rm_description:/home/dxf/WHEELTEC_S300Pro_mini_ros2_arm_src_2025_9_15/install/rm_bringup:/home/dxf/WHEELTEC_S300Pro_mini_ros2_arm_src_2025_9_15/install/image_geometry:/home/dxf/WHEELTEC_S300Pro_mini_ros2_arm_src_2025_9_15/install/cv_bridge:/home/dxf/WHEELTEC_S300Pro_mini_ros2_arm_src_2025_9_15/install/arm_demo:/usr/local/opencv410:/usr/local/opencv410:/home/dxf/WHEELTEC_S300Pro_mini/install/yesense_std_ros2:/home/dxf/WHEELTEC_S300Pro_mini/install/yesense_interface:/home/dxf/WHEELTEC_S300Pro_mini/install/wheeltec_ultrasonic:/home/dxf/WHEELTEC_S300Pro_mini/install/wheeltec_slam_toolbox:/home/dxf/WHEELTEC_S300Pro_mini/install/wheeltec_rviz2:/home/dxf/WHEELTEC_S300Pro_mini/install/wheeltec_rrt_msg:/home/dxf/WHEELTEC_S300Pro_mini/install/wheeltec_robot_rtab:/home/dxf/WHEELTEC_S300Pro_mini/install/wheeltec_robot_rrt:/home/dxf/WHEELTEC_S300Pro_mini/install/wheeltec_robot_kcf:/home/dxf/WHEELTEC_S300Pro_mini/install/wheeltec_path_follow:/home/dxf/WHEELTEC_S300Pro_mini/install/wheeltec_nav2:/home/dxf/WHEELTEC_S300Pro_mini/install/wheeltec_mic_ros2:/home/dxf/WHEELTEC_S300Pro_mini/install/wheeltec_mic_msg:/home/dxf/WHEELTEC_S300Pro_mini/install/wheeltec_joy:/home/dxf/WHEELTEC_S300Pro_mini/install/wheeltec_cartographer:/home/dxf/WHEELTEC_S300Pro_mini/install/web_video_server:/home/dxf/WHEELTEC_S300Pro_mini/install/usb_cam:/home/dxf/WHEELTEC_S300Pro_mini/install/turn_on_wheeltec_robot:/home/dxf/WHEELTEC_S300Pro_mini/install/slam_gmapping:/home/dxf/WHEELTEC_S300Pro_mini/install/bodyreader:/home/dxf/WHEELTEC_S300Pro_mini/install/serial:/home/dxf/WHEELTEC_S300Pro_mini/install/robot_interfaces:/home/dxf/WHEELTEC_S300Pro_mini/install/rm_description:/home/dxf/WHEELTEC_S300Pro_mini/install/qt_ros_test:/home/dxf/WHEELTEC_S300Pro_mini/install/orb_slam2_ros:/home/dxf/WHEELTEC_S300Pro_mini/install/openslam_gmapping:/home/dxf/WHEELTEC_S300Pro_mini/install/ollama_ros_msgs:/home/dxf/WHEELTEC_S300Pro_mini/install/lslidar_driver:/home/dxf/WHEELTEC_S300Pro_mini/install/lslidar_msgs:/home/dxf/WHEELTEC_S300Pro_mini/install/ldlidar_stl_ros2:/home/dxf/WHEELTEC_S300Pro_mini/install/ldlidar_sl_ros2:/home/dxf/WHEELTEC_S300Pro_mini/install/double_lidar_fusion:/home/dxf/WHEELTEC_S300Pro_mini/install/bodyreader_msg:/home/dxf/WHEELTEC_S300Pro_mini/install/astra_camera:/home/dxf/WHEELTEC_S300Pro_mini/install/astra_camera_msgs:/home/dxf/WHEELTEC_S300Pro_mini/install/aruco_ros:/home/dxf/WHEELTEC_S300Pro_mini/install/aruco_msgs:/home/dxf/WHEELTEC_S300Pro_mini/install/aruco:/home/dxf/WHEELTEC_S300Pro_mini_ros2_arm_src_2025_9_15/install/opencv_tests:/home/dxf/WHEELTEC_S300Pro_mini/install/wheeltec_robot_keyboard:/home/dxf/WHEELTEC_S300Pro_mini/install/simple_follower_ros2:/home/dxf/WHEELTEC_S300Pro_mini/install/ollama_ros_chat:/home/dxf/WHEELTEC_S300Pro_mini/install/nav2_waypoint_cycle:/home/dxf/WHEELTEC_S300Pro_mini/install/auto_recharge_ros2:/opt/ros/humble LD_LIBRARY_PATH=/home/dxf/wheeltec_lebai_humble_2024_7_17/install/lebai_interfaces/lib:/home/dxf/WHEELTEC_S300Pro_mini_ros2_arm_src_2025_9_15/install/trac_ik_kinematics/lib:/home/dxf/WHEELTEC_S300Pro_mini_ros2_arm_src_2025_9_15/install/trac_ik_lib/lib:/home/dxf/WHEELTEC_S300Pro_mini_ros2_arm_src_2025_9_15/install/rm_ros_interfaces/lib:/home/dxf/WHEELTEC_S300Pro_mini_ros2_arm_src_2025_9_15/install/image_geometry/lib:/home/dxf/WHEELTEC_S300Pro_mini_ros2_arm_src_2025_9_15/install/cv_bridge/lib:/usr/local/opencv410/lib:/usr/local/lib:/usr/local/cuda-12.6/lib64:/usr/local/opencv410/lib:/usr/local/lib:/home/dxf/WHEELTEC_S300Pro_mini/install/yesense_interface/lib:/home/dxf/WHEELTEC_S300Pro_mini/install/wheeltec_rrt_msg/lib:/home/dxf/WHEELTEC_S300Pro_mini/install/wheeltec_robot_rrt/lib:/home/dxf/WHEELTEC_S300Pro_mini/install/wheeltec_mic_msg/lib:/home/dxf/WHEELTEC_S300Pro_mini/install/usb_cam/lib:/home/dxf/WHEELTEC_S300Pro_mini/install/turn_on_wheeltec_robot/lib:/home/dxf/WHEELTEC_S300Pro_mini/install/serial/lib:/home/dxf/WHEELTEC_S300Pro_mini/install/robot_interfaces/lib:/home/dxf/WHEELTEC_S300Pro_mini/install/orb_slam2_ros/lib:/home/dxf/WHEELTEC_S300Pro_mini/install/openslam_gmapping/lib:/home/dxf/WHEELTEC_S300Pro_mini/install/ollama_ros_msgs/lib:/home/dxf/WHEELTEC_S300Pro_mini/install/lslidar_msgs/lib:/home/dxf/WHEELTEC_S300Pro_mini/install/bodyreader_msg/lib:/home/dxf/WHEELTEC_S300Pro_mini/install/astra_camera/lib:/home/dxf/WHEELTEC_S300Pro_mini/install/astra_camera_msgs/lib:/home/dxf/WHEELTEC_S300Pro_mini/install/aruco_ros/lib:/home/dxf/WHEELTEC_S300Pro_mini/install/aruco_msgs/lib:/home/dxf/WHEELTEC_S300Pro_mini/install/aruco/lib:/opt/ros/humble/opt/rviz_ogre_vendor/lib:/opt/ros/humble/lib/aarch64-linux-gnu:/opt/ros/humble/lib:/usr/local/cuda-12.6/lib64 PYTHONPATH=/home/dxf/wheeltec_lebai_humble_2024_7_17/install/lebai_interfaces/local/lib/python3.10/dist-packages:${PYTHONPATH} /usr/bin/cmake --build /home/dxf/wheeltec_lebai_humble_2024_7_17/build/lebai_tutorials -- -j6 -l6
[66.012s] DEBUG:colcon.colcon_core.event_handler.log_command:Invoked command in '/home/dxf/wheeltec_lebai_humble_2024_7_17/build/lebai_tutorials' returned '0': AMENT_PREFIX_PATH=/home/dxf/wheeltec_lebai_humble_2024_7_17/install/lebai_interfaces:${AMENT_PREFIX_PATH} CMAKE_PREFIX_PATH=/home/dxf/wheeltec_lebai_humble_2024_7_17/install/lebai_interfaces:/home/dxf/WHEELTEC_S300Pro_mini_ros2_arm_src_2025_9_15/install/vision_opencv:/home/dxf/WHEELTEC_S300Pro_mini_ros2_arm_src_2025_9_15/install/trac_ik:/home/dxf/WHEELTEC_S300Pro_mini_ros2_arm_src_2025_9_15/install/trac_ik_kinematics:/home/dxf/WHEELTEC_S300Pro_mini_ros2_arm_src_2025_9_15/install/trac_ik_examples:/home/dxf/WHEELTEC_S300Pro_mini_ros2_arm_src_2025_9_15/install/trac_ik_lib:/home/dxf/WHEELTEC_S300Pro_mini_ros2_arm_src_2025_9_15/install/s300_pro_moveit2_config:/home/dxf/WHEELTEC_S300Pro_mini_ros2_arm_src_2025_9_15/install/s300_mini_moveit2_config:/home/dxf/WHEELTEC_S300Pro_mini_ros2_arm_src_2025_9_15/install/rm_example:/home/dxf/WHEELTEC_S300Pro_mini_ros2_arm_src_2025_9_15/install/rm_driver:/home/dxf/WHEELTEC_S300Pro_mini_ros2_arm_src_2025_9_15/install/rm_control:/home/dxf/WHEELTEC_S300Pro_mini_ros2_arm_src_2025_9_15/install/get_arm_state:/home/dxf/WHEELTEC_S300Pro_mini_ros2_arm_src_2025_9_15/install/force_position_control:/home/dxf/WHEELTEC_S300Pro_mini_ros2_arm_src_2025_9_15/install/control_arm_move:/home/dxf/WHEELTEC_S300Pro_mini_ros2_arm_src_2025_9_15/install/rm_ros_interfaces:/home/dxf/WHEELTEC_S300Pro_mini_ros2_arm_src_2025_9_15/install/rm_install:/home/dxf/WHEELTEC_S300Pro_mini_ros2_arm_src_2025_9_15/install/rm_gazebo:/home/dxf/WHEELTEC_S300Pro_mini_ros2_arm_src_2025_9_15/install/rm_eco65_moveit2_config:/home/dxf/WHEELTEC_S300Pro_mini_ros2_arm_src_2025_9_15/install/rm_doc:/home/dxf/WHEELTEC_S300Pro_mini_ros2_arm_src_2025_9_15/install/rm_description:/home/dxf/WHEELTEC_S300Pro_mini_ros2_arm_src_2025_9_15/install/rm_bringup:/home/dxf/WHEELTEC_S300Pro_mini_ros2_arm_src_2025_9_15/install/image_geometry:/home/dxf/WHEELTEC_S300Pro_mini_ros2_arm_src_2025_9_15/install/cv_bridge:/home/dxf/WHEELTEC_S300Pro_mini_ros2_arm_src_2025_9_15/install/arm_demo:/usr/local/opencv410:/usr/local/opencv410:/home/dxf/WHEELTEC_S300Pro_mini/install/yesense_std_ros2:/home/dxf/WHEELTEC_S300Pro_mini/install/yesense_interface:/home/dxf/WHEELTEC_S300Pro_mini/install/wheeltec_ultrasonic:/home/dxf/WHEELTEC_S300Pro_mini/install/wheeltec_slam_toolbox:/home/dxf/WHEELTEC_S300Pro_mini/install/wheeltec_rviz2:/home/dxf/WHEELTEC_S300Pro_mini/install/wheeltec_rrt_msg:/home/dxf/WHEELTEC_S300Pro_mini/install/wheeltec_robot_rtab:/home/dxf/WHEELTEC_S300Pro_mini/install/wheeltec_robot_rrt:/home/dxf/WHEELTEC_S300Pro_mini/install/wheeltec_robot_kcf:/home/dxf/WHEELTEC_S300Pro_mini/install/wheeltec_path_follow:/home/dxf/WHEELTEC_S300Pro_mini/install/wheeltec_nav2:/home/dxf/WHEELTEC_S300Pro_mini/install/wheeltec_mic_ros2:/home/dxf/WHEELTEC_S300Pro_mini/install/wheeltec_mic_msg:/home/dxf/WHEELTEC_S300Pro_mini/install/wheeltec_joy:/home/dxf/WHEELTEC_S300Pro_mini/install/wheeltec_cartographer:/home/dxf/WHEELTEC_S300Pro_mini/install/web_video_server:/home/dxf/WHEELTEC_S300Pro_mini/install/usb_cam:/home/dxf/WHEELTEC_S300Pro_mini/install/turn_on_wheeltec_robot:/home/dxf/WHEELTEC_S300Pro_mini/install/slam_gmapping:/home/dxf/WHEELTEC_S300Pro_mini/install/bodyreader:/home/dxf/WHEELTEC_S300Pro_mini/install/serial:/home/dxf/WHEELTEC_S300Pro_mini/install/robot_interfaces:/home/dxf/WHEELTEC_S300Pro_mini/install/rm_description:/home/dxf/WHEELTEC_S300Pro_mini/install/qt_ros_test:/home/dxf/WHEELTEC_S300Pro_mini/install/orb_slam2_ros:/home/dxf/WHEELTEC_S300Pro_mini/install/openslam_gmapping:/home/dxf/WHEELTEC_S300Pro_mini/install/ollama_ros_msgs:/home/dxf/WHEELTEC_S300Pro_mini/install/lslidar_driver:/home/dxf/WHEELTEC_S300Pro_mini/install/lslidar_msgs:/home/dxf/WHEELTEC_S300Pro_mini/install/ldlidar_stl_ros2:/home/dxf/WHEELTEC_S300Pro_mini/install/ldlidar_sl_ros2:/home/dxf/WHEELTEC_S300Pro_mini/install/double_lidar_fusion:/home/dxf/WHEELTEC_S300Pro_mini/install/bodyreader_msg:/home/dxf/WHEELTEC_S300Pro_mini/install/astra_camera:/home/dxf/WHEELTEC_S300Pro_mini/install/astra_camera_msgs:/home/dxf/WHEELTEC_S300Pro_mini/install/aruco_ros:/home/dxf/WHEELTEC_S300Pro_mini/install/aruco_msgs:/home/dxf/WHEELTEC_S300Pro_mini/install/aruco:/home/dxf/WHEELTEC_S300Pro_mini_ros2_arm_src_2025_9_15/install/opencv_tests:/home/dxf/WHEELTEC_S300Pro_mini/install/wheeltec_robot_keyboard:/home/dxf/WHEELTEC_S300Pro_mini/install/simple_follower_ros2:/home/dxf/WHEELTEC_S300Pro_mini/install/ollama_ros_chat:/home/dxf/WHEELTEC_S300Pro_mini/install/nav2_waypoint_cycle:/home/dxf/WHEELTEC_S300Pro_mini/install/auto_recharge_ros2:/opt/ros/humble LD_LIBRARY_PATH=/home/dxf/wheeltec_lebai_humble_2024_7_17/install/lebai_interfaces/lib:/home/dxf/WHEELTEC_S300Pro_mini_ros2_arm_src_2025_9_15/install/trac_ik_kinematics/lib:/home/dxf/WHEELTEC_S300Pro_mini_ros2_arm_src_2025_9_15/install/trac_ik_lib/lib:/home/dxf/WHEELTEC_S300Pro_mini_ros2_arm_src_2025_9_15/install/rm_ros_interfaces/lib:/home/dxf/WHEELTEC_S300Pro_mini_ros2_arm_src_2025_9_15/install/image_geometry/lib:/home/dxf/WHEELTEC_S300Pro_mini_ros2_arm_src_2025_9_15/install/cv_bridge/lib:/usr/local/opencv410/lib:/usr/local/lib:/usr/local/cuda-12.6/lib64:/usr/local/opencv410/lib:/usr/local/lib:/home/dxf/WHEELTEC_S300Pro_mini/install/yesense_interface/lib:/home/dxf/WHEELTEC_S300Pro_mini/install/wheeltec_rrt_msg/lib:/home/dxf/WHEELTEC_S300Pro_mini/install/wheeltec_robot_rrt/lib:/home/dxf/WHEELTEC_S300Pro_mini/install/wheeltec_mic_msg/lib:/home/dxf/WHEELTEC_S300Pro_mini/install/usb_cam/lib:/home/dxf/WHEELTEC_S300Pro_mini/install/turn_on_wheeltec_robot/lib:/home/dxf/WHEELTEC_S300Pro_mini/install/serial/lib:/home/dxf/WHEELTEC_S300Pro_mini/install/robot_interfaces/lib:/home/dxf/WHEELTEC_S300Pro_mini/install/orb_slam2_ros/lib:/home/dxf/WHEELTEC_S300Pro_mini/install/openslam_gmapping/lib:/home/dxf/WHEELTEC_S300Pro_mini/install/ollama_ros_msgs/lib:/home/dxf/WHEELTEC_S300Pro_mini/install/lslidar_msgs/lib:/home/dxf/WHEELTEC_S300Pro_mini/install/bodyreader_msg/lib:/home/dxf/WHEELTEC_S300Pro_mini/install/astra_camera/lib:/home/dxf/WHEELTEC_S300Pro_mini/install/astra_camera_msgs/lib:/home/dxf/WHEELTEC_S300Pro_mini/install/aruco_ros/lib:/home/dxf/WHEELTEC_S300Pro_mini/install/aruco_msgs/lib:/home/dxf/WHEELTEC_S300Pro_mini/install/aruco/lib:/opt/ros/humble/opt/rviz_ogre_vendor/lib:/opt/ros/humble/lib/aarch64-linux-gnu:/opt/ros/humble/lib:/usr/local/cuda-12.6/lib64 PYTHONPATH=/home/dxf/wheeltec_lebai_humble_2024_7_17/install/lebai_interfaces/local/lib/python3.10/dist-packages:${PYTHONPATH} /usr/bin/cmake --build /home/dxf/wheeltec_lebai_humble_2024_7_17/build/lebai_tutorials -- -j6 -l6
[66.017s] DEBUG:colcon.colcon_core.event_handler.log_command:Invoking command in '/home/dxf/wheeltec_lebai_humble_2024_7_17/build/lebai_tutorials': AMENT_PREFIX_PATH=/home/dxf/wheeltec_lebai_humble_2024_7_17/install/lebai_interfaces:${AMENT_PREFIX_PATH} CMAKE_PREFIX_PATH=/home/dxf/wheeltec_lebai_humble_2024_7_17/install/lebai_interfaces:/home/dxf/WHEELTEC_S300Pro_mini_ros2_arm_src_2025_9_15/install/vision_opencv:/home/dxf/WHEELTEC_S300Pro_mini_ros2_arm_src_2025_9_15/install/trac_ik:/home/dxf/WHEELTEC_S300Pro_mini_ros2_arm_src_2025_9_15/install/trac_ik_kinematics:/home/dxf/WHEELTEC_S300Pro_mini_ros2_arm_src_2025_9_15/install/trac_ik_examples:/home/dxf/WHEELTEC_S300Pro_mini_ros2_arm_src_2025_9_15/install/trac_ik_lib:/home/dxf/WHEELTEC_S300Pro_mini_ros2_arm_src_2025_9_15/install/s300_pro_moveit2_config:/home/dxf/WHEELTEC_S300Pro_mini_ros2_arm_src_2025_9_15/install/s300_mini_moveit2_config:/home/dxf/WHEELTEC_S300Pro_mini_ros2_arm_src_2025_9_15/install/rm_example:/home/dxf/WHEELTEC_S300Pro_mini_ros2_arm_src_2025_9_15/install/rm_driver:/home/dxf/WHEELTEC_S300Pro_mini_ros2_arm_src_2025_9_15/install/rm_control:/home/dxf/WHEELTEC_S300Pro_mini_ros2_arm_src_2025_9_15/install/get_arm_state:/home/dxf/WHEELTEC_S300Pro_mini_ros2_arm_src_2025_9_15/install/force_position_control:/home/dxf/WHEELTEC_S300Pro_mini_ros2_arm_src_2025_9_15/install/control_arm_move:/home/dxf/WHEELTEC_S300Pro_mini_ros2_arm_src_2025_9_15/install/rm_ros_interfaces:/home/dxf/WHEELTEC_S300Pro_mini_ros2_arm_src_2025_9_15/install/rm_install:/home/dxf/WHEELTEC_S300Pro_mini_ros2_arm_src_2025_9_15/install/rm_gazebo:/home/dxf/WHEELTEC_S300Pro_mini_ros2_arm_src_2025_9_15/install/rm_eco65_moveit2_config:/home/dxf/WHEELTEC_S300Pro_mini_ros2_arm_src_2025_9_15/install/rm_doc:/home/dxf/WHEELTEC_S300Pro_mini_ros2_arm_src_2025_9_15/install/rm_description:/home/dxf/WHEELTEC_S300Pro_mini_ros2_arm_src_2025_9_15/install/rm_bringup:/home/dxf/WHEELTEC_S300Pro_mini_ros2_arm_src_2025_9_15/install/image_geometry:/home/dxf/WHEELTEC_S300Pro_mini_ros2_arm_src_2025_9_15/install/cv_bridge:/home/dxf/WHEELTEC_S300Pro_mini_ros2_arm_src_2025_9_15/install/arm_demo:/usr/local/opencv410:/usr/local/opencv410:/home/dxf/WHEELTEC_S300Pro_mini/install/yesense_std_ros2:/home/dxf/WHEELTEC_S300Pro_mini/install/yesense_interface:/home/dxf/WHEELTEC_S300Pro_mini/install/wheeltec_ultrasonic:/home/dxf/WHEELTEC_S300Pro_mini/install/wheeltec_slam_toolbox:/home/dxf/WHEELTEC_S300Pro_mini/install/wheeltec_rviz2:/home/dxf/WHEELTEC_S300Pro_mini/install/wheeltec_rrt_msg:/home/dxf/WHEELTEC_S300Pro_mini/install/wheeltec_robot_rtab:/home/dxf/WHEELTEC_S300Pro_mini/install/wheeltec_robot_rrt:/home/dxf/WHEELTEC_S300Pro_mini/install/wheeltec_robot_kcf:/home/dxf/WHEELTEC_S300Pro_mini/install/wheeltec_path_follow:/home/dxf/WHEELTEC_S300Pro_mini/install/wheeltec_nav2:/home/dxf/WHEELTEC_S300Pro_mini/install/wheeltec_mic_ros2:/home/dxf/WHEELTEC_S300Pro_mini/install/wheeltec_mic_msg:/home/dxf/WHEELTEC_S300Pro_mini/install/wheeltec_joy:/home/dxf/WHEELTEC_S300Pro_mini/install/wheeltec_cartographer:/home/dxf/WHEELTEC_S300Pro_mini/install/web_video_server:/home/dxf/WHEELTEC_S300Pro_mini/install/usb_cam:/home/dxf/WHEELTEC_S300Pro_mini/install/turn_on_wheeltec_robot:/home/dxf/WHEELTEC_S300Pro_mini/install/slam_gmapping:/home/dxf/WHEELTEC_S300Pro_mini/install/bodyreader:/home/dxf/WHEELTEC_S300Pro_mini/install/serial:/home/dxf/WHEELTEC_S300Pro_mini/install/robot_interfaces:/home/dxf/WHEELTEC_S300Pro_mini/install/rm_description:/home/dxf/WHEELTEC_S300Pro_mini/install/qt_ros_test:/home/dxf/WHEELTEC_S300Pro_mini/install/orb_slam2_ros:/home/dxf/WHEELTEC_S300Pro_mini/install/openslam_gmapping:/home/dxf/WHEELTEC_S300Pro_mini/install/ollama_ros_msgs:/home/dxf/WHEELTEC_S300Pro_mini/install/lslidar_driver:/home/dxf/WHEELTEC_S300Pro_mini/install/lslidar_msgs:/home/dxf/WHEELTEC_S300Pro_mini/install/ldlidar_stl_ros2:/home/dxf/WHEELTEC_S300Pro_mini/install/ldlidar_sl_ros2:/home/dxf/WHEELTEC_S300Pro_mini/install/double_lidar_fusion:/home/dxf/WHEELTEC_S300Pro_mini/install/bodyreader_msg:/home/dxf/WHEELTEC_S300Pro_mini/install/astra_camera:/home/dxf/WHEELTEC_S300Pro_mini/install/astra_camera_msgs:/home/dxf/WHEELTEC_S300Pro_mini/install/aruco_ros:/home/dxf/WHEELTEC_S300Pro_mini/install/aruco_msgs:/home/dxf/WHEELTEC_S300Pro_mini/install/aruco:/home/dxf/WHEELTEC_S300Pro_mini_ros2_arm_src_2025_9_15/install/opencv_tests:/home/dxf/WHEELTEC_S300Pro_mini/install/wheeltec_robot_keyboard:/home/dxf/WHEELTEC_S300Pro_mini/install/simple_follower_ros2:/home/dxf/WHEELTEC_S300Pro_mini/install/ollama_ros_chat:/home/dxf/WHEELTEC_S300Pro_mini/install/nav2_waypoint_cycle:/home/dxf/WHEELTEC_S300Pro_mini/install/auto_recharge_ros2:/opt/ros/humble LD_LIBRARY_PATH=/home/dxf/wheeltec_lebai_humble_2024_7_17/install/lebai_interfaces/lib:/home/dxf/WHEELTEC_S300Pro_mini_ros2_arm_src_2025_9_15/install/trac_ik_kinematics/lib:/home/dxf/WHEELTEC_S300Pro_mini_ros2_arm_src_2025_9_15/install/trac_ik_lib/lib:/home/dxf/WHEELTEC_S300Pro_mini_ros2_arm_src_2025_9_15/install/rm_ros_interfaces/lib:/home/dxf/WHEELTEC_S300Pro_mini_ros2_arm_src_2025_9_15/install/image_geometry/lib:/home/dxf/WHEELTEC_S300Pro_mini_ros2_arm_src_2025_9_15/install/cv_bridge/lib:/usr/local/opencv410/lib:/usr/local/lib:/usr/local/cuda-12.6/lib64:/usr/local/opencv410/lib:/usr/local/lib:/home/dxf/WHEELTEC_S300Pro_mini/install/yesense_interface/lib:/home/dxf/WHEELTEC_S300Pro_mini/install/wheeltec_rrt_msg/lib:/home/dxf/WHEELTEC_S300Pro_mini/install/wheeltec_robot_rrt/lib:/home/dxf/WHEELTEC_S300Pro_mini/install/wheeltec_mic_msg/lib:/home/dxf/WHEELTEC_S300Pro_mini/install/usb_cam/lib:/home/dxf/WHEELTEC_S300Pro_mini/install/turn_on_wheeltec_robot/lib:/home/dxf/WHEELTEC_S300Pro_mini/install/serial/lib:/home/dxf/WHEELTEC_S300Pro_mini/install/robot_interfaces/lib:/home/dxf/WHEELTEC_S300Pro_mini/install/orb_slam2_ros/lib:/home/dxf/WHEELTEC_S300Pro_mini/install/openslam_gmapping/lib:/home/dxf/WHEELTEC_S300Pro_mini/install/ollama_ros_msgs/lib:/home/dxf/WHEELTEC_S300Pro_mini/install/lslidar_msgs/lib:/home/dxf/WHEELTEC_S300Pro_mini/install/bodyreader_msg/lib:/home/dxf/WHEELTEC_S300Pro_mini/install/astra_camera/lib:/home/dxf/WHEELTEC_S300Pro_mini/install/astra_camera_msgs/lib:/home/dxf/WHEELTEC_S300Pro_mini/install/aruco_ros/lib:/home/dxf/WHEELTEC_S300Pro_mini/install/aruco_msgs/lib:/home/dxf/WHEELTEC_S300Pro_mini/install/aruco/lib:/opt/ros/humble/opt/rviz_ogre_vendor/lib:/opt/ros/humble/lib/aarch64-linux-gnu:/opt/ros/humble/lib:/usr/local/cuda-12.6/lib64 PYTHONPATH=/home/dxf/wheeltec_lebai_humble_2024_7_17/install/lebai_interfaces/local/lib/python3.10/dist-packages:${PYTHONPATH} /usr/bin/cmake --install /home/dxf/wheeltec_lebai_humble_2024_7_17/build/lebai_tutorials
[66.057s] Level 1:colcon.colcon_core.environment:create_environment_scripts_only(lebai_tutorials)
[66.058s] Level 1:colcon.colcon_core.environment:checking '/home/dxf/wheeltec_lebai_humble_2024_7_17/install/lebai_tutorials' for CMake module files
[66.060s] DEBUG:colcon.colcon_core.event_handler.log_command:Invoked command in '/home/dxf/wheeltec_lebai_humble_2024_7_17/build/lebai_tutorials' returned '0': AMENT_PREFIX_PATH=/home/dxf/wheeltec_lebai_humble_2024_7_17/install/lebai_interfaces:${AMENT_PREFIX_PATH} CMAKE_PREFIX_PATH=/home/dxf/wheeltec_lebai_humble_2024_7_17/install/lebai_interfaces:/home/dxf/WHEELTEC_S300Pro_mini_ros2_arm_src_2025_9_15/install/vision_opencv:/home/dxf/WHEELTEC_S300Pro_mini_ros2_arm_src_2025_9_15/install/trac_ik:/home/dxf/WHEELTEC_S300Pro_mini_ros2_arm_src_2025_9_15/install/trac_ik_kinematics:/home/dxf/WHEELTEC_S300Pro_mini_ros2_arm_src_2025_9_15/install/trac_ik_examples:/home/dxf/WHEELTEC_S300Pro_mini_ros2_arm_src_2025_9_15/install/trac_ik_lib:/home/dxf/WHEELTEC_S300Pro_mini_ros2_arm_src_2025_9_15/install/s300_pro_moveit2_config:/home/dxf/WHEELTEC_S300Pro_mini_ros2_arm_src_2025_9_15/install/s300_mini_moveit2_config:/home/dxf/WHEELTEC_S300Pro_mini_ros2_arm_src_2025_9_15/install/rm_example:/home/dxf/WHEELTEC_S300Pro_mini_ros2_arm_src_2025_9_15/install/rm_driver:/home/dxf/WHEELTEC_S300Pro_mini_ros2_arm_src_2025_9_15/install/rm_control:/home/dxf/WHEELTEC_S300Pro_mini_ros2_arm_src_2025_9_15/install/get_arm_state:/home/dxf/WHEELTEC_S300Pro_mini_ros2_arm_src_2025_9_15/install/force_position_control:/home/dxf/WHEELTEC_S300Pro_mini_ros2_arm_src_2025_9_15/install/control_arm_move:/home/dxf/WHEELTEC_S300Pro_mini_ros2_arm_src_2025_9_15/install/rm_ros_interfaces:/home/dxf/WHEELTEC_S300Pro_mini_ros2_arm_src_2025_9_15/install/rm_install:/home/dxf/WHEELTEC_S300Pro_mini_ros2_arm_src_2025_9_15/install/rm_gazebo:/home/dxf/WHEELTEC_S300Pro_mini_ros2_arm_src_2025_9_15/install/rm_eco65_moveit2_config:/home/dxf/WHEELTEC_S300Pro_mini_ros2_arm_src_2025_9_15/install/rm_doc:/home/dxf/WHEELTEC_S300Pro_mini_ros2_arm_src_2025_9_15/install/rm_description:/home/dxf/WHEELTEC_S300Pro_mini_ros2_arm_src_2025_9_15/install/rm_bringup:/home/dxf/WHEELTEC_S300Pro_mini_ros2_arm_src_2025_9_15/install/image_geometry:/home/dxf/WHEELTEC_S300Pro_mini_ros2_arm_src_2025_9_15/install/cv_bridge:/home/dxf/WHEELTEC_S300Pro_mini_ros2_arm_src_2025_9_15/install/arm_demo:/usr/local/opencv410:/usr/local/opencv410:/home/dxf/WHEELTEC_S300Pro_mini/install/yesense_std_ros2:/home/dxf/WHEELTEC_S300Pro_mini/install/yesense_interface:/home/dxf/WHEELTEC_S300Pro_mini/install/wheeltec_ultrasonic:/home/dxf/WHEELTEC_S300Pro_mini/install/wheeltec_slam_toolbox:/home/dxf/WHEELTEC_S300Pro_mini/install/wheeltec_rviz2:/home/dxf/WHEELTEC_S300Pro_mini/install/wheeltec_rrt_msg:/home/dxf/WHEELTEC_S300Pro_mini/install/wheeltec_robot_rtab:/home/dxf/WHEELTEC_S300Pro_mini/install/wheeltec_robot_rrt:/home/dxf/WHEELTEC_S300Pro_mini/install/wheeltec_robot_kcf:/home/dxf/WHEELTEC_S300Pro_mini/install/wheeltec_path_follow:/home/dxf/WHEELTEC_S300Pro_mini/install/wheeltec_nav2:/home/dxf/WHEELTEC_S300Pro_mini/install/wheeltec_mic_ros2:/home/dxf/WHEELTEC_S300Pro_mini/install/wheeltec_mic_msg:/home/dxf/WHEELTEC_S300Pro_mini/install/wheeltec_joy:/home/dxf/WHEELTEC_S300Pro_mini/install/wheeltec_cartographer:/home/dxf/WHEELTEC_S300Pro_mini/install/web_video_server:/home/dxf/WHEELTEC_S300Pro_mini/install/usb_cam:/home/dxf/WHEELTEC_S300Pro_mini/install/turn_on_wheeltec_robot:/home/dxf/WHEELTEC_S300Pro_mini/install/slam_gmapping:/home/dxf/WHEELTEC_S300Pro_mini/install/bodyreader:/home/dxf/WHEELTEC_S300Pro_mini/install/serial:/home/dxf/WHEELTEC_S300Pro_mini/install/robot_interfaces:/home/dxf/WHEELTEC_S300Pro_mini/install/rm_description:/home/dxf/WHEELTEC_S300Pro_mini/install/qt_ros_test:/home/dxf/WHEELTEC_S300Pro_mini/install/orb_slam2_ros:/home/dxf/WHEELTEC_S300Pro_mini/install/openslam_gmapping:/home/dxf/WHEELTEC_S300Pro_mini/install/ollama_ros_msgs:/home/dxf/WHEELTEC_S300Pro_mini/install/lslidar_driver:/home/dxf/WHEELTEC_S300Pro_mini/install/lslidar_msgs:/home/dxf/WHEELTEC_S300Pro_mini/install/ldlidar_stl_ros2:/home/dxf/WHEELTEC_S300Pro_mini/install/ldlidar_sl_ros2:/home/dxf/WHEELTEC_S300Pro_mini/install/double_lidar_fusion:/home/dxf/WHEELTEC_S300Pro_mini/install/bodyreader_msg:/home/dxf/WHEELTEC_S300Pro_mini/install/astra_camera:/home/dxf/WHEELTEC_S300Pro_mini/install/astra_camera_msgs:/home/dxf/WHEELTEC_S300Pro_mini/install/aruco_ros:/home/dxf/WHEELTEC_S300Pro_mini/install/aruco_msgs:/home/dxf/WHEELTEC_S300Pro_mini/install/aruco:/home/dxf/WHEELTEC_S300Pro_mini_ros2_arm_src_2025_9_15/install/opencv_tests:/home/dxf/WHEELTEC_S300Pro_mini/install/wheeltec_robot_keyboard:/home/dxf/WHEELTEC_S300Pro_mini/install/simple_follower_ros2:/home/dxf/WHEELTEC_S300Pro_mini/install/ollama_ros_chat:/home/dxf/WHEELTEC_S300Pro_mini/install/nav2_waypoint_cycle:/home/dxf/WHEELTEC_S300Pro_mini/install/auto_recharge_ros2:/opt/ros/humble LD_LIBRARY_PATH=/home/dxf/wheeltec_lebai_humble_2024_7_17/install/lebai_interfaces/lib:/home/dxf/WHEELTEC_S300Pro_mini_ros2_arm_src_2025_9_15/install/trac_ik_kinematics/lib:/home/dxf/WHEELTEC_S300Pro_mini_ros2_arm_src_2025_9_15/install/trac_ik_lib/lib:/home/dxf/WHEELTEC_S300Pro_mini_ros2_arm_src_2025_9_15/install/rm_ros_interfaces/lib:/home/dxf/WHEELTEC_S300Pro_mini_ros2_arm_src_2025_9_15/install/image_geometry/lib:/home/dxf/WHEELTEC_S300Pro_mini_ros2_arm_src_2025_9_15/install/cv_bridge/lib:/usr/local/opencv410/lib:/usr/local/lib:/usr/local/cuda-12.6/lib64:/usr/local/opencv410/lib:/usr/local/lib:/home/dxf/WHEELTEC_S300Pro_mini/install/yesense_interface/lib:/home/dxf/WHEELTEC_S300Pro_mini/install/wheeltec_rrt_msg/lib:/home/dxf/WHEELTEC_S300Pro_mini/install/wheeltec_robot_rrt/lib:/home/dxf/WHEELTEC_S300Pro_mini/install/wheeltec_mic_msg/lib:/home/dxf/WHEELTEC_S300Pro_mini/install/usb_cam/lib:/home/dxf/WHEELTEC_S300Pro_mini/install/turn_on_wheeltec_robot/lib:/home/dxf/WHEELTEC_S300Pro_mini/install/serial/lib:/home/dxf/WHEELTEC_S300Pro_mini/install/robot_interfaces/lib:/home/dxf/WHEELTEC_S300Pro_mini/install/orb_slam2_ros/lib:/home/dxf/WHEELTEC_S300Pro_mini/install/openslam_gmapping/lib:/home/dxf/WHEELTEC_S300Pro_mini/install/ollama_ros_msgs/lib:/home/dxf/WHEELTEC_S300Pro_mini/install/lslidar_msgs/lib:/home/dxf/WHEELTEC_S300Pro_mini/install/bodyreader_msg/lib:/home/dxf/WHEELTEC_S300Pro_mini/install/astra_camera/lib:/home/dxf/WHEELTEC_S300Pro_mini/install/astra_camera_msgs/lib:/home/dxf/WHEELTEC_S300Pro_mini/install/aruco_ros/lib:/home/dxf/WHEELTEC_S300Pro_mini/install/aruco_msgs/lib:/home/dxf/WHEELTEC_S300Pro_mini/install/aruco/lib:/opt/ros/humble/opt/rviz_ogre_vendor/lib:/opt/ros/humble/lib/aarch64-linux-gnu:/opt/ros/humble/lib:/usr/local/cuda-12.6/lib64 PYTHONPATH=/home/dxf/wheeltec_lebai_humble_2024_7_17/install/lebai_interfaces/local/lib/python3.10/dist-packages:${PYTHONPATH} /usr/bin/cmake --install /home/dxf/wheeltec_lebai_humble_2024_7_17/build/lebai_tutorials
[66.061s] Level 1:colcon.colcon_core.environment:checking '/home/dxf/wheeltec_lebai_humble_2024_7_17/install/lebai_tutorials' for CMake config files
[66.062s] Level 1:colcon.colcon_core.shell:create_environment_hook('lebai_tutorials', 'cmake_prefix_path')
[66.063s] INFO:colcon.colcon_core.shell:Creating environment hook '/home/dxf/wheeltec_lebai_humble_2024_7_17/install/lebai_tutorials/share/lebai_tutorials/hook/cmake_prefix_path.ps1'
[66.065s] INFO:colcon.colcon_core.shell:Creating environment descriptor '/home/dxf/wheeltec_lebai_humble_2024_7_17/install/lebai_tutorials/share/lebai_tutorials/hook/cmake_prefix_path.dsv'
[66.066s] INFO:colcon.colcon_core.shell:Creating environment hook '/home/dxf/wheeltec_lebai_humble_2024_7_17/install/lebai_tutorials/share/lebai_tutorials/hook/cmake_prefix_path.sh'
[66.067s] Level 1:colcon.colcon_core.environment:checking '/home/dxf/wheeltec_lebai_humble_2024_7_17/install/lebai_tutorials/lib'
[66.068s] Level 1:colcon.colcon_core.environment:checking '/home/dxf/wheeltec_lebai_humble_2024_7_17/install/lebai_tutorials/bin'
[66.068s] Level 1:colcon.colcon_core.environment:checking '/home/dxf/wheeltec_lebai_humble_2024_7_17/install/lebai_tutorials/lib/pkgconfig/lebai_tutorials.pc'
[66.069s] Level 1:colcon.colcon_core.environment:checking '/home/dxf/wheeltec_lebai_humble_2024_7_17/install/lebai_tutorials/lib/python3.10/site-packages'
[66.070s] Level 1:colcon.colcon_core.environment:checking '/home/dxf/wheeltec_lebai_humble_2024_7_17/install/lebai_tutorials/bin'
[66.072s] INFO:colcon.colcon_core.shell:Creating package script '/home/dxf/wheeltec_lebai_humble_2024_7_17/install/lebai_tutorials/share/lebai_tutorials/package.ps1'
[66.074s] INFO:colcon.colcon_core.shell:Creating package descriptor '/home/dxf/wheeltec_lebai_humble_2024_7_17/install/lebai_tutorials/share/lebai_tutorials/package.dsv'
[66.075s] INFO:colcon.colcon_core.shell:Creating package script '/home/dxf/wheeltec_lebai_humble_2024_7_17/install/lebai_tutorials/share/lebai_tutorials/package.sh'
[66.075s] INFO:colcon.colcon_core.shell:Creating package script '/home/dxf/wheeltec_lebai_humble_2024_7_17/install/lebai_tutorials/share/lebai_tutorials/package.bash'
[66.076s] INFO:colcon.colcon_core.shell:Creating package script '/home/dxf/wheeltec_lebai_humble_2024_7_17/install/lebai_tutorials/share/lebai_tutorials/package.zsh'
[66.077s] Level 1:colcon.colcon_core.environment:create_file_with_runtime_dependencies(/home/dxf/wheeltec_lebai_humble_2024_7_17/install/lebai_tutorials/share/colcon-core/packages/lebai_tutorials)
[66.079s] Level 1:colcon.colcon_core.environment:create_environment_scripts_only(lebai_tutorials)
[66.080s] Level 1:colcon.colcon_core.environment:checking '/home/dxf/wheeltec_lebai_humble_2024_7_17/install/lebai_tutorials' for CMake module files
[66.082s] Level 1:colcon.colcon_core.environment:checking '/home/dxf/wheeltec_lebai_humble_2024_7_17/install/lebai_tutorials' for CMake config files
[66.082s] Level 1:colcon.colcon_core.shell:create_environment_hook('lebai_tutorials', 'cmake_prefix_path')
[66.083s] INFO:colcon.colcon_core.shell:Creating environment hook '/home/dxf/wheeltec_lebai_humble_2024_7_17/install/lebai_tutorials/share/lebai_tutorials/hook/cmake_prefix_path.ps1'
[66.084s] INFO:colcon.colcon_core.shell:Creating environment descriptor '/home/dxf/wheeltec_lebai_humble_2024_7_17/install/lebai_tutorials/share/lebai_tutorials/hook/cmake_prefix_path.dsv'
[66.085s] INFO:colcon.colcon_core.shell:Creating environment hook '/home/dxf/wheeltec_lebai_humble_2024_7_17/install/lebai_tutorials/share/lebai_tutorials/hook/cmake_prefix_path.sh'
[66.087s] Level 1:colcon.colcon_core.environment:checking '/home/dxf/wheeltec_lebai_humble_2024_7_17/install/lebai_tutorials/lib'
[66.088s] Level 1:colcon.colcon_core.environment:checking '/home/dxf/wheeltec_lebai_humble_2024_7_17/install/lebai_tutorials/bin'
[66.088s] Level 1:colcon.colcon_core.environment:checking '/home/dxf/wheeltec_lebai_humble_2024_7_17/install/lebai_tutorials/lib/pkgconfig/lebai_tutorials.pc'
[66.089s] Level 1:colcon.colcon_core.environment:checking '/home/dxf/wheeltec_lebai_humble_2024_7_17/install/lebai_tutorials/lib/python3.10/site-packages'
[66.090s] Level 1:colcon.colcon_core.environment:checking '/home/dxf/wheeltec_lebai_humble_2024_7_17/install/lebai_tutorials/bin'
[66.091s] INFO:colcon.colcon_core.shell:Creating package script '/home/dxf/wheeltec_lebai_humble_2024_7_17/install/lebai_tutorials/share/lebai_tutorials/package.ps1'
[66.092s] INFO:colcon.colcon_core.shell:Creating package descriptor '/home/dxf/wheeltec_lebai_humble_2024_7_17/install/lebai_tutorials/share/lebai_tutorials/package.dsv'
[66.094s] INFO:colcon.colcon_core.shell:Creating package script '/home/dxf/wheeltec_lebai_humble_2024_7_17/install/lebai_tutorials/share/lebai_tutorials/package.sh'
[66.095s] INFO:colcon.colcon_core.shell:Creating package script '/home/dxf/wheeltec_lebai_humble_2024_7_17/install/lebai_tutorials/share/lebai_tutorials/package.bash'
[66.097s] INFO:colcon.colcon_core.shell:Creating package script '/home/dxf/wheeltec_lebai_humble_2024_7_17/install/lebai_tutorials/share/lebai_tutorials/package.zsh'
[66.098s] Level 1:colcon.colcon_core.environment:create_file_with_runtime_dependencies(/home/dxf/wheeltec_lebai_humble_2024_7_17/install/lebai_tutorials/share/colcon-core/packages/lebai_tutorials)
[66.111s] DEBUG:colcon.colcon_parallel_executor.executor.parallel:closing loop
[66.114s] DEBUG:colcon.colcon_parallel_executor.executor.parallel:loop closed
[66.115s] DEBUG:colcon.colcon_parallel_executor.executor.parallel:run_until_complete finished with '1'
[66.116s] DEBUG:colcon.colcon_core.event_reactor:joining thread
[66.169s] INFO:colcon.colcon_core.plugin_system:Skipping extension 'colcon_notification.desktop_notification.terminal_notifier': Not used on non-Darwin systems
[66.169s] INFO:colcon.colcon_core.plugin_system:Skipping extension 'colcon_notification.desktop_notification.win32': Not used on non-Windows systems
[66.170s] INFO:colcon.colcon_notification.desktop_notification:Sending desktop notification using 'notify2'
[66.276s] DEBUG:colcon.colcon_core.event_reactor:joined thread
[66.278s] INFO:colcon.colcon_core.shell:Creating prefix script '/home/dxf/wheeltec_lebai_humble_2024_7_17/install/local_setup.ps1'
[66.282s] INFO:colcon.colcon_core.shell:Creating prefix util module '/home/dxf/wheeltec_lebai_humble_2024_7_17/install/_local_setup_util_ps1.py'
[66.284s] INFO:colcon.colcon_core.shell:Creating prefix chain script '/home/dxf/wheeltec_lebai_humble_2024_7_17/install/setup.ps1'
[66.296s] INFO:colcon.colcon_core.shell:Creating prefix script '/home/dxf/wheeltec_lebai_humble_2024_7_17/install/local_setup.sh'
[66.298s] INFO:colcon.colcon_core.shell:Creating prefix util module '/home/dxf/wheeltec_lebai_humble_2024_7_17/install/_local_setup_util_sh.py'
[66.299s] INFO:colcon.colcon_core.shell:Creating prefix chain script '/home/dxf/wheeltec_lebai_humble_2024_7_17/install/setup.sh'
[66.312s] INFO:colcon.colcon_core.shell:Creating prefix script '/home/dxf/wheeltec_lebai_humble_2024_7_17/install/local_setup.bash'
[66.314s] INFO:colcon.colcon_core.shell:Creating prefix chain script '/home/dxf/wheeltec_lebai_humble_2024_7_17/install/setup.bash'
[66.325s] INFO:colcon.colcon_core.shell:Creating prefix script '/home/dxf/wheeltec_lebai_humble_2024_7_17/install/local_setup.zsh'
[66.327s] INFO:colcon.colcon_core.shell:Creating prefix chain script '/home/dxf/wheeltec_lebai_humble_2024_7_17/install/setup.zsh'
