[0.000000] (-) TimerEvent: {}
[0.002183] (-) JobUnselected: {'identifier': 'arm_demo'}
[0.003101] (-) JobUnselected: {'identifier': 'lebai_driver'}
[0.003380] (-) JobUnselected: {'identifier': 'lebai_interfaces'}
[0.003647] (-) JobUnselected: {'identifier': 'lebai_lm3_moveit_config'}
[0.004045] (-) JobUnselected: {'identifier': 'lebai_lm3_support'}
[0.004395] (-) JobUnselected: {'identifier': 'lebai_resources'}
[0.004676] (-) JobUnselected: {'identifier': 'lebai_tutorials'}
[0.004899] (grab_demo) JobQueued: {'identifier': 'grab_demo', 'dependencies': OrderedDict()}
[0.005206] (grab_demo) JobStarted: {'identifier': 'grab_demo'}
[0.028908] (grab_demo) JobProgress: {'identifier': 'grab_demo', 'progress': 'cmake'}
[0.030717] (grab_demo) JobProgress: {'identifier': 'grab_demo', 'progress': 'build'}
[0.032385] (grab_demo) Command: {'cmd': ['/usr/bin/cmake', '--build', '/home/dxf/wheeltec_lebai_humble_2024_7_17/build/grab_demo', '--', '-j6', '-l6'], 'cwd': '/home/dxf/wheeltec_lebai_humble_2024_7_17/build/grab_demo', 'env': OrderedDict([('PYTHON_BASIC_REPL', '1'), ('LESSOPEN', '| /usr/bin/lesspipe %s'), ('LANGUAGE', 'zh_CN:en_US:en'), ('USER', 'dxf'), ('SSH_CLIENT', '192.168.0.66 60207 22'), ('LC_TIME', 'zh_CN.UTF-8'), ('XDG_SESSION_TYPE', 'tty'), ('GIT_ASKPASS', '/home/dxf/.vscode-server/cli/servers/Stable-6f17636121051a53c88d3e605c491d22af2ba755/server/extensions/git/dist/askpass.sh'), ('SHLVL', '2'), ('LD_LIBRARY_PATH', '/home/dxf/wheeltec_lebai_humble_2024_7_17/install/lebai_interfaces/lib:/home/dxf/wheeltec_lebai_humble_2024_7_17/install/grab_demo/lib:/usr/local/opencv410/lib:/usr/local/lib:/usr/local/cuda-12.6/lib64:/usr/local/opencv410/lib:/usr/local/lib:/opt/ros/humble/opt/rviz_ogre_vendor/lib:/opt/ros/humble/lib/aarch64-linux-gnu:/opt/ros/humble/lib:/usr/local/cuda-12.6/lib64:'), ('BROWSER', '/home/dxf/.vscode-server/cli/servers/Stable-6f17636121051a53c88d3e605c491d22af2ba755/server/bin/helpers/browser.sh'), ('MOTD_SHOWN', 'pam'), ('HOME', '/home/dxf'), ('TERM_PROGRAM_VERSION', '1.103.2'), ('VSCODE_IPC_HOOK_CLI', '/run/user/1000/vscode-ipc-9f0f2894-ec5e-4f14-b246-c52c380fd7b2.sock'), ('ROS_PYTHON_VERSION', '3'), ('VSCODE_GIT_ASKPASS_MAIN', '/home/dxf/.vscode-server/cli/servers/Stable-6f17636121051a53c88d3e605c491d22af2ba755/server/extensions/git/dist/askpass-main.js'), ('LC_MONETARY', 'zh_CN.UTF-8'), ('VSCODE_GIT_ASKPASS_NODE', '/home/dxf/.vscode-server/cli/servers/Stable-6f17636121051a53c88d3e605c491d22af2ba755/server/node'), ('SSL_CERT_FILE', '/usr/lib/ssl/certs/ca-certificates.crt'), ('PYDEVD_DISABLE_FILE_VALIDATION', '1'), ('BUNDLED_DEBUGPY_PATH', '/home/dxf/.vscode-server/extensions/ms-python.debugpy-2025.14.1-linux-arm64/bundled/libs/debugpy'), ('DBUS_SESSION_BUS_ADDRESS', 'unix:path=/run/user/1000/bus'), ('COLORTERM', 'truecolor'), ('COLCON_PREFIX_PATH', '/home/dxf/wheeltec_lebai_humble_2024_7_17/install'), ('ROS_DISTRO', 'humble'), ('LOGNAME', 'dxf'), ('_', '/usr/bin/colcon'), ('ROS_VERSION', '2'), ('PKG_CONFIG_PATH', '/usr/local/opencv410/lib/pkgconfig:/usr/local/opencv410/lib/pkgconfig:'), ('XDG_SESSION_CLASS', 'user'), ('TERM', 'xterm-256color'), ('XDG_SESSION_ID', '29'), ('ROS_LOCALHOST_ONLY', '0'), ('PATH', '/usr/local/cuda-12.6/bin:/home/dxf/.vscode-server/cli/servers/Stable-6f17636121051a53c88d3e605c491d22af2ba755/server/bin/remote-cli:/opt/ros/humble/bin:/usr/local/cuda-12.6/bin:/usr/local/sbin:/usr/local/bin:/usr/sbin:/usr/bin:/sbin:/bin:/usr/games:/usr/local/games:/snap/bin:/home/dxf/.vscode-server/extensions/ms-python.debugpy-2025.14.1-linux-arm64/bundled/scripts/noConfigScripts'), ('PAPERSIZE', 'a4'), ('LC_ADDRESS', 'zh_CN.UTF-8'), ('XDG_RUNTIME_DIR', '/run/user/1000'), ('SSL_CERT_DIR', '/usr/lib/ssl/certs'), ('DISPLAY', 'localhost:10.0'), ('VSCODE_DEBUGPY_ADAPTER_ENDPOINTS', '/home/dxf/.vscode-server/extensions/ms-python.debugpy-2025.14.1-linux-arm64/.noConfigDebugAdapterEndpoints/endpoint-8b23ef7f21be4a2f.txt'), ('LANG', 'zh_CN.UTF-8'), ('PYTHONSTARTUP', '/home/dxf/.vscode-server/data/User/workspaceStorage/4ecfe97e1d690ce6b205eecd25d67bdf/ms-python.python/pythonrc.py'), ('LC_TELEPHONE', 'zh_CN.UTF-8'), ('LS_COLORS', 'rs=0:di=01;34:ln=01;36:mh=00:pi=40;33:so=01;35:do=01;35:bd=40;33;01:cd=40;33;01:or=40;31;01:mi=00:su=37;41:sg=30;43:ca=30;41:tw=30;42:ow=34;42:st=37;44:ex=01;32:*.tar=01;31:*.tgz=01;31:*.arc=01;31:*.arj=01;31:*.taz=01;31:*.lha=01;31:*.lz4=01;31:*.lzh=01;31:*.lzma=01;31:*.tlz=01;31:*.txz=01;31:*.tzo=01;31:*.t7z=01;31:*.zip=01;31:*.z=01;31:*.dz=01;31:*.gz=01;31:*.lrz=01;31:*.lz=01;31:*.lzo=01;31:*.xz=01;31:*.zst=01;31:*.tzst=01;31:*.bz2=01;31:*.bz=01;31:*.tbz=01;31:*.tbz2=01;31:*.tz=01;31:*.deb=01;31:*.rpm=01;31:*.jar=01;31:*.war=01;31:*.ear=01;31:*.sar=01;31:*.rar=01;31:*.alz=01;31:*.ace=01;31:*.zoo=01;31:*.cpio=01;31:*.7z=01;31:*.rz=01;31:*.cab=01;31:*.wim=01;31:*.swm=01;31:*.dwm=01;31:*.esd=01;31:*.jpg=01;35:*.jpeg=01;35:*.mjpg=01;35:*.mjpeg=01;35:*.gif=01;35:*.bmp=01;35:*.pbm=01;35:*.pgm=01;35:*.ppm=01;35:*.tga=01;35:*.xbm=01;35:*.xpm=01;35:*.tif=01;35:*.tiff=01;35:*.png=01;35:*.svg=01;35:*.svgz=01;35:*.mng=01;35:*.pcx=01;35:*.mov=01;35:*.mpg=01;35:*.mpeg=01;35:*.m2v=01;35:*.mkv=01;35:*.webm=01;35:*.webp=01;35:*.ogm=01;35:*.mp4=01;35:*.m4v=01;35:*.mp4v=01;35:*.vob=01;35:*.qt=01;35:*.nuv=01;35:*.wmv=01;35:*.asf=01;35:*.rm=01;35:*.rmvb=01;35:*.flc=01;35:*.avi=01;35:*.fli=01;35:*.flv=01;35:*.gl=01;35:*.dl=01;35:*.xcf=01;35:*.xwd=01;35:*.yuv=01;35:*.cgm=01;35:*.emf=01;35:*.ogv=01;35:*.ogx=01;35:*.aac=00;36:*.au=00;36:*.flac=00;36:*.m4a=00;36:*.mid=00;36:*.midi=00;36:*.mka=00;36:*.mp3=00;36:*.mpc=00;36:*.ogg=00;36:*.ra=00;36:*.wav=00;36:*.oga=00;36:*.opus=00;36:*.spx=00;36:*.xspf=00;36:'), ('VSCODE_GIT_IPC_HANDLE', '/run/user/1000/vscode-git-42a3dc7ec5.sock'), ('TERM_PROGRAM', 'vscode'), ('AMENT_PREFIX_PATH', '/home/dxf/wheeltec_lebai_humble_2024_7_17/install/lebai_tutorials:/home/dxf/wheeltec_lebai_humble_2024_7_17/install/lebai_resources:/home/dxf/wheeltec_lebai_humble_2024_7_17/install/lebai_lm3_moveit_config:/home/dxf/wheeltec_lebai_humble_2024_7_17/install/lebai_lm3_support:/home/dxf/wheeltec_lebai_humble_2024_7_17/install/lebai_interfaces:/home/dxf/wheeltec_lebai_humble_2024_7_17/install/lebai_driver:/home/dxf/wheeltec_lebai_humble_2024_7_17/install/grab_demo:/home/dxf/wheeltec_lebai_humble_2024_7_17/install/arm_demo:/opt/ros/humble'), ('SHELL', '/bin/bash'), ('LC_NAME', 'zh_CN.UTF-8'), ('LESSCLOSE', '/usr/bin/lesspipe %s %s'), ('LC_MEASUREMENT', 'zh_CN.UTF-8'), ('OpenCV_DIR', '/usr/local/opencv410/lib/cmake/opencv4'), ('LC_IDENTIFICATION', 'zh_CN.UTF-8'), ('VSCODE_GIT_ASKPASS_EXTRA_ARGS', ''), ('PWD', '/home/dxf/wheeltec_lebai_humble_2024_7_17/build/grab_demo'), ('SSH_CONNECTION', '192.168.0.66 60207 192.168.0.100 22'), ('XDG_DATA_DIRS', '/usr/share/gnome:/usr/local/share:/usr/share:/var/lib/snapd/desktop'), ('PYTHONPATH', '/home/dxf/wheeltec_lebai_humble_2024_7_17/install/lebai_interfaces/local/lib/python3.10/dist-packages:/home/dxf/wheeltec_lebai_humble_2024_7_17/install/lebai_driver/lib/python3.10/site-packages:/home/dxf/wheeltec_lebai_humble_2024_7_17/install/grab_demo/local/lib/python3.10/dist-packages:/opt/ros/humble/lib/python3.10/site-packages:/opt/ros/humble/local/lib/python3.10/dist-packages'), ('LC_NUMERIC', 'zh_CN.UTF-8'), ('LC_PAPER', 'zh_CN.UTF-8'), ('COLCON', '1'), ('CMAKE_PREFIX_PATH', '/home/dxf/wheeltec_lebai_humble_2024_7_17/install/lebai_tutorials:/home/dxf/wheeltec_lebai_humble_2024_7_17/install/lebai_resources:/home/dxf/wheeltec_lebai_humble_2024_7_17/install/lebai_lm3_moveit_config:/home/dxf/wheeltec_lebai_humble_2024_7_17/install/lebai_lm3_support:/home/dxf/wheeltec_lebai_humble_2024_7_17/install/lebai_interfaces:/home/dxf/wheeltec_lebai_humble_2024_7_17/install/grab_demo:/home/dxf/wheeltec_lebai_humble_2024_7_17/install/arm_demo:/usr/local/opencv410:/usr/local/opencv410::/home/dxf/wheeltec_lebai_humble_2024_7_17/install/lebai_driver:/opt/ros/humble')]), 'shell': False}
[0.098966] (-) TimerEvent: {}
[0.112610] (grab_demo) StdoutLine: {'line': b'-- Found ament_cmake: 1.3.12 (/opt/ros/humble/share/ament_cmake/cmake)\n'}
[0.199101] (-) TimerEvent: {}
[0.299933] (-) TimerEvent: {}
[0.400691] (-) TimerEvent: {}
[0.468238] (grab_demo) StdoutLine: {'line': b'-- Found rclcpp: 16.0.15 (/opt/ros/humble/share/rclcpp/cmake)\n'}
[0.500876] (-) TimerEvent: {}
[0.556656] (grab_demo) StdoutLine: {'line': b'-- Found rosidl_generator_c: 3.1.7 (/opt/ros/humble/share/rosidl_generator_c/cmake)\n'}
[0.563242] (grab_demo) StdoutLine: {'line': b'-- Found rosidl_adapter: 3.1.7 (/opt/ros/humble/share/rosidl_adapter/cmake)\n'}
[0.579434] (grab_demo) StdoutLine: {'line': b'-- Found rosidl_generator_cpp: 3.1.7 (/opt/ros/humble/share/rosidl_generator_cpp/cmake)\n'}
[0.601057] (-) TimerEvent: {}
[0.603240] (grab_demo) StdoutLine: {'line': b'-- Using all available rosidl_typesupport_c: rosidl_typesupport_fastrtps_c;rosidl_typesupport_introspection_c\n'}
[0.632203] (grab_demo) StdoutLine: {'line': b'-- Using all available rosidl_typesupport_cpp: rosidl_typesupport_fastrtps_cpp;rosidl_typesupport_introspection_cpp\n'}
[0.701250] (-) TimerEvent: {}
[0.710628] (grab_demo) StdoutLine: {'line': b'-- Found rmw_implementation_cmake: 6.1.2 (/opt/ros/humble/share/rmw_implementation_cmake/cmake)\n'}
[0.716192] (grab_demo) StdoutLine: {'line': b'-- Found rmw_fastrtps_cpp: 6.2.9 (/opt/ros/humble/share/rmw_fastrtps_cpp/cmake)\n'}
[0.801485] (-) TimerEvent: {}
[0.902330] (-) TimerEvent: {}
[0.953939] (grab_demo) StdoutLine: {'line': b"-- Using RMW implementation 'rmw_fastrtps_cpp' as default\n"}
[1.002513] (-) TimerEvent: {}
[1.072580] (grab_demo) StdoutLine: {'line': b'-- Found image_transport: 3.1.12 (/opt/ros/humble/share/image_transport/cmake)\n'}
[1.102693] (-) TimerEvent: {}
[1.195538] (grab_demo) StdoutLine: {'line': b'-- Found cv_bridge: 3.2.1 (/home/dxf/WHEELTEC_S300Pro_mini_ros2_arm_src_2025_9_15/install/cv_bridge/share/cv_bridge/cmake)\n'}
[1.202785] (-) TimerEvent: {}
[1.224462] (grab_demo) StdoutLine: {'line': b'-- Found moveit_common: 2.5.9 (/opt/ros/humble/share/moveit_common/cmake)\n'}
[1.225513] (grab_demo) StdoutLine: {'line': b'-- Found tf2_ros: 0.25.16 (/opt/ros/humble/share/tf2_ros/cmake)\n'}
[1.302978] (-) TimerEvent: {}
[1.395072] (grab_demo) StdoutLine: {'line': b'-- Found tf2_geometry_msgs: 0.25.16 (/opt/ros/humble/share/tf2_geometry_msgs/cmake)\n'}
[1.403082] (-) TimerEvent: {}
[1.403698] (grab_demo) StdoutLine: {'line': b'-- Found eigen3_cmake_module: 0.1.1 (/opt/ros/humble/share/eigen3_cmake_module/cmake)\n'}
[1.406078] (grab_demo) StdoutLine: {'line': b'-- Ensuring Eigen3 include directory is part of orocos-kdl CMake target\n'}
[1.409380] (grab_demo) StdoutLine: {'line': b'-- Found nav2_msgs: 1.1.19 (/opt/ros/humble/share/nav2_msgs/cmake)\n'}
[1.494587] (grab_demo) StdoutLine: {'line': b'-- Found rosidl_default_generators: 1.2.0 (/opt/ros/humble/share/rosidl_default_generators/cmake)\n'}
[1.503270] (-) TimerEvent: {}
[1.511959] (grab_demo) StdoutLine: {'line': b'-- Found lebai_interfaces: 0.0.1 (/home/dxf/wheeltec_lebai_humble_2024_7_17/install/lebai_interfaces/share/lebai_interfaces/cmake)\n'}
[1.603446] (-) TimerEvent: {}
[1.704224] (-) TimerEvent: {}
[1.713938] (grab_demo) StdoutLine: {'line': b'-- Found moveit_ros_planning_interface: 2.5.9 (/opt/ros/humble/share/moveit_ros_planning_interface/cmake)\n'}
[1.753013] (grab_demo) StdoutLine: {'line': b'-- Found Boost: /usr/lib/aarch64-linux-gnu/cmake/Boost-1.74.0/BoostConfig.cmake (found version "1.74.0") found components: date_time filesystem program_options system thread \n'}
[1.804500] (-) TimerEvent: {}
[1.905265] (-) TimerEvent: {}
[2.006086] (-) TimerEvent: {}
[2.014776] (grab_demo) StdoutLine: {'line': b'-- Found Boost: /usr/lib/aarch64-linux-gnu/cmake/Boost-1.74.0/BoostConfig.cmake (found version "1.74.0") found components: chrono date_time filesystem iostreams program_options regex serialization system thread \n'}
[2.073242] (grab_demo) StdoutLine: {'line': b'-- Found parameter_traits: 0.5.0 (/opt/ros/humble/share/parameter_traits/cmake)\n'}
[2.090868] (grab_demo) StdoutLine: {'line': b'-- Found rclcpp_lifecycle: 16.0.15 (/opt/ros/humble/share/rclcpp_lifecycle/cmake)\n'}
[2.106217] (-) TimerEvent: {}
[2.139387] (grab_demo) StdoutLine: {'line': b'-- Found Boost: /usr/lib/aarch64-linux-gnu/cmake/Boost-1.74.0/BoostConfig.cmake (found version "1.74.0") found components: filesystem \n'}
[2.206420] (-) TimerEvent: {}
[2.216514] (grab_demo) StdoutLine: {'line': b'-- library: /usr/lib/aarch64-linux-gnu/libcurl.so\n'}
[2.306631] (-) TimerEvent: {}
[2.344940] (grab_demo) StdoutLine: {'line': b'-- Found Boost: /usr/lib/aarch64-linux-gnu/cmake/Boost-1.74.0/BoostConfig.cmake (found version "1.74.0") found components: system filesystem date_time program_options thread chrono \n'}
[2.403023] (grab_demo) StdoutLine: {'line': b'-- Found Boost: /usr/lib/aarch64-linux-gnu/cmake/Boost-1.74.0/BoostConfig.cmake (found version "1.74.0") found components: thread system filesystem regex date_time program_options \n'}
[2.406709] (-) TimerEvent: {}
[2.443103] (grab_demo) StdoutLine: {'line': b'-- Found Boost: /usr/lib/aarch64-linux-gnu/cmake/Boost-1.74.0/BoostConfig.cmake (found version "1.74.0") found components: system filesystem date_time program_options thread \n'}
[2.506930] (-) TimerEvent: {}
[2.607629] (-) TimerEvent: {}
[2.708630] (-) TimerEvent: {}
[2.809443] (-) TimerEvent: {}
[2.910295] (-) TimerEvent: {}
[2.975492] (grab_demo) StdoutLine: {'line': b'-- Found ament_cmake_ros: 0.10.0 (/opt/ros/humble/share/ament_cmake_ros/cmake)\n'}
[3.010525] (-) TimerEvent: {}
[3.111364] (-) TimerEvent: {}
[3.212183] (-) TimerEvent: {}
[3.313059] (-) TimerEvent: {}
[3.413907] (-) TimerEvent: {}
[3.514809] (-) TimerEvent: {}
[3.615681] (-) TimerEvent: {}
[3.716489] (-) TimerEvent: {}
[3.756217] (grab_demo) StdoutLine: {'line': b'-- Using all available rosidl_typesupport_c: rosidl_typesupport_fastrtps_c;rosidl_typesupport_introspection_c\n'}
[3.816682] (-) TimerEvent: {}
[3.917516] (-) TimerEvent: {}
[4.018344] (-) TimerEvent: {}
[4.054062] (grab_demo) StdoutLine: {'line': b'-- Using all available rosidl_typesupport_cpp: rosidl_typesupport_fastrtps_cpp;rosidl_typesupport_introspection_cpp\n'}
[4.117455] (grab_demo) StdoutLine: {'line': b'-- Found python_cmake_module: 0.10.0 (/opt/ros/humble/share/python_cmake_module/cmake)\n'}
[4.118406] (-) TimerEvent: {}
[4.180768] (grab_demo) StdoutLine: {'line': b'-- Using PYTHON_EXECUTABLE: /usr/bin/python3\n'}
[4.181412] (grab_demo) StdoutLine: {'line': b'-- Using PYTHON_INCLUDE_DIRS: /usr/include/python3.10\n'}
[4.181760] (grab_demo) StdoutLine: {'line': b'-- Using PYTHON_LIBRARIES: /usr/lib/aarch64-linux-gnu/libpython3.10.so\n'}
[4.218577] (-) TimerEvent: {}
[4.284287] (grab_demo) StdoutLine: {'line': b'-- Found ament_lint_auto: 0.12.14 (/opt/ros/humble/share/ament_lint_auto/cmake)\n'}
[4.315159] (grab_demo) StdoutLine: {'line': b"-- Added test 'cppcheck' to perform static code analysis on C / C++ code\n"}
[4.317771] (grab_demo) StdoutLine: {'line': b'-- Configured cppcheck include dirs: /home/dxf/wheeltec_lebai_humble_2024_7_17/src/grab_demo/include\n'}
[4.318184] (grab_demo) StdoutLine: {'line': b'-- Configured cppcheck exclude dirs and/or files: \n'}
[4.318664] (-) TimerEvent: {}
[4.319152] (grab_demo) StdoutLine: {'line': b"-- Added test 'flake8' to check Python code syntax and style conventions\n"}
[4.320058] (grab_demo) StdoutLine: {'line': b"-- Added test 'lint_cmake' to check CMake code style\n"}
[4.321007] (grab_demo) StdoutLine: {'line': b"-- Added test 'pep257' to check Python code against some of the docstring style conventions in PEP 257\n"}
[4.323324] (grab_demo) StdoutLine: {'line': b"-- Added test 'uncrustify' to check C / C++ code style\n"}
[4.323657] (grab_demo) StdoutLine: {'line': b'-- Configured uncrustify additional arguments: \n'}
[4.324222] (grab_demo) StdoutLine: {'line': b"-- Added test 'xmllint' to check XML markup files\n"}
[4.330233] (grab_demo) StdoutLine: {'line': b'-- Configuring done\n'}
[4.419076] (-) TimerEvent: {}
[4.519733] (-) TimerEvent: {}
[4.620442] (-) TimerEvent: {}
[4.651416] (grab_demo) StdoutLine: {'line': b'-- Generating done\n'}
[4.720622] (-) TimerEvent: {}
[4.741258] (grab_demo) StdoutLine: {'line': b'-- Build files have been written to: /home/dxf/wheeltec_lebai_humble_2024_7_17/build/grab_demo\n'}
[4.820809] (-) TimerEvent: {}
[4.873027] (grab_demo) StdoutLine: {'line': b'\x1b[35m\x1b[1mConsolidate compiler generated dependencies of target grab_demo__rosidl_generator_c\x1b[0m\n'}
[4.878033] (grab_demo) StdoutLine: {'line': b'\x1b[35m\x1b[1mConsolidate compiler generated dependencies of target charuco_dectet_node\x1b[0m\n'}
[4.906669] (grab_demo) StdoutLine: {'line': b'\x1b[35m\x1b[1mConsolidate compiler generated dependencies of target hand_eye\x1b[0m\n'}
[4.921027] (-) TimerEvent: {}
[4.931441] (grab_demo) StdoutLine: {'line': b'\x1b[35m\x1b[1mConsolidate compiler generated dependencies of target hsv_range\x1b[0m\n'}
[4.941384] (grab_demo) StdoutLine: {'line': b'[  2%] Built target grab_demo__cpp\n'}
[4.966033] (grab_demo) StdoutLine: {'line': b'[  8%] Built target grab_demo__rosidl_generator_c\n'}
[4.974332] (grab_demo) StdoutLine: {'line': b'\x1b[35m\x1b[1mConsolidate compiler generated dependencies of target aruco_dectet\x1b[0m\n'}
[5.001718] (grab_demo) StdoutLine: {'line': b'\x1b[35m\x1b[1mConsolidate compiler generated dependencies of target camera_info_node\x1b[0m\n'}
[5.018444] (grab_demo) StdoutLine: {'line': b'[ 10%] \x1b[32mBuilding CXX object CMakeFiles/charuco_dectet_node.dir/src/charuco_dectet_node.cpp.o\x1b[0m\n'}
[5.021135] (-) TimerEvent: {}
[5.035072] (grab_demo) StdoutLine: {'line': b'[ 10%] Built target ament_cmake_python_copy_grab_demo\n'}
[5.054245] (grab_demo) StdoutLine: {'line': b'[ 12%] \x1b[32m\x1b[1mLinking CXX executable hsv_range\x1b[0m\n'}
[5.084880] (grab_demo) StdoutLine: {'line': b'[ 14%] \x1b[32mBuilding CXX object CMakeFiles/aruco_dectet.dir/src/aruco_dectet.cpp.o\x1b[0m\n'}
[5.118456] (grab_demo) StdoutLine: {'line': b'\x1b[35m\x1b[1mConsolidate compiler generated dependencies of target grab_demo__rosidl_typesupport_cpp\x1b[0m\n'}
[5.121329] (-) TimerEvent: {}
[5.147964] (grab_demo) StdoutLine: {'line': b'[ 17%] \x1b[32mBuilding CXX object CMakeFiles/camera_info_node.dir/src/camera_info_node.cpp.o\x1b[0m\n'}
[5.221682] (-) TimerEvent: {}
[5.233311] (grab_demo) StdoutLine: {'line': b'[ 19%] \x1b[32mBuilding CXX object CMakeFiles/grab_demo__rosidl_typesupport_cpp.dir/rosidl_typesupport_cpp/grab_demo/srv/grab_object__type_support.cpp.o\x1b[0m\n'}
[5.322842] (-) TimerEvent: {}
[5.368964] (grab_demo) StdoutLine: {'line': b'[ 21%] \x1b[32mBuilding CXX object CMakeFiles/hand_eye.dir/src/hand_eye.cpp.o\x1b[0m\n'}
[5.425863] (-) TimerEvent: {}
[5.526638] (-) TimerEvent: {}
[5.627377] (-) TimerEvent: {}
[5.728156] (-) TimerEvent: {}
[5.828933] (-) TimerEvent: {}
[5.930136] (-) TimerEvent: {}
[6.032112] (-) TimerEvent: {}
[6.134349] (-) TimerEvent: {}
[6.236270] (-) TimerEvent: {}
[6.340635] (-) TimerEvent: {}
[6.442564] (-) TimerEvent: {}
[6.544747] (-) TimerEvent: {}
[6.647368] (-) TimerEvent: {}
[6.662109] (grab_demo) StdoutLine: {'line': b'[ 23%] \x1b[32m\x1b[1mLinking CXX shared library libgrab_demo__rosidl_typesupport_cpp.so\x1b[0m\n'}
[6.748003] (-) TimerEvent: {}
[6.850209] (-) TimerEvent: {}
[6.906048] (grab_demo) StdoutLine: {'line': b'[ 25%] Built target grab_demo__rosidl_typesupport_cpp\n'}
[6.950415] (-) TimerEvent: {}
[6.988649] (grab_demo) StdoutLine: {'line': b'\x1b[35m\x1b[1mConsolidate compiler generated dependencies of target grab_demo__rosidl_typesupport_fastrtps_c\x1b[0m\n'}
[7.050611] (-) TimerEvent: {}
[7.100420] (grab_demo) StdoutLine: {'line': b'[ 27%] \x1b[32mBuilding CXX object CMakeFiles/grab_demo__rosidl_typesupport_fastrtps_c.dir/rosidl_typesupport_fastrtps_c/grab_demo/srv/detail/grab_object__type_support_c.cpp.o\x1b[0m\n'}
[7.150811] (-) TimerEvent: {}
[7.252662] (-) TimerEvent: {}
[7.354249] (-) TimerEvent: {}
[7.455954] (-) TimerEvent: {}
[7.557711] (-) TimerEvent: {}
[7.659777] (-) TimerEvent: {}
[7.764936] (-) TimerEvent: {}
[7.866551] (-) TimerEvent: {}
[7.969781] (-) TimerEvent: {}
[8.071377] (-) TimerEvent: {}
[8.173065] (-) TimerEvent: {}
[8.274575] (-) TimerEvent: {}
[8.376255] (-) TimerEvent: {}
[8.481623] (-) TimerEvent: {}
[8.584473] (-) TimerEvent: {}
[8.686426] (-) TimerEvent: {}
[8.788162] (-) TimerEvent: {}
[8.889827] (-) TimerEvent: {}
[8.991387] (-) TimerEvent: {}
[9.085251] (grab_demo) StdoutLine: {'line': b'[ 29%] \x1b[32m\x1b[1mLinking CXX shared library libgrab_demo__rosidl_typesupport_fastrtps_c.so\x1b[0m\n'}
[9.091571] (-) TimerEvent: {}
[9.195317] (-) TimerEvent: {}
[9.296489] (-) TimerEvent: {}
[9.397715] (-) TimerEvent: {}
[9.501540] (-) TimerEvent: {}
[9.602843] (-) TimerEvent: {}
[9.704822] (-) TimerEvent: {}
[9.805711] (-) TimerEvent: {}
[9.814274] (grab_demo) StdoutLine: {'line': b'[ 31%] Built target grab_demo__rosidl_typesupport_fastrtps_c\n'}
[9.905942] (-) TimerEvent: {}
[9.917227] (grab_demo) StdoutLine: {'line': b'\x1b[35m\x1b[1mConsolidate compiler generated dependencies of target grab_demo__rosidl_typesupport_fastrtps_cpp\x1b[0m\n'}
[9.999128] (grab_demo) StdoutLine: {'line': b'[ 34%] Built target hsv_range\n'}
[10.006147] (-) TimerEvent: {}
[10.047750] (grab_demo) StdoutLine: {'line': b'[ 36%] \x1b[32mBuilding CXX object CMakeFiles/grab_demo__rosidl_typesupport_fastrtps_cpp.dir/rosidl_typesupport_fastrtps_cpp/grab_demo/srv/detail/dds_fastrtps/grab_object__type_support.cpp.o\x1b[0m\n'}
[10.055065] (grab_demo) StdoutLine: {'line': b'\x1b[35m\x1b[1mConsolidate compiler generated dependencies of target grab_demo__rosidl_typesupport_introspection_c\x1b[0m\n'}
[10.106385] (-) TimerEvent: {}
[10.119575] (grab_demo) StdoutLine: {'line': b'[ 42%] Built target grab_demo__rosidl_typesupport_introspection_c\n'}
[10.179092] (grab_demo) StdoutLine: {'line': b'\x1b[35m\x1b[1mConsolidate compiler generated dependencies of target grab_demo__rosidl_typesupport_c\x1b[0m\n'}
[10.206584] (-) TimerEvent: {}
[10.230659] (grab_demo) StdoutLine: {'line': b'[ 44%] \x1b[32mBuilding CXX object CMakeFiles/grab_demo__rosidl_typesupport_c.dir/rosidl_typesupport_c/grab_demo/srv/grab_object__type_support.cpp.o\x1b[0m\n'}
[10.306834] (-) TimerEvent: {}
[10.407972] (-) TimerEvent: {}
[10.429496] (grab_demo) StdoutLine: {'line': b'[ 46%] \x1b[32m\x1b[1mLinking CXX shared library libgrab_demo__rosidl_typesupport_c.so\x1b[0m\n'}
[10.508166] (-) TimerEvent: {}
[10.609083] (-) TimerEvent: {}
[10.658334] (grab_demo) StdoutLine: {'line': b'[ 48%] Built target grab_demo__rosidl_typesupport_c\n'}
[10.709360] (-) TimerEvent: {}
[10.806416] (grab_demo) StdoutLine: {'line': b'\x1b[35m\x1b[1mConsolidate compiler generated dependencies of target grab_demo__rosidl_typesupport_introspection_cpp\x1b[0m\n'}
[10.809748] (-) TimerEvent: {}
[10.911326] (-) TimerEvent: {}
[11.012522] (-) TimerEvent: {}
[11.092205] (grab_demo) StdoutLine: {'line': b'[ 51%] \x1b[32mBuilding CXX object CMakeFiles/grab_demo__rosidl_typesupport_introspection_cpp.dir/rosidl_typesupport_introspection_cpp/grab_demo/srv/detail/grab_object__type_support.cpp.o\x1b[0m\n'}
[11.112825] (-) TimerEvent: {}
[11.213655] (-) TimerEvent: {}
[11.314578] (-) TimerEvent: {}
[11.415431] (-) TimerEvent: {}
[11.516256] (-) TimerEvent: {}
[11.617686] (-) TimerEvent: {}
[11.719131] (-) TimerEvent: {}
[11.819888] (-) TimerEvent: {}
[11.920997] (-) TimerEvent: {}
[12.021748] (-) TimerEvent: {}
[12.122503] (-) TimerEvent: {}
[12.223383] (-) TimerEvent: {}
[12.301195] (grab_demo) StdoutLine: {'line': b'[ 53%] \x1b[32m\x1b[1mLinking CXX shared library libgrab_demo__rosidl_typesupport_fastrtps_cpp.so\x1b[0m\n'}
[12.323566] (-) TimerEvent: {}
[12.424334] (-) TimerEvent: {}
[12.525302] (-) TimerEvent: {}
[12.626063] (-) TimerEvent: {}
[12.726923] (-) TimerEvent: {}
[12.760572] (grab_demo) StdoutLine: {'line': b'[ 55%] Built target grab_demo__rosidl_typesupport_fastrtps_cpp\n'}
[12.827139] (-) TimerEvent: {}
[12.928035] (-) TimerEvent: {}
[13.029515] (-) TimerEvent: {}
[13.130267] (-) TimerEvent: {}
[13.231139] (-) TimerEvent: {}
[13.331888] (-) TimerEvent: {}
[13.433227] (-) TimerEvent: {}
[13.535010] (-) TimerEvent: {}
[13.604079] (grab_demo) StdoutLine: {'line': b'[ 57%] \x1b[32m\x1b[1mLinking CXX shared library libgrab_demo__rosidl_typesupport_introspection_cpp.so\x1b[0m\n'}
[13.635264] (-) TimerEvent: {}
[13.736101] (-) TimerEvent: {}
[13.836921] (-) TimerEvent: {}
[13.937738] (-) TimerEvent: {}
[14.038531] (-) TimerEvent: {}
[14.139398] (-) TimerEvent: {}
[14.205909] (grab_demo) StdoutLine: {'line': b'[ 59%] Built target grab_demo__rosidl_typesupport_introspection_cpp\n'}
[14.239617] (-) TimerEvent: {}
[14.250924] (grab_demo) StdoutLine: {'line': b'\x1b[35m\x1b[1mConsolidate compiler generated dependencies of target grab_service_node\x1b[0m\n'}
[14.339794] (-) TimerEvent: {}
[14.440572] (-) TimerEvent: {}
[14.541359] (-) TimerEvent: {}
[14.561450] (grab_demo) StdoutLine: {'line': b'[ 61%] \x1b[32mBuilding CXX object CMakeFiles/grab_service_node.dir/src/grab_service_node.cpp.o\x1b[0m\n'}
[14.641535] (-) TimerEvent: {}
[14.742239] (-) TimerEvent: {}
[14.842930] (-) TimerEvent: {}
[14.944484] (-) TimerEvent: {}
[15.045170] (-) TimerEvent: {}
[15.145855] (-) TimerEvent: {}
[15.246546] (-) TimerEvent: {}
[15.348492] (grab_demo) StdoutLine: {'line': b'running egg_info\n'}
[15.349878] (-) TimerEvent: {}
[15.354019] (grab_demo) StdoutLine: {'line': b'writing grab_demo.egg-info/PKG-INFO\n'}
[15.357788] (grab_demo) StdoutLine: {'line': b'writing dependency_links to grab_demo.egg-info/dependency_links.txt\n'}
[15.359190] (grab_demo) StdoutLine: {'line': b'writing top-level names to grab_demo.egg-info/top_level.txt\n'}
[15.369907] (grab_demo) StdoutLine: {'line': b"reading manifest file 'grab_demo.egg-info/SOURCES.txt'\n"}
[15.371449] (grab_demo) StdoutLine: {'line': b"writing manifest file 'grab_demo.egg-info/SOURCES.txt'\n"}
[15.450108] (-) TimerEvent: {}
[15.551871] (-) TimerEvent: {}
[15.564472] (grab_demo) StdoutLine: {'line': b'[ 61%] Built target ament_cmake_python_build_grab_demo_egg\n'}
[15.631690] (grab_demo) StdoutLine: {'line': b'\x1b[35m\x1b[1mConsolidate compiler generated dependencies of target start_grab\x1b[0m\n'}
[15.652098] (-) TimerEvent: {}
[15.753394] (-) TimerEvent: {}
[15.854503] (-) TimerEvent: {}
[15.955700] (-) TimerEvent: {}
[16.056877] (-) TimerEvent: {}
[16.073994] (grab_demo) StdoutLine: {'line': b'[ 63%] \x1b[32mBuilding CXX object CMakeFiles/start_grab.dir/src/start_grab.cpp.o\x1b[0m\n'}
[16.157077] (-) TimerEvent: {}
[16.257823] (-) TimerEvent: {}
[16.358810] (-) TimerEvent: {}
[16.460667] (-) TimerEvent: {}
[16.562038] (-) TimerEvent: {}
[16.663042] (-) TimerEvent: {}
[16.764499] (-) TimerEvent: {}
[16.865912] (-) TimerEvent: {}
[16.967624] (-) TimerEvent: {}
[17.069109] (-) TimerEvent: {}
[17.170513] (-) TimerEvent: {}
[17.271855] (-) TimerEvent: {}
[17.374928] (-) TimerEvent: {}
[17.476179] (-) TimerEvent: {}
[17.577649] (-) TimerEvent: {}
[17.679149] (-) TimerEvent: {}
[17.780691] (-) TimerEvent: {}
[17.881969] (-) TimerEvent: {}
[17.987262] (-) TimerEvent: {}
[18.088797] (-) TimerEvent: {}
[18.190002] (-) TimerEvent: {}
[18.291302] (-) TimerEvent: {}
[18.392713] (-) TimerEvent: {}
[18.494064] (-) TimerEvent: {}
[18.595791] (-) TimerEvent: {}
[18.697473] (-) TimerEvent: {}
[18.799136] (-) TimerEvent: {}
[18.900948] (-) TimerEvent: {}
[19.002531] (-) TimerEvent: {}
[19.104016] (-) TimerEvent: {}
[19.205611] (-) TimerEvent: {}
[19.307225] (-) TimerEvent: {}
[19.408706] (-) TimerEvent: {}
[19.510413] (-) TimerEvent: {}
[19.611848] (-) TimerEvent: {}
[19.713099] (-) TimerEvent: {}
[19.814348] (-) TimerEvent: {}
[19.915598] (-) TimerEvent: {}
[20.016831] (-) TimerEvent: {}
[20.118282] (-) TimerEvent: {}
[20.219525] (-) TimerEvent: {}
[20.320802] (-) TimerEvent: {}
[20.422042] (-) TimerEvent: {}
[20.522785] (-) TimerEvent: {}
[20.623578] (-) TimerEvent: {}
[20.724359] (-) TimerEvent: {}
[20.825092] (-) TimerEvent: {}
[20.926361] (-) TimerEvent: {}
[21.027617] (-) TimerEvent: {}
[21.128827] (-) TimerEvent: {}
[21.230080] (-) TimerEvent: {}
[21.330821] (-) TimerEvent: {}
[21.432036] (-) TimerEvent: {}
[21.533295] (-) TimerEvent: {}
[21.634592] (-) TimerEvent: {}
[21.736010] (-) TimerEvent: {}
[21.837893] (-) TimerEvent: {}
[21.939138] (-) TimerEvent: {}
[22.040518] (-) TimerEvent: {}
[22.141786] (-) TimerEvent: {}
[22.242798] (-) TimerEvent: {}
[22.344550] (-) TimerEvent: {}
[22.445360] (-) TimerEvent: {}
[22.546102] (-) TimerEvent: {}
[22.646863] (-) TimerEvent: {}
[22.747456] (-) TimerEvent: {}
[22.847918] (-) TimerEvent: {}
[22.948399] (-) TimerEvent: {}
[23.048902] (-) TimerEvent: {}
[23.149571] (-) TimerEvent: {}
[23.250667] (-) TimerEvent: {}
[23.352991] (-) TimerEvent: {}
[23.453971] (-) TimerEvent: {}
[23.555069] (-) TimerEvent: {}
[23.656394] (-) TimerEvent: {}
[23.760489] (-) TimerEvent: {}
[23.861760] (-) TimerEvent: {}
[23.962742] (-) TimerEvent: {}
[24.063763] (-) TimerEvent: {}
[24.164943] (-) TimerEvent: {}
[24.266271] (-) TimerEvent: {}
[24.368187] (-) TimerEvent: {}
[24.469784] (-) TimerEvent: {}
[24.570917] (-) TimerEvent: {}
[24.672167] (-) TimerEvent: {}
[24.773005] (-) TimerEvent: {}
[24.873918] (-) TimerEvent: {}
[24.974612] (-) TimerEvent: {}
[25.075329] (-) TimerEvent: {}
[25.176067] (-) TimerEvent: {}
[25.276802] (-) TimerEvent: {}
[25.377555] (-) TimerEvent: {}
[25.478539] (-) TimerEvent: {}
[25.579753] (-) TimerEvent: {}
[25.681715] (-) TimerEvent: {}
[25.783518] (-) TimerEvent: {}
[25.884469] (-) TimerEvent: {}
[25.985300] (-) TimerEvent: {}
[26.104364] (-) TimerEvent: {}
[26.205199] (-) TimerEvent: {}
[26.305919] (-) TimerEvent: {}
[26.406625] (-) TimerEvent: {}
[26.507307] (-) TimerEvent: {}
[26.608190] (-) TimerEvent: {}
[26.708939] (-) TimerEvent: {}
[26.809667] (-) TimerEvent: {}
[26.910405] (-) TimerEvent: {}
[27.011240] (-) TimerEvent: {}
[27.112112] (-) TimerEvent: {}
[27.212852] (-) TimerEvent: {}
[27.313609] (-) TimerEvent: {}
[27.414368] (-) TimerEvent: {}
[27.524500] (-) TimerEvent: {}
[27.625247] (-) TimerEvent: {}
[27.726055] (-) TimerEvent: {}
[27.826972] (-) TimerEvent: {}
[27.927814] (-) TimerEvent: {}
[28.028634] (-) TimerEvent: {}
[28.129413] (-) TimerEvent: {}
[28.230037] (-) TimerEvent: {}
[28.330799] (-) TimerEvent: {}
[28.431510] (-) TimerEvent: {}
[28.532258] (-) TimerEvent: {}
[28.641918] (-) TimerEvent: {}
[28.742954] (-) TimerEvent: {}
[28.843628] (-) TimerEvent: {}
[28.944160] (-) TimerEvent: {}
[29.044769] (-) TimerEvent: {}
[29.145707] (-) TimerEvent: {}
[29.248544] (-) TimerEvent: {}
[29.350259] (-) TimerEvent: {}
[29.451479] (-) TimerEvent: {}
[29.552667] (-) TimerEvent: {}
[29.653725] (-) TimerEvent: {}
[29.754865] (-) TimerEvent: {}
[29.855590] (-) TimerEvent: {}
[29.956421] (-) TimerEvent: {}
[30.133159] (-) TimerEvent: {}
[30.248867] (-) TimerEvent: {}
[30.349841] (-) TimerEvent: {}
[30.450776] (-) TimerEvent: {}
[30.552366] (-) TimerEvent: {}
[30.653291] (-) TimerEvent: {}
[30.754227] (-) TimerEvent: {}
[30.855235] (-) TimerEvent: {}
[30.956117] (-) TimerEvent: {}
[31.056889] (-) TimerEvent: {}
[31.157716] (-) TimerEvent: {}
[31.258764] (-) TimerEvent: {}
[31.360045] (-) TimerEvent: {}
[31.461345] (-) TimerEvent: {}
[31.562959] (-) TimerEvent: {}
[31.664154] (-) TimerEvent: {}
[31.765714] (-) TimerEvent: {}
[31.867342] (-) TimerEvent: {}
[31.969659] (-) TimerEvent: {}
[32.071031] (-) TimerEvent: {}
[32.173705] (-) TimerEvent: {}
[32.276500] (-) TimerEvent: {}
[32.378002] (-) TimerEvent: {}
[32.478744] (-) TimerEvent: {}
[32.579731] (-) TimerEvent: {}
[32.680960] (-) TimerEvent: {}
[32.781749] (-) TimerEvent: {}
[32.882476] (-) TimerEvent: {}
[32.983138] (-) TimerEvent: {}
[33.083914] (-) TimerEvent: {}
[33.202586] (-) TimerEvent: {}
[33.303361] (-) TimerEvent: {}
[33.404131] (-) TimerEvent: {}
[33.512481] (-) TimerEvent: {}
[33.620461] (-) TimerEvent: {}
[33.725131] (-) TimerEvent: {}
[33.826556] (-) TimerEvent: {}
[33.927974] (-) TimerEvent: {}
[34.029418] (-) TimerEvent: {}
[34.130543] (-) TimerEvent: {}
[34.231951] (-) TimerEvent: {}
[34.333181] (-) TimerEvent: {}
[34.434188] (-) TimerEvent: {}
[34.535218] (-) TimerEvent: {}
[34.636109] (-) TimerEvent: {}
[34.736905] (-) TimerEvent: {}
[34.837668] (-) TimerEvent: {}
[34.938227] (-) TimerEvent: {}
[35.038791] (-) TimerEvent: {}
[35.139334] (-) TimerEvent: {}
[35.239907] (-) TimerEvent: {}
[35.341074] (-) TimerEvent: {}
[35.441793] (-) TimerEvent: {}
[35.544628] (-) TimerEvent: {}
[35.645827] (-) TimerEvent: {}
[35.747248] (-) TimerEvent: {}
[35.848088] (-) TimerEvent: {}
[35.948821] (-) TimerEvent: {}
[36.054003] (-) TimerEvent: {}
[36.163889] (-) TimerEvent: {}
[36.264716] (-) TimerEvent: {}
[36.367415] (-) TimerEvent: {}
[36.468691] (-) TimerEvent: {}
[36.569522] (-) TimerEvent: {}
[36.670268] (-) TimerEvent: {}
[36.770874] (-) TimerEvent: {}
[36.871607] (-) TimerEvent: {}
[36.972336] (-) TimerEvent: {}
[37.072831] (-) TimerEvent: {}
[37.173295] (-) TimerEvent: {}
[37.273846] (-) TimerEvent: {}
[37.374605] (-) TimerEvent: {}
[37.476365] (-) TimerEvent: {}
[37.577924] (-) TimerEvent: {}
[37.679470] (-) TimerEvent: {}
[37.792230] (-) TimerEvent: {}
[37.894709] (-) TimerEvent: {}
[37.995958] (-) TimerEvent: {}
[38.097347] (-) TimerEvent: {}
[38.198219] (-) TimerEvent: {}
[38.299114] (-) TimerEvent: {}
[38.399979] (-) TimerEvent: {}
[38.500849] (-) TimerEvent: {}
[38.602050] (-) TimerEvent: {}
[38.702885] (-) TimerEvent: {}
[38.804411] (-) TimerEvent: {}
[38.905999] (-) TimerEvent: {}
[39.007474] (-) TimerEvent: {}
[39.108285] (-) TimerEvent: {}
[39.209211] (-) TimerEvent: {}
[39.310053] (-) TimerEvent: {}
[39.410918] (-) TimerEvent: {}
[39.511664] (-) TimerEvent: {}
[39.612456] (-) TimerEvent: {}
[39.713180] (-) TimerEvent: {}
[39.815302] (-) TimerEvent: {}
[39.916032] (-) TimerEvent: {}
[40.016828] (-) TimerEvent: {}
[40.117576] (-) TimerEvent: {}
[40.218278] (-) TimerEvent: {}
[40.318969] (-) TimerEvent: {}
[40.419702] (-) TimerEvent: {}
[40.520488] (-) TimerEvent: {}
[40.621376] (-) TimerEvent: {}
[40.722200] (-) TimerEvent: {}
[40.822898] (-) TimerEvent: {}
[40.923482] (-) TimerEvent: {}
[41.024013] (-) TimerEvent: {}
[41.124501] (-) TimerEvent: {}
[41.224979] (-) TimerEvent: {}
[41.327143] (-) TimerEvent: {}
[41.427883] (-) TimerEvent: {}
[41.528651] (-) TimerEvent: {}
[41.629386] (-) TimerEvent: {}
[41.730171] (-) TimerEvent: {}
[41.830896] (-) TimerEvent: {}
[41.931657] (-) TimerEvent: {}
[42.032420] (-) TimerEvent: {}
[42.133200] (-) TimerEvent: {}
[42.233943] (-) TimerEvent: {}
[42.334671] (-) TimerEvent: {}
[42.435410] (-) TimerEvent: {}
[42.536137] (-) TimerEvent: {}
[42.636909] (-) TimerEvent: {}
[42.737620] (-) TimerEvent: {}
[42.838437] (-) TimerEvent: {}
[42.939161] (-) TimerEvent: {}
[43.039851] (-) TimerEvent: {}
[43.140614] (-) TimerEvent: {}
[43.241370] (-) TimerEvent: {}
[43.342119] (-) TimerEvent: {}
[43.443128] (-) TimerEvent: {}
[43.543849] (-) TimerEvent: {}
[43.644803] (-) TimerEvent: {}
[43.745498] (-) TimerEvent: {}
[43.846250] (-) TimerEvent: {}
[43.946992] (-) TimerEvent: {}
[44.047755] (-) TimerEvent: {}
[44.148570] (-) TimerEvent: {}
[44.249324] (-) TimerEvent: {}
[44.350065] (-) TimerEvent: {}
[44.450822] (-) TimerEvent: {}
[44.551579] (-) TimerEvent: {}
[44.652400] (-) TimerEvent: {}
[44.753089] (-) TimerEvent: {}
[44.853661] (-) TimerEvent: {}
[44.954388] (-) TimerEvent: {}
[45.054889] (-) TimerEvent: {}
[45.155344] (-) TimerEvent: {}
[45.255771] (-) TimerEvent: {}
[45.356449] (-) TimerEvent: {}
[45.457234] (-) TimerEvent: {}
[45.558315] (-) TimerEvent: {}
[45.659210] (-) TimerEvent: {}
[45.759958] (-) TimerEvent: {}
[45.860746] (-) TimerEvent: {}
[45.961481] (-) TimerEvent: {}
[46.062218] (-) TimerEvent: {}
[46.162951] (-) TimerEvent: {}
[46.263691] (-) TimerEvent: {}
[46.364693] (-) TimerEvent: {}
[46.465763] (-) TimerEvent: {}
[46.566544] (-) TimerEvent: {}
[46.678789] (-) TimerEvent: {}
[46.780487] (-) TimerEvent: {}
[46.882399] (-) TimerEvent: {}
[46.983093] (-) TimerEvent: {}
[47.083813] (-) TimerEvent: {}
[47.188477] (-) TimerEvent: {}
[47.289227] (-) TimerEvent: {}
[47.389970] (-) TimerEvent: {}
[47.490970] (-) TimerEvent: {}
[47.591703] (-) TimerEvent: {}
[47.692442] (-) TimerEvent: {}
[47.793383] (-) TimerEvent: {}
[47.894502] (-) TimerEvent: {}
[47.995229] (-) TimerEvent: {}
[48.095986] (-) TimerEvent: {}
[48.196909] (-) TimerEvent: {}
[48.297751] (-) TimerEvent: {}
[48.398553] (-) TimerEvent: {}
[48.499330] (-) TimerEvent: {}
[48.600092] (-) TimerEvent: {}
[48.700870] (-) TimerEvent: {}
[48.801614] (-) TimerEvent: {}
[48.902371] (-) TimerEvent: {}
[49.003343] (-) TimerEvent: {}
[49.104292] (-) TimerEvent: {}
[49.205620] (-) TimerEvent: {}
[49.306337] (-) TimerEvent: {}
[49.407961] (-) TimerEvent: {}
[49.509023] (-) TimerEvent: {}
[49.609789] (-) TimerEvent: {}
[49.710497] (-) TimerEvent: {}
[49.811214] (-) TimerEvent: {}
[49.911926] (-) TimerEvent: {}
[50.012760] (-) TimerEvent: {}
[50.113522] (-) TimerEvent: {}
[50.214464] (-) TimerEvent: {}
[50.315488] (-) TimerEvent: {}
[50.416234] (-) TimerEvent: {}
[50.517036] (-) TimerEvent: {}
[50.617744] (-) TimerEvent: {}
[50.718470] (-) TimerEvent: {}
[50.819215] (-) TimerEvent: {}
[50.919942] (-) TimerEvent: {}
[51.020682] (-) TimerEvent: {}
[51.121435] (-) TimerEvent: {}
[51.222156] (-) TimerEvent: {}
[51.322929] (-) TimerEvent: {}
[51.423668] (-) TimerEvent: {}
[51.524435] (-) TimerEvent: {}
[51.625171] (-) TimerEvent: {}
[51.725924] (-) TimerEvent: {}
[51.826670] (-) TimerEvent: {}
[51.927409] (-) TimerEvent: {}
[52.028158] (-) TimerEvent: {}
[52.128931] (-) TimerEvent: {}
[52.229657] (-) TimerEvent: {}
[52.330308] (-) TimerEvent: {}
[52.430910] (-) TimerEvent: {}
[52.531636] (-) TimerEvent: {}
[52.632397] (-) TimerEvent: {}
[52.733380] (-) TimerEvent: {}
[52.837054] (-) TimerEvent: {}
[52.940475] (-) TimerEvent: {}
[53.044477] (-) TimerEvent: {}
[53.145462] (-) TimerEvent: {}
[53.246197] (-) TimerEvent: {}
[53.346763] (-) TimerEvent: {}
[53.447286] (-) TimerEvent: {}
[53.548341] (-) TimerEvent: {}
[53.649055] (-) TimerEvent: {}
[53.749777] (-) TimerEvent: {}
[53.850684] (-) TimerEvent: {}
[53.951354] (-) TimerEvent: {}
[54.052945] (-) TimerEvent: {}
[54.154188] (-) TimerEvent: {}
[54.255876] (-) TimerEvent: {}
[54.358052] (-) TimerEvent: {}
[54.459617] (-) TimerEvent: {}
[54.560897] (-) TimerEvent: {}
[54.662217] (-) TimerEvent: {}
[54.764049] (-) TimerEvent: {}
[54.865237] (-) TimerEvent: {}
[54.966868] (-) TimerEvent: {}
[55.068785] (-) TimerEvent: {}
[55.170835] (-) TimerEvent: {}
[55.271812] (-) TimerEvent: {}
[55.372593] (-) TimerEvent: {}
[55.473414] (-) TimerEvent: {}
[55.574128] (-) TimerEvent: {}
[55.675354] (-) TimerEvent: {}
[55.776260] (-) TimerEvent: {}
[55.877034] (-) TimerEvent: {}
[55.978098] (-) TimerEvent: {}
[56.079150] (-) TimerEvent: {}
[56.180122] (-) TimerEvent: {}
[56.288855] (-) TimerEvent: {}
[56.393284] (-) TimerEvent: {}
[56.494013] (-) TimerEvent: {}
[56.594735] (-) TimerEvent: {}
[56.696480] (-) TimerEvent: {}
[56.797204] (-) TimerEvent: {}
[56.897909] (-) TimerEvent: {}
[57.000503] (-) TimerEvent: {}
[57.101228] (-) TimerEvent: {}
[57.201966] (-) TimerEvent: {}
[57.303226] (-) TimerEvent: {}
[57.404006] (-) TimerEvent: {}
[57.508831] (-) TimerEvent: {}
[57.612728] (-) TimerEvent: {}
[57.713444] (-) TimerEvent: {}
[57.814287] (-) TimerEvent: {}
[57.915050] (-) TimerEvent: {}
[58.015700] (-) TimerEvent: {}
[58.116351] (-) TimerEvent: {}
[58.217053] (-) TimerEvent: {}
[58.317768] (-) TimerEvent: {}
[58.418396] (-) TimerEvent: {}
[58.519073] (-) TimerEvent: {}
[58.620350] (-) TimerEvent: {}
[58.721082] (-) TimerEvent: {}
[58.822054] (-) TimerEvent: {}
[58.923044] (-) TimerEvent: {}
[59.024065] (-) TimerEvent: {}
[59.125225] (-) TimerEvent: {}
[59.226183] (-) TimerEvent: {}
[59.327196] (-) TimerEvent: {}
[59.428213] (-) TimerEvent: {}
[59.529032] (-) TimerEvent: {}
[59.629809] (-) TimerEvent: {}
[59.730592] (-) TimerEvent: {}
[59.831359] (-) TimerEvent: {}
[59.932127] (-) TimerEvent: {}
[60.032916] (-) TimerEvent: {}
[60.133654] (-) TimerEvent: {}
[60.234390] (-) TimerEvent: {}
[60.335246] (-) TimerEvent: {}
[60.435950] (-) TimerEvent: {}
[60.542513] (-) TimerEvent: {}
[60.644705] (-) TimerEvent: {}
[60.745728] (-) TimerEvent: {}
[60.847621] (-) TimerEvent: {}
[60.950110] (-) TimerEvent: {}
[61.051900] (-) TimerEvent: {}
[61.154355] (-) TimerEvent: {}
[61.255124] (-) TimerEvent: {}
[61.355988] (-) TimerEvent: {}
[61.456804] (-) TimerEvent: {}
[61.557464] (-) TimerEvent: {}
[61.658367] (-) TimerEvent: {}
[61.760614] (-) TimerEvent: {}
[61.861318] (-) TimerEvent: {}
[61.962115] (-) TimerEvent: {}
[62.062838] (-) TimerEvent: {}
[62.163570] (-) TimerEvent: {}
[62.264381] (-) TimerEvent: {}
[62.365121] (-) TimerEvent: {}
[62.466068] (-) TimerEvent: {}
[62.566993] (-) TimerEvent: {}
[62.667722] (-) TimerEvent: {}
[62.768597] (-) TimerEvent: {}
[62.869335] (-) TimerEvent: {}
[62.970101] (-) TimerEvent: {}
[63.070780] (-) TimerEvent: {}
[63.171524] (-) TimerEvent: {}
[63.273285] (-) TimerEvent: {}
[63.374297] (-) TimerEvent: {}
[63.480848] (-) TimerEvent: {}
[63.582086] (-) TimerEvent: {}
[63.691866] (-) TimerEvent: {}
[63.793149] (-) TimerEvent: {}
[63.894447] (-) TimerEvent: {}
[63.995638] (-) TimerEvent: {}
[64.096869] (-) TimerEvent: {}
[64.624895] (-) TimerEvent: {}
[64.726460] (-) TimerEvent: {}
[64.827591] (-) TimerEvent: {}
[64.928722] (-) TimerEvent: {}
[65.029831] (-) TimerEvent: {}
[65.130549] (-) TimerEvent: {}
[65.232156] (-) TimerEvent: {}
[65.334123] (-) TimerEvent: {}
[65.435423] (-) TimerEvent: {}
[65.536273] (-) TimerEvent: {}
[65.637030] (-) TimerEvent: {}
[65.737752] (-) TimerEvent: {}
[65.838478] (-) TimerEvent: {}
[65.939259] (-) TimerEvent: {}
[66.040058] (-) TimerEvent: {}
[66.140855] (-) TimerEvent: {}
[66.241614] (-) TimerEvent: {}
[66.342318] (-) TimerEvent: {}
[66.443015] (-) TimerEvent: {}
[66.543603] (-) TimerEvent: {}
[66.644453] (-) TimerEvent: {}
[66.745408] (-) TimerEvent: {}
[66.846153] (-) TimerEvent: {}
[66.948965] (-) TimerEvent: {}
[67.049715] (-) TimerEvent: {}
[67.150464] (-) TimerEvent: {}
[67.251208] (-) TimerEvent: {}
[67.352016] (-) TimerEvent: {}
[67.452884] (-) TimerEvent: {}
[67.553616] (-) TimerEvent: {}
[67.654347] (-) TimerEvent: {}
[67.755176] (-) TimerEvent: {}
[67.856174] (-) TimerEvent: {}
[67.957090] (-) TimerEvent: {}
[68.058163] (-) TimerEvent: {}
[68.159282] (-) TimerEvent: {}
[68.260709] (-) TimerEvent: {}
[68.361747] (-) TimerEvent: {}
[68.462592] (-) TimerEvent: {}
[68.563373] (-) TimerEvent: {}
[68.664220] (-) TimerEvent: {}
[68.764994] (-) TimerEvent: {}
[68.865768] (-) TimerEvent: {}
[68.966541] (-) TimerEvent: {}
[69.067389] (-) TimerEvent: {}
[69.168623] (-) TimerEvent: {}
[69.269960] (-) TimerEvent: {}
[69.370699] (-) TimerEvent: {}
[69.471462] (-) TimerEvent: {}
[69.572164] (-) TimerEvent: {}
[69.674095] (-) TimerEvent: {}
[69.776560] (-) TimerEvent: {}
[69.877753] (-) TimerEvent: {}
[69.978491] (-) TimerEvent: {}
[70.079217] (-) TimerEvent: {}
[70.179971] (-) TimerEvent: {}
[70.280981] (-) TimerEvent: {}
[70.382233] (-) TimerEvent: {}
[70.483685] (-) TimerEvent: {}
[70.584918] (-) TimerEvent: {}
[70.686283] (-) TimerEvent: {}
[70.786982] (-) TimerEvent: {}
[70.887968] (-) TimerEvent: {}
[70.989154] (-) TimerEvent: {}
[71.090873] (-) TimerEvent: {}
[71.191821] (-) TimerEvent: {}
[71.292824] (-) TimerEvent: {}
[71.394214] (-) TimerEvent: {}
[71.495183] (-) TimerEvent: {}
[71.595961] (-) TimerEvent: {}
[71.696888] (-) TimerEvent: {}
[71.798224] (-) TimerEvent: {}
[71.899257] (-) TimerEvent: {}
[72.000232] (-) TimerEvent: {}
[72.101242] (-) TimerEvent: {}
[72.202227] (-) TimerEvent: {}
[72.303229] (-) TimerEvent: {}
[72.404264] (-) TimerEvent: {}
[72.506206] (-) TimerEvent: {}
[72.606966] (-) TimerEvent: {}
[72.707691] (-) TimerEvent: {}
[72.808591] (-) TimerEvent: {}
[72.909466] (-) TimerEvent: {}
[73.010275] (-) TimerEvent: {}
[73.111021] (-) TimerEvent: {}
[73.211784] (-) TimerEvent: {}
[73.312763] (-) TimerEvent: {}
[73.413639] (-) TimerEvent: {}
[73.514413] (-) TimerEvent: {}
[73.615172] (-) TimerEvent: {}
[73.716631] (-) TimerEvent: {}
[73.817998] (-) TimerEvent: {}
[73.918695] (-) TimerEvent: {}
[74.020192] (-) TimerEvent: {}
[74.121793] (-) TimerEvent: {}
[74.227162] (-) TimerEvent: {}
[74.329014] (-) TimerEvent: {}
[74.429996] (-) TimerEvent: {}
[74.531447] (-) TimerEvent: {}
[74.632192] (-) TimerEvent: {}
[74.733031] (-) TimerEvent: {}
[74.834053] (-) TimerEvent: {}
[74.934814] (-) TimerEvent: {}
[75.038457] (-) TimerEvent: {}
[75.140489] (-) TimerEvent: {}
[75.241857] (-) TimerEvent: {}
[75.342618] (-) TimerEvent: {}
[75.443357] (-) TimerEvent: {}
[75.544101] (-) TimerEvent: {}
[75.647949] (-) TimerEvent: {}
[75.749480] (-) TimerEvent: {}
[75.851061] (-) TimerEvent: {}
[75.952702] (-) TimerEvent: {}
[76.054254] (-) TimerEvent: {}
[76.155468] (-) TimerEvent: {}
[76.256502] (-) TimerEvent: {}
[76.357346] (-) TimerEvent: {}
[76.458066] (-) TimerEvent: {}
[76.558715] (-) TimerEvent: {}
[76.659535] (-) TimerEvent: {}
[76.760199] (-) TimerEvent: {}
[76.860954] (-) TimerEvent: {}
[76.962060] (-) TimerEvent: {}
[77.063497] (-) TimerEvent: {}
[77.165141] (-) TimerEvent: {}
[77.266014] (-) TimerEvent: {}
[77.366817] (-) TimerEvent: {}
[77.468993] (-) TimerEvent: {}
[77.570620] (-) TimerEvent: {}
[77.671444] (-) TimerEvent: {}
[77.772254] (-) TimerEvent: {}
[77.873765] (-) TimerEvent: {}
[77.974978] (-) TimerEvent: {}
[78.077214] (-) TimerEvent: {}
[78.179011] (-) TimerEvent: {}
[78.279787] (-) TimerEvent: {}
[78.380600] (-) TimerEvent: {}
[78.481321] (-) TimerEvent: {}
[78.582238] (-) TimerEvent: {}
[78.683490] (-) TimerEvent: {}
[78.784259] (-) TimerEvent: {}
[78.885151] (-) TimerEvent: {}
[78.986158] (-) TimerEvent: {}
[79.091870] (-) TimerEvent: {}
[79.212489] (-) TimerEvent: {}
[79.320484] (-) TimerEvent: {}
[79.428462] (-) TimerEvent: {}
[79.530283] (-) TimerEvent: {}
[79.632416] (-) TimerEvent: {}
[79.733124] (-) TimerEvent: {}
[79.833851] (-) TimerEvent: {}
[79.934603] (-) TimerEvent: {}
[80.035302] (-) TimerEvent: {}
[80.136052] (-) TimerEvent: {}
[80.237294] (-) TimerEvent: {}
[80.338100] (-) TimerEvent: {}
[80.438860] (-) TimerEvent: {}
[80.539454] (-) TimerEvent: {}
[80.640132] (-) TimerEvent: {}
[80.742249] (-) TimerEvent: {}
[80.842994] (-) TimerEvent: {}
[80.949579] (-) TimerEvent: {}
[81.056478] (-) TimerEvent: {}
[81.160480] (-) TimerEvent: {}
[81.264473] (-) TimerEvent: {}
[81.368493] (-) TimerEvent: {}
[81.470177] (-) TimerEvent: {}
[81.570956] (-) TimerEvent: {}
[81.671531] (-) TimerEvent: {}
[81.772194] (-) TimerEvent: {}
[81.873481] (-) TimerEvent: {}
[81.974994] (-) TimerEvent: {}
[82.076166] (-) TimerEvent: {}
[82.180667] (-) TimerEvent: {}
[82.281360] (-) TimerEvent: {}
[82.382578] (-) TimerEvent: {}
[82.484171] (-) TimerEvent: {}
[82.585193] (-) TimerEvent: {}
[82.685976] (-) TimerEvent: {}
[82.786605] (-) TimerEvent: {}
[82.887300] (-) TimerEvent: {}
[82.988624] (-) TimerEvent: {}
[83.089558] (-) TimerEvent: {}
[83.190852] (-) TimerEvent: {}
[83.291596] (-) TimerEvent: {}
[83.392466] (-) TimerEvent: {}
[83.493760] (-) TimerEvent: {}
[83.596425] (-) TimerEvent: {}
[83.697682] (-) TimerEvent: {}
[83.798853] (-) TimerEvent: {}
[83.900248] (-) TimerEvent: {}
[84.001572] (-) TimerEvent: {}
[84.104663] (-) TimerEvent: {}
[84.205760] (-) TimerEvent: {}
[84.306597] (-) TimerEvent: {}
[84.407602] (-) TimerEvent: {}
[84.508565] (-) TimerEvent: {}
[84.609436] (-) TimerEvent: {}
[84.710219] (-) TimerEvent: {}
[84.810961] (-) TimerEvent: {}
[84.911756] (-) TimerEvent: {}
[85.012760] (-) TimerEvent: {}
[85.114131] (-) TimerEvent: {}
[85.215551] (-) TimerEvent: {}
[85.316845] (-) TimerEvent: {}
[85.421218] (-) TimerEvent: {}
[85.523522] (-) TimerEvent: {}
[85.624506] (-) TimerEvent: {}
[85.725390] (-) TimerEvent: {}
[85.826296] (-) TimerEvent: {}
[85.927322] (-) TimerEvent: {}
[86.028872] (-) TimerEvent: {}
[86.135789] (-) TimerEvent: {}
[86.236538] (-) TimerEvent: {}
[86.337295] (-) TimerEvent: {}
[86.438481] (-) TimerEvent: {}
[86.539216] (-) TimerEvent: {}
[86.639972] (-) TimerEvent: {}
[86.740863] (-) TimerEvent: {}
[86.841659] (-) TimerEvent: {}
[86.942623] (-) TimerEvent: {}
[87.043811] (-) TimerEvent: {}
[87.144676] (-) TimerEvent: {}
[87.245387] (-) TimerEvent: {}
[87.352032] (-) TimerEvent: {}
[87.456476] (-) TimerEvent: {}
[87.560471] (-) TimerEvent: {}
[87.661206] (-) TimerEvent: {}
[87.761907] (-) TimerEvent: {}
[87.862649] (-) TimerEvent: {}
[87.963610] (-) TimerEvent: {}
[88.064385] (-) TimerEvent: {}
[88.165986] (-) TimerEvent: {}
[88.268549] (-) TimerEvent: {}
[88.369278] (-) TimerEvent: {}
[88.470009] (-) TimerEvent: {}
[88.570718] (-) TimerEvent: {}
[88.671429] (-) TimerEvent: {}
[88.772140] (-) TimerEvent: {}
[88.873237] (-) TimerEvent: {}
[88.974006] (-) TimerEvent: {}
[89.074750] (-) TimerEvent: {}
[89.175712] (-) TimerEvent: {}
[89.276480] (-) TimerEvent: {}
[89.377268] (-) TimerEvent: {}
[89.477963] (-) TimerEvent: {}
[89.578677] (-) TimerEvent: {}
[89.679416] (-) TimerEvent: {}
[89.933952] (-) TimerEvent: {}
[90.035140] (-) TimerEvent: {}
[90.136537] (-) TimerEvent: {}
[90.237770] (-) TimerEvent: {}
[90.339550] (-) TimerEvent: {}
[90.440757] (-) TimerEvent: {}
[90.541683] (-) TimerEvent: {}
[90.642748] (-) TimerEvent: {}
[90.743517] (-) TimerEvent: {}
[90.854484] (-) TimerEvent: {}
[90.955725] (-) TimerEvent: {}
[91.056991] (-) TimerEvent: {}
[91.157914] (-) TimerEvent: {}
[91.258860] (-) TimerEvent: {}
[91.360060] (-) TimerEvent: {}
[91.461471] (-) TimerEvent: {}
[91.562962] (-) TimerEvent: {}
[91.663850] (-) TimerEvent: {}
[91.764585] (-) TimerEvent: {}
[91.865162] (-) TimerEvent: {}
[91.967012] (-) TimerEvent: {}
[92.067763] (-) TimerEvent: {}
[92.168486] (-) TimerEvent: {}
[92.269223] (-) TimerEvent: {}
[92.369957] (-) TimerEvent: {}
[92.471371] (-) TimerEvent: {}
[92.572700] (-) TimerEvent: {}
[92.674267] (-) TimerEvent: {}
[92.776127] (-) TimerEvent: {}
[92.877760] (-) TimerEvent: {}
[92.979032] (-) TimerEvent: {}
[93.080156] (-) TimerEvent: {}
[93.181931] (-) TimerEvent: {}
[93.283343] (-) TimerEvent: {}
[93.384256] (-) TimerEvent: {}
[93.485243] (-) TimerEvent: {}
[93.586499] (-) TimerEvent: {}
[93.688016] (-) TimerEvent: {}
[93.789218] (-) TimerEvent: {}
[93.890811] (-) TimerEvent: {}
[93.991953] (-) TimerEvent: {}
[94.092926] (-) TimerEvent: {}
[94.193833] (-) TimerEvent: {}
[94.294976] (-) TimerEvent: {}
[94.396474] (-) TimerEvent: {}
[94.514703] (-) TimerEvent: {}
[94.616426] (-) TimerEvent: {}
[94.717664] (-) TimerEvent: {}
[94.818386] (-) TimerEvent: {}
[94.919252] (-) TimerEvent: {}
[95.020036] (-) TimerEvent: {}
[95.121689] (-) TimerEvent: {}
[95.222956] (-) TimerEvent: {}
[95.324370] (-) TimerEvent: {}
[95.425550] (-) TimerEvent: {}
[95.526585] (-) TimerEvent: {}
[95.628105] (-) TimerEvent: {}
[95.729383] (-) TimerEvent: {}
[95.830344] (-) TimerEvent: {}
[95.931325] (-) TimerEvent: {}
[96.032059] (-) TimerEvent: {}
[96.133307] (-) TimerEvent: {}
[96.234531] (-) TimerEvent: {}
[96.335254] (-) TimerEvent: {}
[96.436478] (-) TimerEvent: {}
[96.537201] (-) TimerEvent: {}
[96.638377] (-) TimerEvent: {}
[96.739119] (-) TimerEvent: {}
[96.839835] (-) TimerEvent: {}
[96.941119] (-) TimerEvent: {}
[97.041851] (-) TimerEvent: {}
[97.143405] (-) TimerEvent: {}
[97.245892] (-) TimerEvent: {}
[97.347459] (-) TimerEvent: {}
[97.448171] (-) TimerEvent: {}
[97.549351] (-) TimerEvent: {}
[97.651068] (-) TimerEvent: {}
[97.752375] (-) TimerEvent: {}
[97.853436] (-) TimerEvent: {}
[97.954141] (-) TimerEvent: {}
[98.054831] (-) TimerEvent: {}
[98.155675] (-) TimerEvent: {}
[98.256422] (-) TimerEvent: {}
[98.357137] (-) TimerEvent: {}
[98.457880] (-) TimerEvent: {}
[98.558613] (-) TimerEvent: {}
[98.659331] (-) TimerEvent: {}
[98.760244] (-) TimerEvent: {}
[98.860972] (-) TimerEvent: {}
[98.961717] (-) TimerEvent: {}
[99.062436] (-) TimerEvent: {}
[99.163237] (-) TimerEvent: {}
[99.263949] (-) TimerEvent: {}
[99.364713] (-) TimerEvent: {}
[99.465425] (-) TimerEvent: {}
[99.566614] (-) TimerEvent: {}
[99.667797] (-) TimerEvent: {}
[99.769724] (-) TimerEvent: {}
[99.871084] (-) TimerEvent: {}
[99.972426] (-) TimerEvent: {}
[100.073633] (-) TimerEvent: {}
[100.174330] (-) TimerEvent: {}
[100.275049] (-) TimerEvent: {}
[100.375885] (-) TimerEvent: {}
[100.476783] (-) TimerEvent: {}
[100.577478] (-) TimerEvent: {}
[100.678043] (-) TimerEvent: {}
[100.778522] (-) TimerEvent: {}
[100.878985] (-) TimerEvent: {}
[100.979508] (-) TimerEvent: {}
[101.080343] (-) TimerEvent: {}
[101.181065] (-) TimerEvent: {}
[101.281763] (-) TimerEvent: {}
[101.382473] (-) TimerEvent: {}
[101.483408] (-) TimerEvent: {}
[101.584810] (-) TimerEvent: {}
[101.685903] (-) TimerEvent: {}
[101.787240] (-) TimerEvent: {}
[101.888617] (-) TimerEvent: {}
[101.989699] (-) TimerEvent: {}
[102.090424] (-) TimerEvent: {}
[102.191568] (-) TimerEvent: {}
[102.292578] (-) TimerEvent: {}
[102.393546] (-) TimerEvent: {}
[102.494888] (-) TimerEvent: {}
[102.595617] (-) TimerEvent: {}
[102.696328] (-) TimerEvent: {}
[102.796979] (-) TimerEvent: {}
[102.897674] (-) TimerEvent: {}
[102.998444] (-) TimerEvent: {}
[103.099032] (-) TimerEvent: {}
[103.199807] (-) TimerEvent: {}
[103.300584] (-) TimerEvent: {}
[103.401349] (-) TimerEvent: {}
[103.502077] (-) TimerEvent: {}
[103.603253] (-) TimerEvent: {}
[103.704220] (-) TimerEvent: {}
[103.808636] (-) TimerEvent: {}
[103.909375] (-) TimerEvent: {}
[104.010119] (-) TimerEvent: {}
[104.111049] (-) TimerEvent: {}
[104.211846] (-) TimerEvent: {}
[104.312620] (-) TimerEvent: {}
[104.414117] (-) TimerEvent: {}
[104.514831] (-) TimerEvent: {}
[104.615678] (-) TimerEvent: {}
[104.716639] (-) TimerEvent: {}
[104.817392] (-) TimerEvent: {}
[104.918007] (-) TimerEvent: {}
[105.018750] (-) TimerEvent: {}
[105.119465] (-) TimerEvent: {}
[105.221911] (-) TimerEvent: {}
[105.322960] (-) TimerEvent: {}
[105.423689] (-) TimerEvent: {}
[105.524811] (-) TimerEvent: {}
[105.625538] (-) TimerEvent: {}
[105.726258] (-) TimerEvent: {}
[105.827263] (-) TimerEvent: {}
[105.927964] (-) TimerEvent: {}
[106.028683] (-) TimerEvent: {}
[106.132763] (-) TimerEvent: {}
[106.236592] (-) TimerEvent: {}
[106.338080] (-) TimerEvent: {}
[106.439242] (-) TimerEvent: {}
[106.540019] (-) TimerEvent: {}
[106.644582] (-) TimerEvent: {}
[106.749088] (-) TimerEvent: {}
[106.849738] (-) TimerEvent: {}
[106.950381] (-) TimerEvent: {}
[107.051023] (-) TimerEvent: {}
[107.152088] (-) TimerEvent: {}
[107.253775] (-) TimerEvent: {}
[107.356383] (-) TimerEvent: {}
[107.457600] (-) TimerEvent: {}
[107.560782] (-) TimerEvent: {}
[107.662739] (-) TimerEvent: {}
[107.763439] (-) TimerEvent: {}
[108.151638] (-) TimerEvent: {}
[108.252335] (-) TimerEvent: {}
[108.353025] (-) TimerEvent: {}
[108.453852] (-) TimerEvent: {}
[108.554551] (-) TimerEvent: {}
[108.655504] (-) TimerEvent: {}
[108.756724] (-) TimerEvent: {}
[108.857510] (-) TimerEvent: {}
[108.958195] (-) TimerEvent: {}
[109.067163] (-) TimerEvent: {}
[109.168072] (-) TimerEvent: {}
[109.268983] (-) TimerEvent: {}
[109.371603] (-) TimerEvent: {}
[109.474203] (-) TimerEvent: {}
[109.575423] (-) TimerEvent: {}
[109.676184] (-) TimerEvent: {}
[109.776974] (-) TimerEvent: {}
[109.877763] (-) TimerEvent: {}
[109.978562] (-) TimerEvent: {}
[110.079880] (-) TimerEvent: {}
[110.180787] (-) TimerEvent: {}
[110.281920] (-) TimerEvent: {}
[110.382859] (-) TimerEvent: {}
[110.483993] (-) TimerEvent: {}
[110.586706] (-) TimerEvent: {}
[110.687871] (-) TimerEvent: {}
[110.788845] (-) TimerEvent: {}
[110.889864] (-) TimerEvent: {}
[110.990618] (-) TimerEvent: {}
[111.091591] (-) TimerEvent: {}
[111.192383] (-) TimerEvent: {}
[111.293204] (-) TimerEvent: {}
[111.393911] (-) TimerEvent: {}
[111.496539] (-) TimerEvent: {}
[111.597511] (-) TimerEvent: {}
[111.699383] (-) TimerEvent: {}
[111.800642] (-) TimerEvent: {}
[111.902497] (-) TimerEvent: {}
[112.003983] (-) TimerEvent: {}
[112.105778] (-) TimerEvent: {}
[112.207139] (-) TimerEvent: {}
[112.307874] (-) TimerEvent: {}
[112.408745] (-) TimerEvent: {}
[112.509445] (-) TimerEvent: {}
[112.610050] (-) TimerEvent: {}
[112.710619] (-) TimerEvent: {}
[112.811065] (-) TimerEvent: {}
[112.911568] (-) TimerEvent: {}
[113.012052] (-) TimerEvent: {}
[113.112599] (-) TimerEvent: {}
[113.213187] (-) TimerEvent: {}
[113.314704] (-) TimerEvent: {}
[113.416064] (-) TimerEvent: {}
[113.516960] (-) TimerEvent: {}
[113.618392] (-) TimerEvent: {}
[113.719294] (-) TimerEvent: {}
[113.820225] (-) TimerEvent: {}
[113.921007] (-) TimerEvent: {}
[114.021577] (-) TimerEvent: {}
[114.122419] (-) TimerEvent: {}
[114.223088] (-) TimerEvent: {}
[114.324365] (-) TimerEvent: {}
[114.425047] (-) TimerEvent: {}
[114.525779] (-) TimerEvent: {}
[114.661314] (-) TimerEvent: {}
[114.762393] (-) TimerEvent: {}
[114.863365] (-) TimerEvent: {}
[114.964943] (-) TimerEvent: {}
[115.066334] (-) TimerEvent: {}
[115.167052] (-) TimerEvent: {}
[115.267832] (-) TimerEvent: {}
[115.369063] (-) TimerEvent: {}
[115.476482] (-) TimerEvent: {}
[115.577619] (-) TimerEvent: {}
[115.678742] (-) TimerEvent: {}
[115.780059] (-) TimerEvent: {}
[115.880799] (-) TimerEvent: {}
[115.982038] (-) TimerEvent: {}
[116.083010] (-) TimerEvent: {}
[116.185041] (-) TimerEvent: {}
[116.286051] (-) TimerEvent: {}
[116.386788] (-) TimerEvent: {}
[116.487504] (-) TimerEvent: {}
[116.588716] (-) TimerEvent: {}
[116.690376] (-) TimerEvent: {}
[116.791202] (-) TimerEvent: {}
[116.891915] (-) TimerEvent: {}
[116.992596] (-) TimerEvent: {}
[117.093238] (-) TimerEvent: {}
[117.194974] (-) TimerEvent: {}
[117.295666] (-) TimerEvent: {}
[117.396427] (-) TimerEvent: {}
[117.497138] (-) TimerEvent: {}
[117.597868] (-) TimerEvent: {}
[117.698628] (-) TimerEvent: {}
[117.799311] (-) TimerEvent: {}
[117.900040] (-) TimerEvent: {}
[118.000894] (-) TimerEvent: {}
[118.101605] (-) TimerEvent: {}
[118.202372] (-) TimerEvent: {}
[118.303202] (-) TimerEvent: {}
[118.403950] (-) TimerEvent: {}
[118.504806] (-) TimerEvent: {}
[118.605516] (-) TimerEvent: {}
[118.706244] (-) TimerEvent: {}
[118.806921] (-) TimerEvent: {}
[118.907638] (-) TimerEvent: {}
[119.008451] (-) TimerEvent: {}
[119.109181] (-) TimerEvent: {}
[119.209952] (-) TimerEvent: {}
[119.310761] (-) TimerEvent: {}
[119.425237] (-) TimerEvent: {}
[119.525931] (-) TimerEvent: {}
[119.626696] (-) TimerEvent: {}
[119.727411] (-) TimerEvent: {}
[119.828175] (-) TimerEvent: {}
[119.928975] (-) TimerEvent: {}
[120.029696] (-) TimerEvent: {}
[120.130650] (-) TimerEvent: {}
[120.231663] (-) TimerEvent: {}
[120.332442] (-) TimerEvent: {}
[120.433149] (-) TimerEvent: {}
[120.533894] (-) TimerEvent: {}
[120.634637] (-) TimerEvent: {}
[120.735350] (-) TimerEvent: {}
[120.836063] (-) TimerEvent: {}
[120.936825] (-) TimerEvent: {}
[121.037523] (-) TimerEvent: {}
[121.138362] (-) TimerEvent: {}
[121.239196] (-) TimerEvent: {}
[121.340162] (-) TimerEvent: {}
[121.445058] (-) TimerEvent: {}
[121.549211] (-) TimerEvent: {}
[121.652461] (-) TimerEvent: {}
[121.760493] (-) TimerEvent: {}
[121.861223] (-) TimerEvent: {}
[121.961979] (-) TimerEvent: {}
[122.062985] (-) TimerEvent: {}
[122.163870] (-) TimerEvent: {}
[122.264814] (-) TimerEvent: {}
[122.365615] (-) TimerEvent: {}
[122.466314] (-) TimerEvent: {}
[122.572502] (-) TimerEvent: {}
[122.680523] (-) TimerEvent: {}
[122.781252] (-) TimerEvent: {}
[122.881957] (-) TimerEvent: {}
[122.982690] (-) TimerEvent: {}
[123.083406] (-) TimerEvent: {}
[123.184118] (-) TimerEvent: {}
[123.284850] (-) TimerEvent: {}
[123.385549] (-) TimerEvent: {}
[123.486241] (-) TimerEvent: {}
[123.586945] (-) TimerEvent: {}
[123.687628] (-) TimerEvent: {}
[123.788134] (-) TimerEvent: {}
[123.888642] (-) TimerEvent: {}
[123.989105] (-) TimerEvent: {}
[124.089615] (-) TimerEvent: {}
[124.190032] (-) TimerEvent: {}
[124.293488] (-) TimerEvent: {}
[124.397235] (-) TimerEvent: {}
[124.497990] (-) TimerEvent: {}
[124.599516] (-) TimerEvent: {}
[124.701393] (-) TimerEvent: {}
[124.802676] (-) TimerEvent: {}
[124.903891] (-) TimerEvent: {}
[125.004854] (-) TimerEvent: {}
[125.105634] (-) TimerEvent: {}
[125.206600] (-) TimerEvent: {}
[125.307509] (-) TimerEvent: {}
[125.408888] (-) TimerEvent: {}
[125.510453] (-) TimerEvent: {}
[125.611924] (-) TimerEvent: {}
[125.713608] (-) TimerEvent: {}
[125.814466] (-) TimerEvent: {}
[125.915522] (-) TimerEvent: {}
[126.016270] (-) TimerEvent: {}
[126.117231] (-) TimerEvent: {}
[126.217962] (-) TimerEvent: {}
[126.319359] (grab_demo) StdoutLine: {'line': b'[ 65%] \x1b[32m\x1b[1mLinking CXX executable camera_info_node\x1b[0m\n'}
[126.333546] (-) TimerEvent: {}
[126.434305] (-) TimerEvent: {}
[126.535008] (-) TimerEvent: {}
[126.635702] (-) TimerEvent: {}
[126.736412] (-) TimerEvent: {}
[126.837102] (-) TimerEvent: {}
[126.937803] (-) TimerEvent: {}
[127.038494] (-) TimerEvent: {}
[127.138987] (-) TimerEvent: {}
[127.239475] (-) TimerEvent: {}
[127.340040] (-) TimerEvent: {}
[127.441050] (-) TimerEvent: {}
[127.541840] (-) TimerEvent: {}
[127.642557] (-) TimerEvent: {}
[127.743280] (-) TimerEvent: {}
[127.844657] (-) TimerEvent: {}
[127.945653] (-) TimerEvent: {}
[128.046357] (-) TimerEvent: {}
[128.147051] (-) TimerEvent: {}
[128.247803] (-) TimerEvent: {}
[128.312631] (grab_demo) StdoutLine: {'line': b'[ 65%] Built target camera_info_node\n'}
[128.348015] (-) TimerEvent: {}
[128.449270] (-) TimerEvent: {}
[128.549983] (-) TimerEvent: {}
[128.651651] (-) TimerEvent: {}
[128.752396] (-) TimerEvent: {}
[128.853290] (-) TimerEvent: {}
[128.955154] (-) TimerEvent: {}
[129.059020] (-) TimerEvent: {}
[129.160240] (-) TimerEvent: {}
[129.260993] (-) TimerEvent: {}
[129.361718] (-) TimerEvent: {}
[129.462513] (-) TimerEvent: {}
[129.564478] (-) TimerEvent: {}
[129.665424] (-) TimerEvent: {}
[129.766139] (-) TimerEvent: {}
[129.867125] (-) TimerEvent: {}
[129.967887] (-) TimerEvent: {}
[130.068624] (-) TimerEvent: {}
[130.169382] (-) TimerEvent: {}
[130.270286] (-) TimerEvent: {}
[130.371134] (-) TimerEvent: {}
[130.471851] (-) TimerEvent: {}
[130.573102] (-) TimerEvent: {}
[130.673820] (-) TimerEvent: {}
[130.774532] (-) TimerEvent: {}
[130.875248] (-) TimerEvent: {}
[130.975974] (-) TimerEvent: {}
[131.076859] (-) TimerEvent: {}
[131.177561] (-) TimerEvent: {}
[131.278285] (-) TimerEvent: {}
[131.380113] (-) TimerEvent: {}
[131.481771] (-) TimerEvent: {}
[131.582570] (-) TimerEvent: {}
[131.683278] (-) TimerEvent: {}
[131.784017] (-) TimerEvent: {}
[131.885591] (-) TimerEvent: {}
[131.986294] (-) TimerEvent: {}
[132.087018] (-) TimerEvent: {}
[132.187894] (-) TimerEvent: {}
[132.288673] (-) TimerEvent: {}
[132.390708] (-) TimerEvent: {}
[132.492925] (-) TimerEvent: {}
[132.593612] (-) TimerEvent: {}
[132.694308] (-) TimerEvent: {}
[132.795017] (-) TimerEvent: {}
[132.895696] (-) TimerEvent: {}
[132.996469] (-) TimerEvent: {}
[133.097784] (-) TimerEvent: {}
[133.198488] (-) TimerEvent: {}
[133.299225] (-) TimerEvent: {}
[133.400637] (-) TimerEvent: {}
[133.501352] (-) TimerEvent: {}
[133.602078] (-) TimerEvent: {}
[133.702784] (-) TimerEvent: {}
[133.803481] (-) TimerEvent: {}
[133.904206] (-) TimerEvent: {}
[134.004947] (-) TimerEvent: {}
[134.105744] (-) TimerEvent: {}
[134.206614] (-) TimerEvent: {}
[134.307374] (-) TimerEvent: {}
[134.408039] (-) TimerEvent: {}
[134.509658] (-) TimerEvent: {}
[134.610383] (-) TimerEvent: {}
[134.711115] (-) TimerEvent: {}
[134.811804] (-) TimerEvent: {}
[134.912546] (-) TimerEvent: {}
[135.013290] (-) TimerEvent: {}
[135.114121] (-) TimerEvent: {}
[135.214924] (-) TimerEvent: {}
[135.315734] (-) TimerEvent: {}
[135.416636] (-) TimerEvent: {}
[135.517443] (-) TimerEvent: {}
[135.618588] (-) TimerEvent: {}
[135.719305] (-) TimerEvent: {}
[135.820022] (-) TimerEvent: {}
[135.920849] (-) TimerEvent: {}
[136.021589] (-) TimerEvent: {}
[136.122328] (-) TimerEvent: {}
[136.223317] (-) TimerEvent: {}
[136.324699] (-) TimerEvent: {}
[136.479681] (-) TimerEvent: {}
[136.580436] (-) TimerEvent: {}
[136.681153] (-) TimerEvent: {}
[136.781861] (-) TimerEvent: {}
[136.882586] (-) TimerEvent: {}
[136.983490] (-) TimerEvent: {}
[137.085145] (-) TimerEvent: {}
[137.186402] (-) TimerEvent: {}
[137.287096] (-) TimerEvent: {}
[137.387799] (-) TimerEvent: {}
[137.488549] (-) TimerEvent: {}
[137.589658] (-) TimerEvent: {}
[137.690794] (-) TimerEvent: {}
[137.793633] (-) TimerEvent: {}
[137.895223] (-) TimerEvent: {}
[137.995912] (-) TimerEvent: {}
[138.096740] (-) TimerEvent: {}
[138.197523] (-) TimerEvent: {}
[138.298100] (-) TimerEvent: {}
[138.398668] (-) TimerEvent: {}
[138.499285] (-) TimerEvent: {}
[138.600663] (-) TimerEvent: {}
[138.702739] (-) TimerEvent: {}
[138.804338] (-) TimerEvent: {}
[138.908123] (-) TimerEvent: {}
[139.008889] (-) TimerEvent: {}
[139.109609] (-) TimerEvent: {}
[139.210300] (-) TimerEvent: {}
[139.311130] (-) TimerEvent: {}
[139.412173] (-) TimerEvent: {}
[139.513161] (-) TimerEvent: {}
[139.614234] (-) TimerEvent: {}
[139.714966] (-) TimerEvent: {}
[139.815851] (-) TimerEvent: {}
[139.916602] (-) TimerEvent: {}
[140.018182] (-) TimerEvent: {}
[140.119028] (-) TimerEvent: {}
[140.219860] (-) TimerEvent: {}
[140.320640] (-) TimerEvent: {}
[140.421494] (-) TimerEvent: {}
[140.522086] (-) TimerEvent: {}
[140.622761] (-) TimerEvent: {}
[140.723537] (-) TimerEvent: {}
[140.824285] (-) TimerEvent: {}
[140.925144] (-) TimerEvent: {}
[141.025860] (-) TimerEvent: {}
[141.126579] (-) TimerEvent: {}
[141.227409] (-) TimerEvent: {}
[141.328158] (-) TimerEvent: {}
[141.428970] (-) TimerEvent: {}
[141.529647] (-) TimerEvent: {}
[141.630344] (-) TimerEvent: {}
[141.731037] (-) TimerEvent: {}
[141.831740] (-) TimerEvent: {}
[141.932476] (-) TimerEvent: {}
[142.033190] (-) TimerEvent: {}
[142.133894] (-) TimerEvent: {}
[142.234832] (-) TimerEvent: {}
[142.335557] (-) TimerEvent: {}
[142.436260] (-) TimerEvent: {}
[142.536975] (-) TimerEvent: {}
[142.637693] (-) TimerEvent: {}
[142.738418] (-) TimerEvent: {}
[142.839368] (-) TimerEvent: {}
[142.940089] (-) TimerEvent: {}
[143.041160] (-) TimerEvent: {}
[143.141900] (-) TimerEvent: {}
[143.243184] (-) TimerEvent: {}
[143.344030] (-) TimerEvent: {}
[143.444871] (-) TimerEvent: {}
[143.545578] (-) TimerEvent: {}
[143.646266] (-) TimerEvent: {}
[143.746969] (-) TimerEvent: {}
[143.847725] (-) TimerEvent: {}
[143.948481] (-) TimerEvent: {}
[144.049235] (-) TimerEvent: {}
[144.150179] (-) TimerEvent: {}
[144.250862] (-) TimerEvent: {}
[144.351797] (-) TimerEvent: {}
[144.453017] (-) TimerEvent: {}
[144.554167] (-) TimerEvent: {}
[144.656056] (-) TimerEvent: {}
[144.756771] (-) TimerEvent: {}
[144.857434] (-) TimerEvent: {}
[144.958254] (-) TimerEvent: {}
[145.059074] (-) TimerEvent: {}
[145.159746] (-) TimerEvent: {}
[145.260437] (-) TimerEvent: {}
[145.361089] (-) TimerEvent: {}
[145.461766] (-) TimerEvent: {}
[145.562538] (-) TimerEvent: {}
[145.663498] (-) TimerEvent: {}
[145.764821] (-) TimerEvent: {}
[145.866022] (-) TimerEvent: {}
[145.967804] (-) TimerEvent: {}
[146.068820] (-) TimerEvent: {}
[146.169542] (-) TimerEvent: {}
[146.270710] (-) TimerEvent: {}
[146.371436] (-) TimerEvent: {}
[146.472219] (-) TimerEvent: {}
[146.573265] (-) TimerEvent: {}
[146.675804] (-) TimerEvent: {}
[146.777518] (-) TimerEvent: {}
[146.879021] (-) TimerEvent: {}
[146.980892] (-) TimerEvent: {}
[147.083050] (-) TimerEvent: {}
[147.184582] (-) TimerEvent: {}
[147.285579] (-) TimerEvent: {}
[147.387282] (-) TimerEvent: {}
[147.488041] (-) TimerEvent: {}
[147.589034] (-) TimerEvent: {}
[147.690057] (-) TimerEvent: {}
[147.790755] (-) TimerEvent: {}
[147.891521] (-) TimerEvent: {}
[147.992264] (-) TimerEvent: {}
[148.092960] (-) TimerEvent: {}
[148.193695] (-) TimerEvent: {}
[148.294366] (-) TimerEvent: {}
[148.395232] (-) TimerEvent: {}
[148.495950] (-) TimerEvent: {}
[148.596815] (-) TimerEvent: {}
[148.697758] (-) TimerEvent: {}
[148.798544] (-) TimerEvent: {}
[148.899254] (-) TimerEvent: {}
[148.999950] (-) TimerEvent: {}
[149.100660] (-) TimerEvent: {}
[149.201585] (-) TimerEvent: {}
[149.303144] (-) TimerEvent: {}
[149.403867] (-) TimerEvent: {}
[149.505098] (-) TimerEvent: {}
[149.605858] (-) TimerEvent: {}
[149.706587] (-) TimerEvent: {}
[149.807337] (-) TimerEvent: {}
[149.908585] (-) TimerEvent: {}
[150.009286] (-) TimerEvent: {}
[150.110240] (-) TimerEvent: {}
[150.211112] (-) TimerEvent: {}
[150.311899] (-) TimerEvent: {}
[150.412702] (-) TimerEvent: {}
[150.513505] (-) TimerEvent: {}
[150.614264] (-) TimerEvent: {}
[150.715015] (-) TimerEvent: {}
[150.815746] (-) TimerEvent: {}
[150.916510] (-) TimerEvent: {}
[151.017269] (-) TimerEvent: {}
[151.117996] (-) TimerEvent: {}
[151.219052] (-) TimerEvent: {}
[151.319846] (-) TimerEvent: {}
[151.420790] (-) TimerEvent: {}
[151.521615] (-) TimerEvent: {}
[151.622396] (-) TimerEvent: {}
[151.723131] (-) TimerEvent: {}
[151.823931] (-) TimerEvent: {}
[151.924732] (-) TimerEvent: {}
[152.025584] (-) TimerEvent: {}
[152.126567] (-) TimerEvent: {}
[152.227316] (-) TimerEvent: {}
[152.328091] (-) TimerEvent: {}
[152.428883] (-) TimerEvent: {}
[152.529615] (-) TimerEvent: {}
[152.630347] (-) TimerEvent: {}
[152.731124] (-) TimerEvent: {}
[152.831726] (-) TimerEvent: {}
[152.932259] (-) TimerEvent: {}
[153.032804] (-) TimerEvent: {}
[153.133393] (-) TimerEvent: {}
[153.233846] (-) TimerEvent: {}
[153.334422] (-) TimerEvent: {}
[153.434924] (-) TimerEvent: {}
[153.535429] (-) TimerEvent: {}
[153.657823] (-) TimerEvent: {}
[153.758579] (-) TimerEvent: {}
[153.859283] (-) TimerEvent: {}
[153.960502] (-) TimerEvent: {}
[154.061369] (-) TimerEvent: {}
[154.162136] (-) TimerEvent: {}
[154.262620] (-) TimerEvent: {}
[154.363014] (-) TimerEvent: {}
[154.463497] (-) TimerEvent: {}
[154.564051] (-) TimerEvent: {}
[154.664632] (-) TimerEvent: {}
[154.765621] (-) TimerEvent: {}
[154.866885] (-) TimerEvent: {}
[154.976491] (-) TimerEvent: {}
[155.077467] (-) TimerEvent: {}
[155.178444] (-) TimerEvent: {}
[155.279198] (-) TimerEvent: {}
[155.379956] (-) TimerEvent: {}
[155.480725] (-) TimerEvent: {}
[155.581522] (-) TimerEvent: {}
[155.682362] (-) TimerEvent: {}
[155.783244] (-) TimerEvent: {}
[155.883961] (-) TimerEvent: {}
[155.984691] (-) TimerEvent: {}
[156.085544] (-) TimerEvent: {}
[156.186248] (-) TimerEvent: {}
[156.287440] (-) TimerEvent: {}
[156.388169] (-) TimerEvent: {}
[156.488916] (-) TimerEvent: {}
[156.589783] (-) TimerEvent: {}
[156.690642] (-) TimerEvent: {}
[156.791999] (-) TimerEvent: {}
[156.892808] (-) TimerEvent: {}
[156.993498] (-) TimerEvent: {}
[157.094179] (-) TimerEvent: {}
[157.194896] (-) TimerEvent: {}
[157.310051] (-) TimerEvent: {}
[157.410772] (-) TimerEvent: {}
[157.511595] (-) TimerEvent: {}
[157.612354] (-) TimerEvent: {}
[157.713027] (-) TimerEvent: {}
[157.813755] (-) TimerEvent: {}
[157.914495] (-) TimerEvent: {}
[158.015656] (-) TimerEvent: {}
[158.116585] (-) TimerEvent: {}
[158.218003] (-) TimerEvent: {}
[158.318957] (-) TimerEvent: {}
[158.419661] (-) TimerEvent: {}
[158.520489] (-) TimerEvent: {}
[158.621290] (-) TimerEvent: {}
[158.722091] (-) TimerEvent: {}
[158.822874] (-) TimerEvent: {}
[158.923628] (-) TimerEvent: {}
[159.024376] (-) TimerEvent: {}
[159.125079] (-) TimerEvent: {}
[159.225826] (-) TimerEvent: {}
[159.326941] (-) TimerEvent: {}
[159.428130] (-) TimerEvent: {}
[159.528976] (-) TimerEvent: {}
[159.629648] (-) TimerEvent: {}
[159.730449] (-) TimerEvent: {}
[159.831256] (-) TimerEvent: {}
[159.932145] (-) TimerEvent: {}
[160.032837] (-) TimerEvent: {}
[160.133545] (-) TimerEvent: {}
[160.234568] (-) TimerEvent: {}
[160.335357] (-) TimerEvent: {}
[160.436061] (-) TimerEvent: {}
[160.536876] (-) TimerEvent: {}
[160.637721] (-) TimerEvent: {}
[160.738393] (-) TimerEvent: {}
[160.839265] (-) TimerEvent: {}
[160.940158] (-) TimerEvent: {}
[161.040992] (-) TimerEvent: {}
[161.141885] (-) TimerEvent: {}
[161.242917] (-) TimerEvent: {}
[161.343720] (-) TimerEvent: {}
[161.444479] (-) TimerEvent: {}
[161.545257] (-) TimerEvent: {}
[161.646055] (-) TimerEvent: {}
[161.746850] (-) TimerEvent: {}
[161.847597] (-) TimerEvent: {}
[161.948368] (-) TimerEvent: {}
[162.049096] (-) TimerEvent: {}
[162.149807] (-) TimerEvent: {}
[162.250754] (-) TimerEvent: {}
[162.351498] (-) TimerEvent: {}
[162.452203] (-) TimerEvent: {}
[162.552925] (-) TimerEvent: {}
[162.653916] (-) TimerEvent: {}
[162.754719] (-) TimerEvent: {}
[162.855729] (-) TimerEvent: {}
[162.956451] (-) TimerEvent: {}
[163.057967] (-) TimerEvent: {}
[163.158924] (-) TimerEvent: {}
[163.259665] (-) TimerEvent: {}
[163.360423] (-) TimerEvent: {}
[163.461159] (-) TimerEvent: {}
[163.561942] (-) TimerEvent: {}
[163.662776] (-) TimerEvent: {}
[163.763591] (-) TimerEvent: {}
[163.864339] (-) TimerEvent: {}
[163.965057] (-) TimerEvent: {}
[164.066328] (-) TimerEvent: {}
[164.167284] (-) TimerEvent: {}
[164.268040] (-) TimerEvent: {}
[164.369114] (-) TimerEvent: {}
[164.469916] (-) TimerEvent: {}
[164.570657] (-) TimerEvent: {}
[164.671820] (-) TimerEvent: {}
[164.772825] (-) TimerEvent: {}
[164.873544] (-) TimerEvent: {}
[164.974258] (-) TimerEvent: {}
[165.075201] (-) TimerEvent: {}
[165.175922] (-) TimerEvent: {}
[165.277314] (-) TimerEvent: {}
[165.379087] (-) TimerEvent: {}
[165.480047] (-) TimerEvent: {}
[165.583891] (-) TimerEvent: {}
[165.684765] (-) TimerEvent: {}
[165.785487] (-) TimerEvent: {}
[165.886258] (-) TimerEvent: {}
[165.987021] (-) TimerEvent: {}
[166.089595] (-) TimerEvent: {}
[166.196724] (-) TimerEvent: {}
[166.297445] (-) TimerEvent: {}
[166.397982] (-) TimerEvent: {}
[166.498388] (-) TimerEvent: {}
[166.598831] (-) TimerEvent: {}
[166.699240] (-) TimerEvent: {}
[166.799872] (-) TimerEvent: {}
[166.901079] (-) TimerEvent: {}
[167.002005] (-) TimerEvent: {}
[167.102761] (-) TimerEvent: {}
[167.203488] (-) TimerEvent: {}
[167.304251] (-) TimerEvent: {}
[167.405027] (-) TimerEvent: {}
[167.505785] (-) TimerEvent: {}
[167.606457] (-) TimerEvent: {}
[167.707131] (-) TimerEvent: {}
[167.807714] (-) TimerEvent: {}
[167.908462] (-) TimerEvent: {}
[168.009201] (-) TimerEvent: {}
[168.109894] (-) TimerEvent: {}
[168.210619] (-) TimerEvent: {}
[168.311337] (-) TimerEvent: {}
[168.412082] (-) TimerEvent: {}
[168.512819] (-) TimerEvent: {}
[168.613516] (-) TimerEvent: {}
[168.714610] (-) TimerEvent: {}
[168.815352] (-) TimerEvent: {}
[168.916089] (-) TimerEvent: {}
[169.016818] (-) TimerEvent: {}
[169.117526] (-) TimerEvent: {}
[169.218224] (-) TimerEvent: {}
[169.318921] (-) TimerEvent: {}
[169.419611] (-) TimerEvent: {}
[169.520323] (-) TimerEvent: {}
[169.621113] (-) TimerEvent: {}
[169.721901] (-) TimerEvent: {}
[169.822672] (-) TimerEvent: {}
[169.923936] (-) TimerEvent: {}
[170.024859] (-) TimerEvent: {}
[170.125735] (-) TimerEvent: {}
[170.226472] (-) TimerEvent: {}
[170.327229] (-) TimerEvent: {}
[170.428079] (-) TimerEvent: {}
[170.528917] (-) TimerEvent: {}
[170.629588] (-) TimerEvent: {}
[170.730307] (-) TimerEvent: {}
[170.831037] (-) TimerEvent: {}
[170.931738] (-) TimerEvent: {}
[171.032494] (-) TimerEvent: {}
[171.133313] (-) TimerEvent: {}
[171.234033] (-) TimerEvent: {}
[171.334752] (-) TimerEvent: {}
[171.435489] (-) TimerEvent: {}
[171.536235] (-) TimerEvent: {}
[171.637003] (-) TimerEvent: {}
[171.737743] (-) TimerEvent: {}
[171.838565] (-) TimerEvent: {}
[171.939379] (-) TimerEvent: {}
[172.040139] (-) TimerEvent: {}
[172.140867] (-) TimerEvent: {}
[172.241598] (-) TimerEvent: {}
[172.342353] (-) TimerEvent: {}
[172.443107] (-) TimerEvent: {}
[172.543887] (-) TimerEvent: {}
[172.645011] (-) TimerEvent: {}
[172.745909] (-) TimerEvent: {}
[172.846580] (-) TimerEvent: {}
[172.947437] (-) TimerEvent: {}
[173.048170] (-) TimerEvent: {}
[173.148948] (-) TimerEvent: {}
[173.249649] (-) TimerEvent: {}
[173.350532] (-) TimerEvent: {}
[173.451303] (-) TimerEvent: {}
[173.552103] (-) TimerEvent: {}
[173.653027] (-) TimerEvent: {}
[173.753842] (-) TimerEvent: {}
[173.854618] (-) TimerEvent: {}
[173.955594] (-) TimerEvent: {}
[174.056342] (-) TimerEvent: {}
[174.157488] (-) TimerEvent: {}
[174.258282] (-) TimerEvent: {}
[174.359012] (-) TimerEvent: {}
[174.459735] (-) TimerEvent: {}
[174.560496] (-) TimerEvent: {}
[174.661255] (-) TimerEvent: {}
[174.762001] (-) TimerEvent: {}
[174.862890] (-) TimerEvent: {}
[174.963630] (-) TimerEvent: {}
[175.064338] (-) TimerEvent: {}
[175.165048] (-) TimerEvent: {}
[175.265767] (-) TimerEvent: {}
[175.366540] (-) TimerEvent: {}
[175.467298] (-) TimerEvent: {}
[175.568034] (-) TimerEvent: {}
[175.668787] (-) TimerEvent: {}
[175.769548] (-) TimerEvent: {}
[175.870289] (-) TimerEvent: {}
[175.971076] (-) TimerEvent: {}
[176.071923] (-) TimerEvent: {}
[176.172725] (-) TimerEvent: {}
[176.273449] (-) TimerEvent: {}
[176.374166] (-) TimerEvent: {}
[176.474884] (-) TimerEvent: {}
[176.575688] (-) TimerEvent: {}
[176.676425] (-) TimerEvent: {}
[176.782989] (-) TimerEvent: {}
[176.884636] (-) TimerEvent: {}
[176.988457] (-) TimerEvent: {}
[177.089139] (-) TimerEvent: {}
[177.189848] (-) TimerEvent: {}
[177.290612] (-) TimerEvent: {}
[177.391431] (-) TimerEvent: {}
[177.492151] (-) TimerEvent: {}
[177.592898] (-) TimerEvent: {}
[177.693626] (-) TimerEvent: {}
[177.794327] (-) TimerEvent: {}
[177.895266] (-) TimerEvent: {}
[177.996074] (-) TimerEvent: {}
[178.096969] (-) TimerEvent: {}
[178.197708] (-) TimerEvent: {}
[178.298448] (-) TimerEvent: {}
[178.399422] (-) TimerEvent: {}
[178.500114] (-) TimerEvent: {}
[178.600902] (-) TimerEvent: {}
[178.701620] (-) TimerEvent: {}
[178.802342] (-) TimerEvent: {}
[178.905305] (-) TimerEvent: {}
[179.006472] (-) TimerEvent: {}
[179.107180] (-) TimerEvent: {}
[179.207869] (-) TimerEvent: {}
[179.308639] (-) TimerEvent: {}
[179.409914] (-) TimerEvent: {}
[179.510640] (-) TimerEvent: {}
[179.611657] (-) TimerEvent: {}
[179.712381] (-) TimerEvent: {}
[179.813091] (-) TimerEvent: {}
[179.913818] (-) TimerEvent: {}
[180.014530] (-) TimerEvent: {}
[180.115291] (-) TimerEvent: {}
[180.216001] (-) TimerEvent: {}
[180.316961] (-) TimerEvent: {}
[180.417723] (-) TimerEvent: {}
[180.518455] (-) TimerEvent: {}
[180.620527] (-) TimerEvent: {}
[180.724496] (-) TimerEvent: {}
[180.825298] (-) TimerEvent: {}
[180.926047] (-) TimerEvent: {}
[181.026743] (-) TimerEvent: {}
[181.139733] (-) TimerEvent: {}
[181.240678] (-) TimerEvent: {}
[181.341570] (-) TimerEvent: {}
[181.442482] (-) TimerEvent: {}
[181.543266] (-) TimerEvent: {}
[182.025473] (-) TimerEvent: {}
[182.127979] (-) TimerEvent: {}
[182.232634] (-) TimerEvent: {}
[182.333328] (-) TimerEvent: {}
[182.434222] (-) TimerEvent: {}
[182.535005] (-) TimerEvent: {}
[182.635727] (-) TimerEvent: {}
[182.736464] (-) TimerEvent: {}
[182.837234] (-) TimerEvent: {}
[182.937944] (-) TimerEvent: {}
[183.038600] (-) TimerEvent: {}
[183.139317] (-) TimerEvent: {}
[183.240066] (-) TimerEvent: {}
[183.340810] (-) TimerEvent: {}
[183.441548] (-) TimerEvent: {}
[183.542291] (-) TimerEvent: {}
[183.643206] (-) TimerEvent: {}
[183.744087] (-) TimerEvent: {}
[183.844845] (-) TimerEvent: {}
[183.948453] (-) TimerEvent: {}
[184.049198] (-) TimerEvent: {}
[184.150038] (-) TimerEvent: {}
[184.251049] (-) TimerEvent: {}
[184.352105] (-) TimerEvent: {}
[184.452849] (-) TimerEvent: {}
[184.553613] (-) TimerEvent: {}
[184.654329] (-) TimerEvent: {}
[184.755051] (-) TimerEvent: {}
[184.855779] (-) TimerEvent: {}
[184.956477] (-) TimerEvent: {}
[185.057180] (-) TimerEvent: {}
[185.157880] (-) TimerEvent: {}
[185.258579] (-) TimerEvent: {}
[185.359220] (-) TimerEvent: {}
[185.459976] (-) TimerEvent: {}
[185.560786] (-) TimerEvent: {}
[185.661436] (-) TimerEvent: {}
[185.761955] (-) TimerEvent: {}
[185.862444] (-) TimerEvent: {}
[185.962921] (-) TimerEvent: {}
[186.063557] (-) TimerEvent: {}
[186.164853] (-) TimerEvent: {}
[186.267341] (-) TimerEvent: {}
[186.369837] (-) TimerEvent: {}
[186.472879] (-) TimerEvent: {}
[186.573615] (-) TimerEvent: {}
[186.674673] (-) TimerEvent: {}
[186.775703] (-) TimerEvent: {}
[186.876714] (-) TimerEvent: {}
[186.977725] (-) TimerEvent: {}
[187.078434] (-) TimerEvent: {}
[187.179188] (-) TimerEvent: {}
[187.279899] (-) TimerEvent: {}
[187.380621] (-) TimerEvent: {}
[187.481344] (-) TimerEvent: {}
[187.582068] (-) TimerEvent: {}
[187.682958] (-) TimerEvent: {}
[187.783659] (-) TimerEvent: {}
[187.884399] (-) TimerEvent: {}
[187.985122] (-) TimerEvent: {}
[188.086245] (-) TimerEvent: {}
[188.187483] (-) TimerEvent: {}
[188.288233] (-) TimerEvent: {}
[188.389529] (-) TimerEvent: {}
[188.490662] (-) TimerEvent: {}
[188.591984] (-) TimerEvent: {}
[188.692736] (-) TimerEvent: {}
[188.793472] (-) TimerEvent: {}
[188.894453] (-) TimerEvent: {}
[188.995186] (-) TimerEvent: {}
[189.095962] (-) TimerEvent: {}
[189.196716] (-) TimerEvent: {}
[189.297422] (-) TimerEvent: {}
[189.398221] (-) TimerEvent: {}
[189.498973] (-) TimerEvent: {}
[189.599765] (-) TimerEvent: {}
[189.700656] (-) TimerEvent: {}
[189.801491] (-) TimerEvent: {}
[189.902179] (-) TimerEvent: {}
[190.002708] (-) TimerEvent: {}
[190.103340] (-) TimerEvent: {}
[190.204124] (-) TimerEvent: {}
[190.305127] (-) TimerEvent: {}
[190.405872] (-) TimerEvent: {}
[190.506592] (-) TimerEvent: {}
[190.607350] (-) TimerEvent: {}
[190.708350] (-) TimerEvent: {}
[190.809648] (-) TimerEvent: {}
[190.910938] (-) TimerEvent: {}
[191.011951] (-) TimerEvent: {}
[191.113144] (-) TimerEvent: {}
[191.213875] (-) TimerEvent: {}
[191.314706] (-) TimerEvent: {}
[191.415426] (-) TimerEvent: {}
[191.516150] (-) TimerEvent: {}
[191.617103] (-) TimerEvent: {}
[191.717836] (-) TimerEvent: {}
[191.818571] (-) TimerEvent: {}
[191.919283] (-) TimerEvent: {}
[192.020123] (-) TimerEvent: {}
[192.121163] (-) TimerEvent: {}
[192.221863] (-) TimerEvent: {}
[192.323052] (-) TimerEvent: {}
[192.423991] (-) TimerEvent: {}
[192.525574] (-) TimerEvent: {}
[192.626326] (-) TimerEvent: {}
[192.727424] (-) TimerEvent: {}
[192.828140] (-) TimerEvent: {}
[192.929124] (-) TimerEvent: {}
[193.030663] (-) TimerEvent: {}
[193.131350] (-) TimerEvent: {}
[193.232586] (-) TimerEvent: {}
[193.334704] (-) TimerEvent: {}
[193.436691] (-) TimerEvent: {}
[193.538475] (-) TimerEvent: {}
[193.640041] (-) TimerEvent: {}
[193.740799] (-) TimerEvent: {}
[193.841638] (-) TimerEvent: {}
[193.942424] (-) TimerEvent: {}
[194.043179] (-) TimerEvent: {}
[194.143902] (-) TimerEvent: {}
[194.244852] (-) TimerEvent: {}
[194.345848] (-) TimerEvent: {}
[194.447051] (-) TimerEvent: {}
[194.549207] (-) TimerEvent: {}
[194.650143] (-) TimerEvent: {}
[194.751285] (-) TimerEvent: {}
[194.852528] (-) TimerEvent: {}
[194.954014] (-) TimerEvent: {}
[195.055249] (-) TimerEvent: {}
[195.156231] (-) TimerEvent: {}
[195.257025] (-) TimerEvent: {}
[195.357892] (-) TimerEvent: {}
[195.458752] (-) TimerEvent: {}
[195.559472] (-) TimerEvent: {}
[195.660222] (-) TimerEvent: {}
[195.760956] (-) TimerEvent: {}
[195.861657] (-) TimerEvent: {}
[195.962342] (-) TimerEvent: {}
[196.063077] (-) TimerEvent: {}
[196.163808] (-) TimerEvent: {}
[196.264528] (-) TimerEvent: {}
[196.365323] (-) TimerEvent: {}
[196.466077] (-) TimerEvent: {}
[196.566807] (-) TimerEvent: {}
[196.667560] (-) TimerEvent: {}
[196.768315] (-) TimerEvent: {}
[196.869050] (-) TimerEvent: {}
[196.969785] (-) TimerEvent: {}
[197.070790] (-) TimerEvent: {}
[197.171532] (-) TimerEvent: {}
[197.272243] (-) TimerEvent: {}
[197.372958] (-) TimerEvent: {}
[197.473673] (-) TimerEvent: {}
[197.574492] (-) TimerEvent: {}
[197.675262] (-) TimerEvent: {}
[197.775729] (-) TimerEvent: {}
[197.876153] (-) TimerEvent: {}
[197.976628] (-) TimerEvent: {}
[198.077080] (-) TimerEvent: {}
[198.177630] (-) TimerEvent: {}
[198.278370] (-) TimerEvent: {}
[198.379080] (-) TimerEvent: {}
[198.480426] (-) TimerEvent: {}
[198.582040] (-) TimerEvent: {}
[198.683164] (-) TimerEvent: {}
[198.783823] (-) TimerEvent: {}
[198.884562] (-) TimerEvent: {}
[198.985332] (-) TimerEvent: {}
[199.086071] (-) TimerEvent: {}
[199.186799] (-) TimerEvent: {}
[199.287506] (-) TimerEvent: {}
[199.388243] (-) TimerEvent: {}
[199.488993] (-) TimerEvent: {}
[199.590697] (-) TimerEvent: {}
[199.696509] (-) TimerEvent: {}
[199.797222] (-) TimerEvent: {}
[199.897967] (-) TimerEvent: {}
[199.998666] (-) TimerEvent: {}
[200.099408] (-) TimerEvent: {}
[200.200143] (-) TimerEvent: {}
[200.301063] (-) TimerEvent: {}
[200.401905] (-) TimerEvent: {}
[200.502643] (-) TimerEvent: {}
[200.603338] (-) TimerEvent: {}
[200.704079] (-) TimerEvent: {}
[200.804881] (-) TimerEvent: {}
[200.905628] (-) TimerEvent: {}
[201.006393] (-) TimerEvent: {}
[201.107182] (-) TimerEvent: {}
[201.207899] (-) TimerEvent: {}
[201.308796] (-) TimerEvent: {}
[201.409558] (-) TimerEvent: {}
[201.510278] (-) TimerEvent: {}
[201.610992] (-) TimerEvent: {}
[201.711729] (-) TimerEvent: {}
[201.812618] (-) TimerEvent: {}
[201.913350] (-) TimerEvent: {}
[202.014099] (-) TimerEvent: {}
[202.114800] (-) TimerEvent: {}
[202.215496] (-) TimerEvent: {}
[202.316157] (-) TimerEvent: {}
[202.416891] (-) TimerEvent: {}
[202.517604] (-) TimerEvent: {}
[202.618738] (-) TimerEvent: {}
[202.719581] (-) TimerEvent: {}
[202.820350] (-) TimerEvent: {}
[202.921058] (-) TimerEvent: {}
[203.021789] (-) TimerEvent: {}
[203.122498] (-) TimerEvent: {}
[203.223342] (-) TimerEvent: {}
[203.324071] (-) TimerEvent: {}
[203.424813] (-) TimerEvent: {}
[203.525579] (-) TimerEvent: {}
[203.626263] (-) TimerEvent: {}
[203.727049] (-) TimerEvent: {}
[203.827730] (-) TimerEvent: {}
[203.928476] (-) TimerEvent: {}
[204.029178] (-) TimerEvent: {}
[204.129892] (-) TimerEvent: {}
[204.230937] (-) TimerEvent: {}
[204.331670] (-) TimerEvent: {}
[204.432150] (-) TimerEvent: {}
[204.532639] (-) TimerEvent: {}
[204.633070] (-) TimerEvent: {}
[204.733488] (-) TimerEvent: {}
[204.833895] (-) TimerEvent: {}
[204.934294] (-) TimerEvent: {}
[205.034708] (-) TimerEvent: {}
[205.135110] (-) TimerEvent: {}
[205.235765] (-) TimerEvent: {}
[205.337157] (-) TimerEvent: {}
[205.437893] (-) TimerEvent: {}
[205.470765] (grab_demo) StderrLine: {'line': b'\x1b[01m\x1b[K/home/dxf/wheeltec_lebai_humble_2024_7_17/src/grab_demo/src/grab_service_node.cpp:\x1b[m\x1b[K In member function \xe2\x80\x98\x1b[01m\x1b[Kvoid obj_grab::start_grab(std::shared_ptr<grab_demo::srv::GrabObject_Request_<std::allocator<void> > >, std::shared_ptr<grab_demo::srv::GrabObject_Response_<std::allocator<void> > >)\x1b[m\x1b[K\xe2\x80\x99:\n'}
[205.490379] (grab_demo) StderrLine: {'line': b'\x1b[01m\x1b[K/home/dxf/wheeltec_lebai_humble_2024_7_17/src/grab_demo/src/grab_service_node.cpp:49:144:\x1b[m\x1b[K \x1b[01;35m\x1b[Kwarning: \x1b[m\x1b[Kunused parameter \xe2\x80\x98\x1b[01m\x1b[Kres\x1b[m\x1b[K\xe2\x80\x99 [\x1b[01;35m\x1b[K\x1b]8;;https://gcc.gnu.org/onlinedocs/gcc/Warning-Options.html#index-Wunused-parameter\x07-Wunused-parameter\x1b]8;;\x07\x1b[m\x1b[K]\n'}
[205.490898] (grab_demo) StderrLine: {'line': b'   49 | void obj_grab::start_grab(const std::shared_ptr<grab_demo::srv::GrabObject::Request> req,\x1b[01;35m\x1b[Kstd::shared_ptr<grab_demo::srv::GrabObject::Response> res\x1b[m\x1b[K)\n'}
[205.491939] (grab_demo) StderrLine: {'line': b'      |                                                                                          \x1b[01;35m\x1b[K~~~~~~~~~~~~~~~~~~~~~~~~~~~~~~~~~~~~~~~~~~~~~~~~~~~~~~^~~\x1b[m\x1b[K\n'}
[205.538065] (-) TimerEvent: {}
[205.638790] (-) TimerEvent: {}
[205.739540] (-) TimerEvent: {}
[205.840376] (-) TimerEvent: {}
[205.941102] (-) TimerEvent: {}
[206.042417] (-) TimerEvent: {}
[206.143242] (-) TimerEvent: {}
[206.243955] (-) TimerEvent: {}
[206.344671] (-) TimerEvent: {}
[206.445364] (-) TimerEvent: {}
[206.546095] (-) TimerEvent: {}
[206.646816] (-) TimerEvent: {}
[206.747824] (-) TimerEvent: {}
[206.848565] (-) TimerEvent: {}
[206.949573] (-) TimerEvent: {}
[207.050348] (-) TimerEvent: {}
[207.151082] (-) TimerEvent: {}
[207.252117] (-) TimerEvent: {}
[207.352939] (-) TimerEvent: {}
[207.454157] (-) TimerEvent: {}
[207.556463] (-) TimerEvent: {}
[207.659095] (-) TimerEvent: {}
[207.759858] (-) TimerEvent: {}
[207.860799] (-) TimerEvent: {}
[207.961700] (-) TimerEvent: {}
[208.062705] (-) TimerEvent: {}
[208.163694] (-) TimerEvent: {}
[208.264492] (-) TimerEvent: {}
[208.365218] (-) TimerEvent: {}
[208.466088] (-) TimerEvent: {}
[208.567096] (-) TimerEvent: {}
[208.667860] (-) TimerEvent: {}
[208.772706] (-) TimerEvent: {}
[208.873855] (-) TimerEvent: {}
[208.974618] (-) TimerEvent: {}
[209.075470] (-) TimerEvent: {}
[209.176128] (-) TimerEvent: {}
[209.276864] (-) TimerEvent: {}
[209.377548] (-) TimerEvent: {}
[209.478329] (-) TimerEvent: {}
[209.579070] (-) TimerEvent: {}
[209.680048] (-) TimerEvent: {}
[209.781148] (-) TimerEvent: {}
[209.883281] (-) TimerEvent: {}
[209.984597] (-) TimerEvent: {}
[210.085920] (-) TimerEvent: {}
[210.186750] (-) TimerEvent: {}
[210.287419] (-) TimerEvent: {}
[210.388124] (-) TimerEvent: {}
[210.488896] (-) TimerEvent: {}
[210.589663] (-) TimerEvent: {}
[210.690363] (-) TimerEvent: {}
[210.791100] (-) TimerEvent: {}
[210.891858] (-) TimerEvent: {}
[210.992599] (-) TimerEvent: {}
[211.093331] (-) TimerEvent: {}
[211.194133] (-) TimerEvent: {}
[211.308962] (-) TimerEvent: {}
[211.427780] (-) TimerEvent: {}
[211.528544] (-) TimerEvent: {}
[211.629292] (-) TimerEvent: {}
[211.734766] (-) TimerEvent: {}
[211.836414] (-) TimerEvent: {}
[211.937181] (-) TimerEvent: {}
[212.037932] (-) TimerEvent: {}
[212.140059] (-) TimerEvent: {}
[212.240783] (-) TimerEvent: {}
[212.341485] (-) TimerEvent: {}
[212.442146] (-) TimerEvent: {}
[212.542807] (-) TimerEvent: {}
[212.643392] (-) TimerEvent: {}
[212.743861] (-) TimerEvent: {}
[212.844260] (-) TimerEvent: {}
[212.944719] (-) TimerEvent: {}
[213.045154] (-) TimerEvent: {}
[213.145577] (-) TimerEvent: {}
[213.245986] (-) TimerEvent: {}
[213.346540] (-) TimerEvent: {}
[213.447240] (-) TimerEvent: {}
[213.547931] (-) TimerEvent: {}
[213.648679] (-) TimerEvent: {}
[213.749416] (-) TimerEvent: {}
[213.850157] (-) TimerEvent: {}
[213.950842] (-) TimerEvent: {}
[214.051587] (-) TimerEvent: {}
[214.152321] (-) TimerEvent: {}
[214.253066] (-) TimerEvent: {}
[214.353795] (-) TimerEvent: {}
[214.455034] (-) TimerEvent: {}
[214.555751] (-) TimerEvent: {}
[214.657832] (-) TimerEvent: {}
[214.758825] (-) TimerEvent: {}
[214.859535] (-) TimerEvent: {}
[214.960244] (-) TimerEvent: {}
[215.061091] (-) TimerEvent: {}
[215.161875] (-) TimerEvent: {}
[215.262640] (-) TimerEvent: {}
[215.363347] (-) TimerEvent: {}
[215.464059] (-) TimerEvent: {}
[215.565602] (-) TimerEvent: {}
[215.666337] (-) TimerEvent: {}
[215.767052] (-) TimerEvent: {}
[215.867760] (-) TimerEvent: {}
[215.968655] (-) TimerEvent: {}
[216.069394] (-) TimerEvent: {}
[216.170340] (-) TimerEvent: {}
[216.271787] (-) TimerEvent: {}
[216.373580] (-) TimerEvent: {}
[216.474317] (-) TimerEvent: {}
[216.575131] (-) TimerEvent: {}
[216.676233] (-) TimerEvent: {}
[216.776790] (-) TimerEvent: {}
[216.877370] (-) TimerEvent: {}
[216.977997] (-) TimerEvent: {}
[217.078625] (-) TimerEvent: {}
[217.179218] (-) TimerEvent: {}
[217.279804] (-) TimerEvent: {}
[217.380467] (-) TimerEvent: {}
[217.484272] (-) TimerEvent: {}
[217.585004] (-) TimerEvent: {}
[217.685713] (-) TimerEvent: {}
[217.786432] (-) TimerEvent: {}
[217.887149] (-) TimerEvent: {}
[217.988404] (-) TimerEvent: {}
[218.090132] (-) TimerEvent: {}
[218.191367] (-) TimerEvent: {}
[218.292168] (-) TimerEvent: {}
[218.393259] (-) TimerEvent: {}
[218.494006] (-) TimerEvent: {}
[218.595163] (-) TimerEvent: {}
[218.697470] (-) TimerEvent: {}
[218.798622] (-) TimerEvent: {}
[218.899678] (-) TimerEvent: {}
[219.002185] (-) TimerEvent: {}
[219.103248] (-) TimerEvent: {}
[219.204428] (-) TimerEvent: {}
[219.305140] (-) TimerEvent: {}
[219.405875] (-) TimerEvent: {}
[219.506576] (-) TimerEvent: {}
[219.607286] (-) TimerEvent: {}
[219.707988] (-) TimerEvent: {}
[219.808738] (-) TimerEvent: {}
[219.941773] (-) TimerEvent: {}
[220.042496] (-) TimerEvent: {}
[220.143243] (-) TimerEvent: {}
[220.243980] (-) TimerEvent: {}
[220.344726] (-) TimerEvent: {}
[220.445647] (-) TimerEvent: {}
[220.546511] (-) TimerEvent: {}
[220.647370] (-) TimerEvent: {}
[220.748127] (-) TimerEvent: {}
[220.849740] (-) TimerEvent: {}
[220.950448] (-) TimerEvent: {}
[221.051198] (-) TimerEvent: {}
[221.151880] (-) TimerEvent: {}
[221.252552] (-) TimerEvent: {}
[221.353154] (-) TimerEvent: {}
[221.455122] (-) TimerEvent: {}
[221.556605] (-) TimerEvent: {}
[221.658047] (-) TimerEvent: {}
[221.759739] (-) TimerEvent: {}
[221.861276] (-) TimerEvent: {}
[221.962133] (-) TimerEvent: {}
[222.062810] (-) TimerEvent: {}
[222.163517] (-) TimerEvent: {}
[222.264235] (-) TimerEvent: {}
[222.364998] (-) TimerEvent: {}
[222.465703] (-) TimerEvent: {}
[222.566610] (-) TimerEvent: {}
[222.667366] (-) TimerEvent: {}
[222.768181] (-) TimerEvent: {}
[222.869827] (-) TimerEvent: {}
[222.970798] (-) TimerEvent: {}
[223.071577] (-) TimerEvent: {}
[223.172357] (-) TimerEvent: {}
[223.273090] (-) TimerEvent: {}
[223.373884] (-) TimerEvent: {}
[223.476509] (-) TimerEvent: {}
[223.580567] (-) TimerEvent: {}
[223.681478] (-) TimerEvent: {}
[223.782170] (-) TimerEvent: {}
[223.882874] (-) TimerEvent: {}
[223.983644] (-) TimerEvent: {}
[224.084358] (-) TimerEvent: {}
[224.185071] (-) TimerEvent: {}
[224.285874] (-) TimerEvent: {}
[224.386513] (-) TimerEvent: {}
[224.487182] (-) TimerEvent: {}
[224.587957] (-) TimerEvent: {}
[224.688746] (-) TimerEvent: {}
[224.789961] (-) TimerEvent: {}
[224.891252] (-) TimerEvent: {}
[224.993792] (-) TimerEvent: {}
[225.094518] (-) TimerEvent: {}
[225.195237] (-) TimerEvent: {}
[225.296461] (-) TimerEvent: {}
[225.397181] (-) TimerEvent: {}
[225.497901] (-) TimerEvent: {}
[225.598634] (-) TimerEvent: {}
[225.699872] (-) TimerEvent: {}
[225.800618] (-) TimerEvent: {}
[225.901615] (-) TimerEvent: {}
[226.002480] (-) TimerEvent: {}
[226.105276] (-) TimerEvent: {}
[226.206059] (-) TimerEvent: {}
[226.306769] (-) TimerEvent: {}
[226.407505] (-) TimerEvent: {}
[226.508207] (-) TimerEvent: {}
[226.608888] (-) TimerEvent: {}
[226.709631] (-) TimerEvent: {}
[226.810364] (-) TimerEvent: {}
[226.911575] (-) TimerEvent: {}
[227.012335] (-) TimerEvent: {}
[227.113083] (-) TimerEvent: {}
[227.213816] (-) TimerEvent: {}
[227.314580] (-) TimerEvent: {}
[227.415334] (-) TimerEvent: {}
[227.516120] (-) TimerEvent: {}
[227.617040] (-) TimerEvent: {}
[227.717759] (-) TimerEvent: {}
[227.818483] (-) TimerEvent: {}
[227.919187] (-) TimerEvent: {}
[228.019963] (-) TimerEvent: {}
[228.120694] (-) TimerEvent: {}
[228.221440] (-) TimerEvent: {}
[228.322218] (-) TimerEvent: {}
[228.422929] (-) TimerEvent: {}
[228.523664] (-) TimerEvent: {}
[228.624782] (-) TimerEvent: {}
[228.725478] (-) TimerEvent: {}
[228.826193] (-) TimerEvent: {}
[228.926896] (-) TimerEvent: {}
[229.027594] (-) TimerEvent: {}
[229.128608] (-) TimerEvent: {}
[229.229347] (-) TimerEvent: {}
[229.330065] (-) TimerEvent: {}
[229.430889] (-) TimerEvent: {}
[229.531614] (-) TimerEvent: {}
[229.635649] (-) TimerEvent: {}
[229.736745] (-) TimerEvent: {}
[229.837451] (-) TimerEvent: {}
[229.938225] (-) TimerEvent: {}
[230.039291] (-) TimerEvent: {}
[230.140087] (-) TimerEvent: {}
[230.240985] (-) TimerEvent: {}
[230.341860] (-) TimerEvent: {}
[230.442547] (-) TimerEvent: {}
[230.543145] (-) TimerEvent: {}
[230.643893] (-) TimerEvent: {}
[230.744689] (-) TimerEvent: {}
[230.845511] (-) TimerEvent: {}
[230.946249] (-) TimerEvent: {}
[231.047054] (-) TimerEvent: {}
[231.147785] (-) TimerEvent: {}
[231.248501] (-) TimerEvent: {}
[231.349228] (-) TimerEvent: {}
[231.450093] (-) TimerEvent: {}
[231.550794] (-) TimerEvent: {}
[231.651500] (-) TimerEvent: {}
[231.752199] (-) TimerEvent: {}
[231.852924] (-) TimerEvent: {}
[231.953663] (-) TimerEvent: {}
[232.054338] (-) TimerEvent: {}
[232.155181] (-) TimerEvent: {}
[232.255998] (-) TimerEvent: {}
[232.356848] (-) TimerEvent: {}
[232.457663] (-) TimerEvent: {}
[232.558392] (-) TimerEvent: {}
[232.659367] (-) TimerEvent: {}
[232.760369] (-) TimerEvent: {}
[232.861083] (-) TimerEvent: {}
[232.961780] (-) TimerEvent: {}
[233.062477] (-) TimerEvent: {}
[233.163232] (-) TimerEvent: {}
[233.263976] (-) TimerEvent: {}
[233.364763] (-) TimerEvent: {}
[233.465452] (-) TimerEvent: {}
[233.566163] (-) TimerEvent: {}
[233.666882] (-) TimerEvent: {}
[233.767615] (-) TimerEvent: {}
[233.868374] (-) TimerEvent: {}
[233.969107] (-) TimerEvent: {}
[234.069774] (-) TimerEvent: {}
[234.170515] (-) TimerEvent: {}
[234.271189] (-) TimerEvent: {}
[234.371740] (-) TimerEvent: {}
[234.472226] (-) TimerEvent: {}
[234.573176] (-) TimerEvent: {}
[234.674485] (-) TimerEvent: {}
[234.775655] (-) TimerEvent: {}
[234.876382] (-) TimerEvent: {}
[234.977198] (-) TimerEvent: {}
[235.077964] (-) TimerEvent: {}
[235.178723] (-) TimerEvent: {}
[235.279423] (-) TimerEvent: {}
[235.380767] (-) TimerEvent: {}
[235.481455] (-) TimerEvent: {}
[235.582240] (-) TimerEvent: {}
[235.683026] (-) TimerEvent: {}
[235.783743] (-) TimerEvent: {}
[235.884758] (-) TimerEvent: {}
[235.985840] (-) TimerEvent: {}
[236.087073] (-) TimerEvent: {}
[236.187749] (-) TimerEvent: {}
[236.288492] (-) TimerEvent: {}
[236.389304] (-) TimerEvent: {}
[236.490240] (-) TimerEvent: {}
[236.591769] (-) TimerEvent: {}
[236.694775] (-) TimerEvent: {}
[236.795520] (-) TimerEvent: {}
[236.896556] (-) TimerEvent: {}
[236.998930] (-) TimerEvent: {}
[237.100615] (-) TimerEvent: {}
[237.201383] (-) TimerEvent: {}
[237.302510] (-) TimerEvent: {}
[237.404411] (-) TimerEvent: {}
[237.505700] (-) TimerEvent: {}
[237.606376] (-) TimerEvent: {}
[237.707130] (-) TimerEvent: {}
[237.807871] (-) TimerEvent: {}
[237.908613] (-) TimerEvent: {}
[238.009328] (-) TimerEvent: {}
[238.110020] (-) TimerEvent: {}
[238.216465] (-) TimerEvent: {}
[238.317179] (-) TimerEvent: {}
[238.417894] (-) TimerEvent: {}
[238.524486] (-) TimerEvent: {}
[238.625178] (-) TimerEvent: {}
[238.725852] (-) TimerEvent: {}
[238.826581] (-) TimerEvent: {}
[238.927616] (-) TimerEvent: {}
[239.028404] (-) TimerEvent: {}
[239.129199] (-) TimerEvent: {}
[239.230279] (-) TimerEvent: {}
[239.331032] (-) TimerEvent: {}
[239.431827] (-) TimerEvent: {}
[239.532597] (-) TimerEvent: {}
[239.633341] (-) TimerEvent: {}
[239.734476] (-) TimerEvent: {}
[239.835437] (-) TimerEvent: {}
[239.936252] (-) TimerEvent: {}
[240.037011] (-) TimerEvent: {}
[240.138632] (-) TimerEvent: {}
[240.243126] (-) TimerEvent: {}
[240.344120] (-) TimerEvent: {}
[240.445510] (-) TimerEvent: {}
[240.546498] (-) TimerEvent: {}
[240.647611] (-) TimerEvent: {}
[240.748576] (-) TimerEvent: {}
[240.853754] (-) TimerEvent: {}
[240.956480] (-) TimerEvent: {}
[241.057233] (-) TimerEvent: {}
[241.157987] (-) TimerEvent: {}
[241.264011] (-) TimerEvent: {}
[241.366476] (-) TimerEvent: {}
[241.477083] (-) TimerEvent: {}
[241.578991] (-) TimerEvent: {}
[241.679714] (-) TimerEvent: {}
[241.780453] (-) TimerEvent: {}
[241.881174] (-) TimerEvent: {}
[241.981896] (-) TimerEvent: {}
[242.082669] (-) TimerEvent: {}
[242.183639] (-) TimerEvent: {}
[242.284450] (-) TimerEvent: {}
[242.385161] (-) TimerEvent: {}
[242.485899] (-) TimerEvent: {}
[242.586772] (-) TimerEvent: {}
[242.687683] (-) TimerEvent: {}
[242.788604] (-) TimerEvent: {}
[242.889585] (-) TimerEvent: {}
[242.990482] (-) TimerEvent: {}
[243.091213] (-) TimerEvent: {}
[243.192215] (-) TimerEvent: {}
[243.292958] (-) TimerEvent: {}
[243.393675] (-) TimerEvent: {}
[243.494395] (-) TimerEvent: {}
[243.595900] (-) TimerEvent: {}
[243.696609] (-) TimerEvent: {}
[243.797318] (-) TimerEvent: {}
[243.898291] (-) TimerEvent: {}
[243.999028] (-) TimerEvent: {}
[244.100029] (-) TimerEvent: {}
[244.201052] (-) TimerEvent: {}
[244.301763] (-) TimerEvent: {}
[244.402490] (-) TimerEvent: {}
[244.503515] (-) TimerEvent: {}
[244.604182] (-) TimerEvent: {}
[244.704984] (-) TimerEvent: {}
[244.805705] (-) TimerEvent: {}
[244.906476] (-) TimerEvent: {}
[245.007576] (-) TimerEvent: {}
[245.108642] (-) TimerEvent: {}
[245.209359] (-) TimerEvent: {}
[245.310270] (-) TimerEvent: {}
[245.411046] (-) TimerEvent: {}
[245.512289] (-) TimerEvent: {}
[245.616156] (-) TimerEvent: {}
[245.718475] (-) TimerEvent: {}
[245.820416] (-) TimerEvent: {}
[245.976378] (-) TimerEvent: {}
[246.077117] (-) TimerEvent: {}
[246.177823] (-) TimerEvent: {}
[246.278758] (-) TimerEvent: {}
[246.379455] (-) TimerEvent: {}
[246.480790] (-) TimerEvent: {}
[246.583461] (-) TimerEvent: {}
[246.685457] (-) TimerEvent: {}
[246.787032] (-) TimerEvent: {}
[246.888367] (-) TimerEvent: {}
[246.989125] (-) TimerEvent: {}
[247.089843] (-) TimerEvent: {}
[247.190961] (-) TimerEvent: {}
[247.291668] (-) TimerEvent: {}
[247.392432] (-) TimerEvent: {}
[247.493142] (-) TimerEvent: {}
[247.594405] (-) TimerEvent: {}
[247.698054] (-) TimerEvent: {}
[247.800775] (-) TimerEvent: {}
[247.902330] (-) TimerEvent: {}
[248.003073] (-) TimerEvent: {}
[248.103770] (-) TimerEvent: {}
[248.204414] (-) TimerEvent: {}
[248.304987] (-) TimerEvent: {}
[248.405540] (-) TimerEvent: {}
[248.506095] (-) TimerEvent: {}
[248.606642] (-) TimerEvent: {}
[248.707145] (-) TimerEvent: {}
[248.807697] (-) TimerEvent: {}
[248.908765] (-) TimerEvent: {}
[249.009797] (-) TimerEvent: {}
[249.110975] (-) TimerEvent: {}
[249.211918] (-) TimerEvent: {}
[249.312721] (-) TimerEvent: {}
[249.413429] (-) TimerEvent: {}
[249.514230] (-) TimerEvent: {}
[249.614995] (-) TimerEvent: {}
[249.716660] (-) TimerEvent: {}
[249.817467] (-) TimerEvent: {}
[249.918702] (-) TimerEvent: {}
[250.019864] (-) TimerEvent: {}
[250.121087] (-) TimerEvent: {}
[250.221982] (-) TimerEvent: {}
[250.322707] (-) TimerEvent: {}
[250.423385] (-) TimerEvent: {}
[250.524152] (-) TimerEvent: {}
[250.625122] (-) TimerEvent: {}
[250.727721] (-) TimerEvent: {}
[250.829284] (-) TimerEvent: {}
[250.931033] (-) TimerEvent: {}
[251.032591] (-) TimerEvent: {}
[251.133331] (-) TimerEvent: {}
[251.234322] (-) TimerEvent: {}
[251.336540] (-) TimerEvent: {}
[251.437288] (-) TimerEvent: {}
[251.538050] (-) TimerEvent: {}
[251.638904] (-) TimerEvent: {}
[251.739908] (-) TimerEvent: {}
[251.840618] (-) TimerEvent: {}
[251.941360] (-) TimerEvent: {}
[252.042117] (-) TimerEvent: {}
[252.143382] (-) TimerEvent: {}
[252.244178] (-) TimerEvent: {}
[252.345014] (-) TimerEvent: {}
[252.446154] (-) TimerEvent: {}
[252.546920] (-) TimerEvent: {}
[252.647628] (-) TimerEvent: {}
[252.748528] (-) TimerEvent: {}
[252.849402] (-) TimerEvent: {}
[252.950485] (-) TimerEvent: {}
[253.051225] (-) TimerEvent: {}
[253.151951] (-) TimerEvent: {}
[253.252868] (-) TimerEvent: {}
[253.353642] (-) TimerEvent: {}
[253.454398] (-) TimerEvent: {}
[253.555127] (-) TimerEvent: {}
[253.655861] (-) TimerEvent: {}
[253.756661] (-) TimerEvent: {}
[253.857406] (-) TimerEvent: {}
[253.958118] (-) TimerEvent: {}
[254.058840] (-) TimerEvent: {}
[254.159552] (-) TimerEvent: {}
[254.260467] (-) TimerEvent: {}
[254.361231] (-) TimerEvent: {}
[254.461945] (-) TimerEvent: {}
[254.562685] (-) TimerEvent: {}
[254.664286] (-) TimerEvent: {}
[254.765187] (-) TimerEvent: {}
[254.866631] (-) TimerEvent: {}
[254.967398] (-) TimerEvent: {}
[255.068155] (-) TimerEvent: {}
[255.169437] (-) TimerEvent: {}
[255.270891] (-) TimerEvent: {}
[255.371619] (-) TimerEvent: {}
[255.472454] (-) TimerEvent: {}
[255.579630] (-) TimerEvent: {}
[255.680403] (-) TimerEvent: {}
[255.781390] (-) TimerEvent: {}
[255.882350] (-) TimerEvent: {}
[255.983278] (-) TimerEvent: {}
[256.084078] (-) TimerEvent: {}
[256.184888] (-) TimerEvent: {}
[256.285849] (-) TimerEvent: {}
[256.386448] (-) TimerEvent: {}
[256.486950] (-) TimerEvent: {}
[256.587456] (-) TimerEvent: {}
[256.687925] (-) TimerEvent: {}
[256.788401] (-) TimerEvent: {}
[256.888946] (-) TimerEvent: {}
[256.989684] (-) TimerEvent: {}
[257.090849] (-) TimerEvent: {}
[257.193030] (-) TimerEvent: {}
[257.300975] (-) TimerEvent: {}
[257.403924] (-) TimerEvent: {}
[257.505532] (-) TimerEvent: {}
[257.607243] (-) TimerEvent: {}
[257.708409] (-) TimerEvent: {}
[257.809219] (-) TimerEvent: {}
[257.910053] (-) TimerEvent: {}
[258.011382] (-) TimerEvent: {}
[258.112552] (-) TimerEvent: {}
[258.213836] (-) TimerEvent: {}
[258.316385] (-) TimerEvent: {}
[258.417932] (-) TimerEvent: {}
[258.520159] (-) TimerEvent: {}
[258.620911] (-) TimerEvent: {}
[258.721723] (-) TimerEvent: {}
[258.822514] (-) TimerEvent: {}
[258.923280] (-) TimerEvent: {}
[259.023988] (-) TimerEvent: {}
[259.124728] (-) TimerEvent: {}
[259.225442] (-) TimerEvent: {}
[259.326286] (-) TimerEvent: {}
[259.427419] (-) TimerEvent: {}
[259.528434] (-) TimerEvent: {}
[259.629472] (-) TimerEvent: {}
[259.730266] (-) TimerEvent: {}
[259.830985] (-) TimerEvent: {}
[259.931701] (-) TimerEvent: {}
[260.032483] (-) TimerEvent: {}
[260.133187] (-) TimerEvent: {}
[260.233881] (-) TimerEvent: {}
[260.334603] (-) TimerEvent: {}
[260.435329] (-) TimerEvent: {}
[260.536634] (-) TimerEvent: {}
[260.638025] (-) TimerEvent: {}
[260.739535] (-) TimerEvent: {}
[260.848474] (-) TimerEvent: {}
[260.950160] (-) TimerEvent: {}
[261.053017] (-) TimerEvent: {}
[261.154247] (-) TimerEvent: {}
[261.255541] (-) TimerEvent: {}
[261.356249] (-) TimerEvent: {}
[261.457184] (-) TimerEvent: {}
[261.557859] (-) TimerEvent: {}
[261.658540] (-) TimerEvent: {}
[261.759399] (-) TimerEvent: {}
[261.860121] (-) TimerEvent: {}
[261.961627] (-) TimerEvent: {}
[262.062736] (-) TimerEvent: {}
[262.163830] (-) TimerEvent: {}
[262.264647] (-) TimerEvent: {}
[262.365509] (-) TimerEvent: {}
[262.466327] (-) TimerEvent: {}
[262.566946] (-) TimerEvent: {}
[262.667604] (-) TimerEvent: {}
[262.768168] (-) TimerEvent: {}
[262.868706] (-) TimerEvent: {}
[262.969293] (-) TimerEvent: {}
[263.070163] (-) TimerEvent: {}
[263.175844] (-) TimerEvent: {}
[263.276554] (-) TimerEvent: {}
[263.377285] (-) TimerEvent: {}
[263.478225] (-) TimerEvent: {}
[263.578945] (-) TimerEvent: {}
[263.679686] (-) TimerEvent: {}
[263.780418] (-) TimerEvent: {}
[263.881229] (-) TimerEvent: {}
[263.981974] (-) TimerEvent: {}
[264.082728] (-) TimerEvent: {}
[264.183526] (-) TimerEvent: {}
[264.284244] (-) TimerEvent: {}
[264.385036] (-) TimerEvent: {}
[264.485800] (-) TimerEvent: {}
[264.586569] (-) TimerEvent: {}
[264.687243] (-) TimerEvent: {}
[264.787730] (-) TimerEvent: {}
[264.888216] (-) TimerEvent: {}
[264.988788] (-) TimerEvent: {}
[265.089604] (-) TimerEvent: {}
[265.190295] (-) TimerEvent: {}
[265.291015] (-) TimerEvent: {}
[265.391753] (-) TimerEvent: {}
[265.492483] (-) TimerEvent: {}
[265.593214] (-) TimerEvent: {}
[265.694370] (-) TimerEvent: {}
[265.795407] (-) TimerEvent: {}
[265.896283] (-) TimerEvent: {}
[265.997213] (-) TimerEvent: {}
[266.097921] (-) TimerEvent: {}
[266.198651] (-) TimerEvent: {}
[266.299363] (-) TimerEvent: {}
[266.400263] (-) TimerEvent: {}
[266.501007] (-) TimerEvent: {}
[266.601766] (-) TimerEvent: {}
[266.702525] (-) TimerEvent: {}
[266.803212] (-) TimerEvent: {}
[266.903919] (-) TimerEvent: {}
[267.004663] (-) TimerEvent: {}
[267.105390] (-) TimerEvent: {}
[267.206164] (-) TimerEvent: {}
[267.306950] (-) TimerEvent: {}
[267.407687] (-) TimerEvent: {}
[267.508446] (-) TimerEvent: {}
[267.609172] (-) TimerEvent: {}
[267.709910] (-) TimerEvent: {}
[267.810800] (-) TimerEvent: {}
[267.911583] (-) TimerEvent: {}
[268.012351] (-) TimerEvent: {}
[268.113176] (-) TimerEvent: {}
[268.213917] (-) TimerEvent: {}
[268.314655] (-) TimerEvent: {}
[268.415390] (-) TimerEvent: {}
[268.516170] (-) TimerEvent: {}
[268.616889] (-) TimerEvent: {}
[268.718809] (-) TimerEvent: {}
[268.824819] (-) TimerEvent: {}
[268.928489] (-) TimerEvent: {}
[269.029228] (-) TimerEvent: {}
[269.130001] (-) TimerEvent: {}
[269.230721] (-) TimerEvent: {}
[269.331434] (-) TimerEvent: {}
[269.432122] (-) TimerEvent: {}
[269.532877] (-) TimerEvent: {}
[269.633604] (-) TimerEvent: {}
[269.734349] (-) TimerEvent: {}
[269.835552] (-) TimerEvent: {}
[269.936256] (-) TimerEvent: {}
[270.037229] (-) TimerEvent: {}
[270.137925] (-) TimerEvent: {}
[270.239143] (-) TimerEvent: {}
[270.339898] (-) TimerEvent: {}
[270.440633] (-) TimerEvent: {}
[270.541350] (-) TimerEvent: {}
[270.642100] (-) TimerEvent: {}
[270.742891] (-) TimerEvent: {}
[270.843870] (-) TimerEvent: {}
[270.944748] (-) TimerEvent: {}
[271.045490] (-) TimerEvent: {}
[271.146210] (-) TimerEvent: {}
[271.246951] (-) TimerEvent: {}
[271.347753] (-) TimerEvent: {}
[271.448470] (-) TimerEvent: {}
[271.549047] (-) TimerEvent: {}
[271.649601] (-) TimerEvent: {}
[271.750107] (-) TimerEvent: {}
[271.850665] (-) TimerEvent: {}
[271.951110] (-) TimerEvent: {}
[272.090710] (-) TimerEvent: {}
[272.191528] (-) TimerEvent: {}
[272.292437] (-) TimerEvent: {}
[272.393189] (-) TimerEvent: {}
[272.493915] (-) TimerEvent: {}
[272.594666] (-) TimerEvent: {}
[272.695384] (-) TimerEvent: {}
[272.796126] (-) TimerEvent: {}
[272.897011] (-) TimerEvent: {}
[272.997742] (-) TimerEvent: {}
[273.098482] (-) TimerEvent: {}
[273.199525] (-) TimerEvent: {}
[273.300476] (-) TimerEvent: {}
[273.408473] (-) TimerEvent: {}
[273.512489] (-) TimerEvent: {}
[273.613471] (-) TimerEvent: {}
[273.716588] (-) TimerEvent: {}
[273.820498] (-) TimerEvent: {}
[273.921444] (-) TimerEvent: {}
[274.022120] (-) TimerEvent: {}
[274.124492] (-) TimerEvent: {}
[274.225364] (-) TimerEvent: {}
[274.326338] (-) TimerEvent: {}
[274.429513] (-) TimerEvent: {}
[274.530327] (-) TimerEvent: {}
[274.631086] (-) TimerEvent: {}
[274.731827] (-) TimerEvent: {}
[274.832558] (-) TimerEvent: {}
[274.933296] (-) TimerEvent: {}
[275.034026] (-) TimerEvent: {}
[275.134767] (-) TimerEvent: {}
[275.235643] (-) TimerEvent: {}
[275.336554] (-) TimerEvent: {}
[275.437333] (-) TimerEvent: {}
[275.538023] (-) TimerEvent: {}
[275.638674] (-) TimerEvent: {}
[275.739227] (-) TimerEvent: {}
[275.839772] (-) TimerEvent: {}
[275.940277] (-) TimerEvent: {}
[276.040807] (-) TimerEvent: {}
[276.186555] (-) TimerEvent: {}
[276.287408] (-) TimerEvent: {}
[276.388195] (-) TimerEvent: {}
[276.488940] (-) TimerEvent: {}
[276.591525] (-) TimerEvent: {}
[276.692240] (-) TimerEvent: {}
[276.792971] (-) TimerEvent: {}
[276.893679] (-) TimerEvent: {}
[276.994423] (-) TimerEvent: {}
[277.095572] (-) TimerEvent: {}
[277.197289] (-) TimerEvent: {}
[277.299830] (-) TimerEvent: {}
[277.400644] (-) TimerEvent: {}
[277.501365] (-) TimerEvent: {}
[277.602090] (-) TimerEvent: {}
[277.702802] (-) TimerEvent: {}
[277.803538] (-) TimerEvent: {}
[277.904243] (-) TimerEvent: {}
[278.004979] (-) TimerEvent: {}
[278.106047] (-) TimerEvent: {}
[278.206760] (-) TimerEvent: {}
[278.307500] (-) TimerEvent: {}
[278.408679] (-) TimerEvent: {}
[278.509605] (-) TimerEvent: {}
[278.610676] (-) TimerEvent: {}
[278.711383] (-) TimerEvent: {}
[278.812408] (-) TimerEvent: {}
[278.913893] (-) TimerEvent: {}
[279.018357] (-) TimerEvent: {}
[279.122779] (-) TimerEvent: {}
[279.226928] (-) TimerEvent: {}
[279.328599] (-) TimerEvent: {}
[279.429434] (-) TimerEvent: {}
[279.530096] (-) TimerEvent: {}
[279.630622] (-) TimerEvent: {}
[279.731209] (-) TimerEvent: {}
[279.831854] (-) TimerEvent: {}
[279.932377] (-) TimerEvent: {}
[280.032815] (-) TimerEvent: {}
[280.133290] (-) TimerEvent: {}
[280.234130] (-) TimerEvent: {}
[280.334860] (-) TimerEvent: {}
[280.435602] (-) TimerEvent: {}
[280.536353] (-) TimerEvent: {}
[280.637999] (-) TimerEvent: {}
[280.739539] (-) TimerEvent: {}
[280.840479] (-) TimerEvent: {}
[280.941646] (-) TimerEvent: {}
[281.044293] (-) TimerEvent: {}
[281.187659] (-) TimerEvent: {}
[281.288795] (-) TimerEvent: {}
[281.391451] (-) TimerEvent: {}
[281.495290] (-) TimerEvent: {}
[281.597052] (-) TimerEvent: {}
[281.697895] (-) TimerEvent: {}
[281.798594] (-) TimerEvent: {}
[281.899605] (-) TimerEvent: {}
[282.001446] (-) TimerEvent: {}
[282.103067] (-) TimerEvent: {}
[282.205482] (-) TimerEvent: {}
[282.306657] (-) TimerEvent: {}
[282.408940] (-) TimerEvent: {}
[282.515296] (-) TimerEvent: {}
[282.615998] (-) TimerEvent: {}
[282.716689] (-) TimerEvent: {}
[283.240243] (-) TimerEvent: {}
[283.341289] (-) TimerEvent: {}
[283.442273] (-) TimerEvent: {}
[283.543177] (-) TimerEvent: {}
[283.645395] (-) TimerEvent: {}
[283.746187] (-) TimerEvent: {}
[283.846907] (-) TimerEvent: {}
[283.947579] (-) TimerEvent: {}
[284.048265] (-) TimerEvent: {}
[284.149047] (-) TimerEvent: {}
[284.249770] (-) TimerEvent: {}
[284.350505] (-) TimerEvent: {}
[284.451197] (-) TimerEvent: {}
[284.551877] (-) TimerEvent: {}
[284.652576] (-) TimerEvent: {}
[284.753281] (-) TimerEvent: {}
[284.854067] (-) TimerEvent: {}
[284.954849] (-) TimerEvent: {}
[285.055682] (-) TimerEvent: {}
[285.156515] (-) TimerEvent: {}
[285.257314] (-) TimerEvent: {}
[285.358011] (-) TimerEvent: {}
[285.458850] (-) TimerEvent: {}
[285.559548] (-) TimerEvent: {}
[285.660332] (-) TimerEvent: {}
[285.761068] (-) TimerEvent: {}
[285.862171] (-) TimerEvent: {}
[285.962874] (-) TimerEvent: {}
[286.063561] (-) TimerEvent: {}
[286.164261] (-) TimerEvent: {}
[286.265187] (-) TimerEvent: {}
[286.365889] (-) TimerEvent: {}
[286.466581] (-) TimerEvent: {}
[286.567434] (-) TimerEvent: {}
[286.670131] (-) TimerEvent: {}
[286.771061] (-) TimerEvent: {}
[286.872276] (-) TimerEvent: {}
[286.973464] (-) TimerEvent: {}
[287.075673] (-) TimerEvent: {}
[287.176949] (-) TimerEvent: {}
[287.277706] (-) TimerEvent: {}
[287.378731] (-) TimerEvent: {}
[287.480172] (-) TimerEvent: {}
[287.582166] (-) TimerEvent: {}
[287.683449] (-) TimerEvent: {}
[287.784171] (-) TimerEvent: {}
[287.884903] (-) TimerEvent: {}
[287.986128] (-) TimerEvent: {}
[288.086797] (-) TimerEvent: {}
[288.187486] (-) TimerEvent: {}
[288.289055] (-) TimerEvent: {}
[288.390175] (-) TimerEvent: {}
[288.491300] (-) TimerEvent: {}
[288.591995] (-) TimerEvent: {}
[288.692964] (-) TimerEvent: {}
[288.794292] (-) TimerEvent: {}
[288.895911] (-) TimerEvent: {}
[288.997425] (-) TimerEvent: {}
[289.099086] (-) TimerEvent: {}
[289.200363] (-) TimerEvent: {}
[289.301474] (-) TimerEvent: {}
[289.402338] (-) TimerEvent: {}
[289.503051] (-) TimerEvent: {}
[289.603794] (-) TimerEvent: {}
[289.704637] (-) TimerEvent: {}
[289.805407] (-) TimerEvent: {}
[289.906085] (-) TimerEvent: {}
[290.006717] (-) TimerEvent: {}
[290.107377] (-) TimerEvent: {}
[290.207995] (-) TimerEvent: {}
[290.312487] (-) TimerEvent: {}
[290.416478] (-) TimerEvent: {}
[290.517160] (-) TimerEvent: {}
[290.617873] (-) TimerEvent: {}
[290.718588] (-) TimerEvent: {}
[290.819303] (-) TimerEvent: {}
[290.920566] (-) TimerEvent: {}
[291.023051] (-) TimerEvent: {}
[291.125800] (-) TimerEvent: {}
[291.226655] (-) TimerEvent: {}
[291.327405] (-) TimerEvent: {}
[291.428539] (-) TimerEvent: {}
[291.530377] (-) TimerEvent: {}
[291.631198] (-) TimerEvent: {}
[291.732461] (-) TimerEvent: {}
[291.833161] (-) TimerEvent: {}
[291.934350] (-) TimerEvent: {}
[292.035040] (-) TimerEvent: {}
[292.135738] (-) TimerEvent: {}
[292.236911] (-) TimerEvent: {}
[292.337642] (-) TimerEvent: {}
[292.438325] (-) TimerEvent: {}
[292.539001] (-) TimerEvent: {}
[292.639659] (-) TimerEvent: {}
[292.740634] (-) TimerEvent: {}
[292.841358] (-) TimerEvent: {}
[292.942063] (-) TimerEvent: {}
[293.042793] (-) TimerEvent: {}
[293.143462] (-) TimerEvent: {}
[293.244167] (-) TimerEvent: {}
[293.351124] (-) TimerEvent: {}
[293.451873] (-) TimerEvent: {}
[293.552738] (-) TimerEvent: {}
[293.653431] (-) TimerEvent: {}
[293.756459] (-) TimerEvent: {}
[293.857354] (-) TimerEvent: {}
[293.958448] (-) TimerEvent: {}
[294.060071] (-) TimerEvent: {}
[294.160793] (-) TimerEvent: {}
[294.261525] (-) TimerEvent: {}
[294.362270] (-) TimerEvent: {}
[294.462976] (-) TimerEvent: {}
[294.563688] (-) TimerEvent: {}
[294.664967] (-) TimerEvent: {}
[294.767026] (-) TimerEvent: {}
[294.867750] (-) TimerEvent: {}
[294.968624] (-) TimerEvent: {}
[295.069210] (-) TimerEvent: {}
[295.169777] (-) TimerEvent: {}
[295.270359] (-) TimerEvent: {}
[295.371966] (-) TimerEvent: {}
[295.472692] (-) TimerEvent: {}
[295.574360] (-) TimerEvent: {}
[295.675041] (-) TimerEvent: {}
[295.775938] (-) TimerEvent: {}
[295.876890] (-) TimerEvent: {}
[295.978124] (-) TimerEvent: {}
[296.078829] (-) TimerEvent: {}
[296.179773] (-) TimerEvent: {}
[296.280488] (-) TimerEvent: {}
[296.381228] (-) TimerEvent: {}
[296.481928] (-) TimerEvent: {}
[296.582874] (-) TimerEvent: {}
[296.684011] (-) TimerEvent: {}
[296.785087] (-) TimerEvent: {}
[296.886294] (-) TimerEvent: {}
[296.987677] (-) TimerEvent: {}
[297.089483] (-) TimerEvent: {}
[297.190819] (-) TimerEvent: {}
[297.297871] (-) TimerEvent: {}
[297.399086] (-) TimerEvent: {}
[297.500063] (-) TimerEvent: {}
[297.601397] (-) TimerEvent: {}
[297.708912] (-) TimerEvent: {}
[297.810917] (-) TimerEvent: {}
[297.913875] (-) TimerEvent: {}
[298.017072] (-) TimerEvent: {}
[298.119226] (-) TimerEvent: {}
[298.221603] (-) TimerEvent: {}
[298.323214] (-) TimerEvent: {}
[298.423909] (-) TimerEvent: {}
[298.525140] (-) TimerEvent: {}
[298.626121] (-) TimerEvent: {}
[298.726806] (-) TimerEvent: {}
[298.827560] (-) TimerEvent: {}
[298.928382] (-) TimerEvent: {}
[299.029221] (-) TimerEvent: {}
[299.129950] (-) TimerEvent: {}
[299.230484] (-) TimerEvent: {}
[299.331095] (-) TimerEvent: {}
[299.431885] (-) TimerEvent: {}
[299.532614] (-) TimerEvent: {}
[299.633688] (-) TimerEvent: {}
[299.734418] (-) TimerEvent: {}
[299.835108] (-) TimerEvent: {}
[299.935996] (-) TimerEvent: {}
[300.036874] (-) TimerEvent: {}
[300.140480] (-) TimerEvent: {}
[300.244534] (-) TimerEvent: {}
[300.345393] (-) TimerEvent: {}
[300.447036] (-) TimerEvent: {}
[300.547730] (-) TimerEvent: {}
[300.648461] (-) TimerEvent: {}
[300.749181] (-) TimerEvent: {}
[300.849931] (-) TimerEvent: {}
[300.950650] (-) TimerEvent: {}
[301.051362] (-) TimerEvent: {}
[301.152087] (-) TimerEvent: {}
[301.252930] (-) TimerEvent: {}
[301.353643] (-) TimerEvent: {}
[301.454949] (-) TimerEvent: {}
[301.557311] (-) TimerEvent: {}
[301.658192] (-) TimerEvent: {}
[301.760484] (-) TimerEvent: {}
[301.861616] (-) TimerEvent: {}
[301.962610] (-) TimerEvent: {}
[302.063322] (-) TimerEvent: {}
[302.173020] (-) TimerEvent: {}
[302.274047] (-) TimerEvent: {}
[302.375788] (-) TimerEvent: {}
[302.477155] (-) TimerEvent: {}
[302.577888] (-) TimerEvent: {}
[302.678581] (-) TimerEvent: {}
[302.779740] (-) TimerEvent: {}
[302.881146] (-) TimerEvent: {}
[302.981876] (-) TimerEvent: {}
[303.083331] (-) TimerEvent: {}
[303.184596] (-) TimerEvent: {}
[303.285338] (-) TimerEvent: {}
[303.386047] (-) TimerEvent: {}
[303.486794] (-) TimerEvent: {}
[303.587491] (-) TimerEvent: {}
[303.688197] (-) TimerEvent: {}
[303.789170] (-) TimerEvent: {}
[303.950735] (-) TimerEvent: {}
[304.051434] (-) TimerEvent: {}
[304.152189] (-) TimerEvent: {}
[304.252912] (-) TimerEvent: {}
[304.353825] (-) TimerEvent: {}
[304.454752] (-) TimerEvent: {}
[304.555446] (-) TimerEvent: {}
[304.665853] (-) TimerEvent: {}
[304.766867] (-) TimerEvent: {}
[304.867604] (-) TimerEvent: {}
[304.968204] (-) TimerEvent: {}
[305.068821] (-) TimerEvent: {}
[305.169473] (-) TimerEvent: {}
[305.269911] (-) TimerEvent: {}
[305.370277] (-) TimerEvent: {}
[305.470916] (-) TimerEvent: {}
[305.571672] (-) TimerEvent: {}
[305.672674] (-) TimerEvent: {}
[305.773350] (-) TimerEvent: {}
[305.874064] (-) TimerEvent: {}
[305.974735] (-) TimerEvent: {}
[306.075667] (-) TimerEvent: {}
[306.176463] (-) TimerEvent: {}
[306.278680] (-) TimerEvent: {}
[306.379983] (-) TimerEvent: {}
[306.480679] (-) TimerEvent: {}
[306.582265] (-) TimerEvent: {}
[306.683743] (-) TimerEvent: {}
[306.784497] (-) TimerEvent: {}
[306.885212] (-) TimerEvent: {}
[306.985808] (-) TimerEvent: {}
[307.086375] (-) TimerEvent: {}
[307.187213] (-) TimerEvent: {}
[307.287933] (-) TimerEvent: {}
[307.388500] (-) TimerEvent: {}
[307.512837] (-) TimerEvent: {}
[307.613527] (-) TimerEvent: {}
[307.716471] (-) TimerEvent: {}
[307.817165] (-) TimerEvent: {}
[307.917876] (-) TimerEvent: {}
[308.019182] (-) TimerEvent: {}
[308.119923] (-) TimerEvent: {}
[308.220646] (-) TimerEvent: {}
[308.321360] (-) TimerEvent: {}
[308.422075] (-) TimerEvent: {}
[308.522744] (-) TimerEvent: {}
[308.623460] (-) TimerEvent: {}
[308.724182] (-) TimerEvent: {}
[308.825104] (-) TimerEvent: {}
[308.925806] (-) TimerEvent: {}
[309.026508] (-) TimerEvent: {}
[309.127237] (-) TimerEvent: {}
[309.227953] (-) TimerEvent: {}
[309.328640] (-) TimerEvent: {}
[309.429559] (-) TimerEvent: {}
[309.530273] (-) TimerEvent: {}
[309.631123] (-) TimerEvent: {}
[309.731986] (-) TimerEvent: {}
[309.832938] (-) TimerEvent: {}
[309.933660] (-) TimerEvent: {}
[310.034388] (-) TimerEvent: {}
[310.135080] (-) TimerEvent: {}
[310.235776] (-) TimerEvent: {}
[310.372476] (-) TimerEvent: {}
[310.480554] (-) TimerEvent: {}
[310.581347] (-) TimerEvent: {}
[310.682233] (-) TimerEvent: {}
[310.783425] (-) TimerEvent: {}
[310.884431] (-) TimerEvent: {}
[310.985227] (-) TimerEvent: {}
[311.086351] (-) TimerEvent: {}
[311.187450] (-) TimerEvent: {}
[311.289134] (-) TimerEvent: {}
[311.390484] (-) TimerEvent: {}
[311.491887] (-) TimerEvent: {}
[311.798541] (-) TimerEvent: {}
[311.899272] (-) TimerEvent: {}
[312.146568] (-) TimerEvent: {}
[312.247361] (-) TimerEvent: {}
[312.348251] (-) TimerEvent: {}
[312.449529] (-) TimerEvent: {}
[312.550237] (-) TimerEvent: {}
[312.655088] (-) TimerEvent: {}
[312.755775] (-) TimerEvent: {}
[312.856471] (-) TimerEvent: {}
[312.973443] (-) TimerEvent: {}
[313.074894] (-) TimerEvent: {}
[313.175629] (-) TimerEvent: {}
[313.276354] (-) TimerEvent: {}
[313.377155] (-) TimerEvent: {}
[313.484463] (-) TimerEvent: {}
[313.596035] (-) TimerEvent: {}
[313.696885] (-) TimerEvent: {}
[313.797625] (-) TimerEvent: {}
[313.898323] (-) TimerEvent: {}
[313.999032] (-) TimerEvent: {}
[314.100473] (-) TimerEvent: {}
[314.202406] (-) TimerEvent: {}
[314.312905] (-) TimerEvent: {}
[314.415555] (-) TimerEvent: {}
[314.529511] (-) TimerEvent: {}
[314.633409] (-) TimerEvent: {}
[314.736550] (-) TimerEvent: {}
[314.837253] (-) TimerEvent: {}
[314.938151] (-) TimerEvent: {}
[315.038947] (-) TimerEvent: {}
[315.139703] (-) TimerEvent: {}
[315.244837] (-) TimerEvent: {}
[315.349625] (-) TimerEvent: {}
[315.450353] (-) TimerEvent: {}
[315.551241] (-) TimerEvent: {}
[315.652862] (-) TimerEvent: {}
[315.753725] (-) TimerEvent: {}
[315.981786] (-) TimerEvent: {}
[316.083920] (-) TimerEvent: {}
[316.184635] (-) TimerEvent: {}
[316.285793] (-) TimerEvent: {}
[316.389864] (-) TimerEvent: {}
[316.749026] (-) TimerEvent: {}
[316.857062] (-) TimerEvent: {}
[316.958816] (-) TimerEvent: {}
[317.202192] (-) TimerEvent: {}
[317.310536] (-) TimerEvent: {}
[317.411275] (-) TimerEvent: {}
[317.545947] (-) TimerEvent: {}
[317.647782] (-) TimerEvent: {}
[317.769193] (-) TimerEvent: {}
[317.869879] (-) TimerEvent: {}
[317.970628] (-) TimerEvent: {}
[318.071356] (-) TimerEvent: {}
[318.172932] (-) TimerEvent: {}
[318.275264] (-) TimerEvent: {}
[318.378493] (-) TimerEvent: {}
[318.484701] (-) TimerEvent: {}
[318.620458] (-) TimerEvent: {}
[318.724809] (-) TimerEvent: {}
[318.825583] (-) TimerEvent: {}
[319.213180] (-) TimerEvent: {}
[319.314919] (-) TimerEvent: {}
[319.435778] (-) TimerEvent: {}
[319.547654] (-) TimerEvent: {}
[319.648398] (-) TimerEvent: {}
[319.986296] (-) TimerEvent: {}
[320.164921] (-) TimerEvent: {}
[320.298737] (-) TimerEvent: {}
[320.401637] (-) TimerEvent: {}
[320.503879] (-) TimerEvent: {}
[320.606608] (-) TimerEvent: {}
[320.713271] (-) TimerEvent: {}
[320.814492] (-) TimerEvent: {}
[320.917824] (-) TimerEvent: {}
[321.020478] (-) TimerEvent: {}
[321.123937] (-) TimerEvent: {}
[321.225543] (-) TimerEvent: {}
[321.326891] (-) TimerEvent: {}
[321.428147] (-) TimerEvent: {}
[321.551361] (-) TimerEvent: {}
[321.721055] (-) TimerEvent: {}
[321.823899] (-) TimerEvent: {}
[321.932033] (-) TimerEvent: {}
[322.032807] (-) TimerEvent: {}
[322.250819] (-) TimerEvent: {}
[322.354183] (-) TimerEvent: {}
[322.459792] (-) TimerEvent: {}
[322.564448] (-) TimerEvent: {}
[322.669811] (-) TimerEvent: {}
[322.849541] (-) TimerEvent: {}
[322.951688] (-) TimerEvent: {}
[323.053326] (-) TimerEvent: {}
[323.156720] (-) TimerEvent: {}
[323.262694] (-) TimerEvent: {}
[323.601698] (-) TimerEvent: {}
[323.809723] (-) TimerEvent: {}
[323.964971] (-) TimerEvent: {}
[324.080762] (-) TimerEvent: {}
[324.262814] (-) TimerEvent: {}
[324.411941] (-) TimerEvent: {}
[324.525346] (-) TimerEvent: {}
[324.678044] (-) TimerEvent: {}
[324.840474] (-) TimerEvent: {}
[325.101153] (-) TimerEvent: {}
[325.203139] (-) TimerEvent: {}
[325.305544] (-) TimerEvent: {}
[325.447622] (-) TimerEvent: {}
[325.611236] (-) TimerEvent: {}
[325.827523] (-) TimerEvent: {}
[326.014254] (-) TimerEvent: {}
[326.166526] (-) TimerEvent: {}
[326.274259] (-) TimerEvent: {}
[326.394485] (-) TimerEvent: {}
[326.511621] (-) TimerEvent: {}
[326.612900] (-) TimerEvent: {}
[326.820594] (-) TimerEvent: {}
[327.008666] (-) TimerEvent: {}
[327.262975] (-) TimerEvent: {}
[327.381157] (-) TimerEvent: {}
[327.482380] (-) TimerEvent: {}
[327.961477] (-) TimerEvent: {}
[328.276596] (-) TimerEvent: {}
[329.022447] (-) TimerEvent: {}
[329.335550] (-) TimerEvent: {}
[329.636792] (-) TimerEvent: {}
[329.760048] (-) TimerEvent: {}
[329.860761] (-) TimerEvent: {}
[330.121924] (-) TimerEvent: {}
[330.800734] (-) TimerEvent: {}
[331.013345] (-) TimerEvent: {}
[331.589917] (-) TimerEvent: {}
[331.938051] (-) TimerEvent: {}
[332.058932] (-) TimerEvent: {}
[332.368175] (-) TimerEvent: {}
[332.774418] (-) TimerEvent: {}
[332.875930] (-) TimerEvent: {}
[332.977120] (-) TimerEvent: {}
[333.077981] (-) TimerEvent: {}
[333.179347] (-) TimerEvent: {}
[333.280760] (-) TimerEvent: {}
[333.381904] (-) TimerEvent: {}
[333.483285] (-) TimerEvent: {}
[333.584489] (-) TimerEvent: {}
[333.685936] (-) TimerEvent: {}
[333.786974] (-) TimerEvent: {}
[333.888349] (-) TimerEvent: {}
[333.989182] (-) TimerEvent: {}
[334.091088] (-) TimerEvent: {}
[334.191764] (-) TimerEvent: {}
[334.292755] (-) TimerEvent: {}
[334.394286] (-) TimerEvent: {}
[334.495302] (-) TimerEvent: {}
[334.596007] (-) TimerEvent: {}
[334.696806] (-) TimerEvent: {}
[334.797571] (-) TimerEvent: {}
[334.898253] (-) TimerEvent: {}
[334.999078] (-) TimerEvent: {}
[335.099822] (-) TimerEvent: {}
[335.200565] (-) TimerEvent: {}
[335.301330] (-) TimerEvent: {}
[335.402435] (-) TimerEvent: {}
[335.503546] (-) TimerEvent: {}
[335.604733] (-) TimerEvent: {}
[335.705758] (-) TimerEvent: {}
[335.807102] (-) TimerEvent: {}
[335.908114] (-) TimerEvent: {}
[336.009285] (-) TimerEvent: {}
[336.110441] (-) TimerEvent: {}
[336.220507] (-) TimerEvent: {}
[336.321198] (-) TimerEvent: {}
[336.421951] (-) TimerEvent: {}
[336.532467] (-) TimerEvent: {}
[336.633170] (-) TimerEvent: {}
[336.733876] (-) TimerEvent: {}
[336.834597] (-) TimerEvent: {}
[336.944481] (-) TimerEvent: {}
[337.045840] (-) TimerEvent: {}
[337.148486] (-) TimerEvent: {}
[337.249614] (-) TimerEvent: {}
[337.350705] (-) TimerEvent: {}
[337.452293] (-) TimerEvent: {}
[337.554012] (-) TimerEvent: {}
[337.655008] (-) TimerEvent: {}
[337.755714] (-) TimerEvent: {}
[337.856700] (-) TimerEvent: {}
[337.957384] (-) TimerEvent: {}
[338.058061] (-) TimerEvent: {}
[338.158780] (-) TimerEvent: {}
[338.261413] (-) TimerEvent: {}
[338.364209] (-) TimerEvent: {}
[338.468471] (-) TimerEvent: {}
[338.571178] (-) TimerEvent: {}
[338.672086] (-) TimerEvent: {}
[338.773247] (-) TimerEvent: {}
[338.876482] (-) TimerEvent: {}
[338.977175] (-) TimerEvent: {}
[339.077986] (-) TimerEvent: {}
[339.181141] (-) TimerEvent: {}
[339.284504] (-) TimerEvent: {}
[339.388684] (-) TimerEvent: {}
[339.489392] (-) TimerEvent: {}
[339.590089] (-) TimerEvent: {}
[339.691875] (-) TimerEvent: {}
[339.793035] (-) TimerEvent: {}
[339.893719] (-) TimerEvent: {}
[339.994378] (-) TimerEvent: {}
[340.095064] (-) TimerEvent: {}
[340.196482] (-) TimerEvent: {}
[340.300461] (-) TimerEvent: {}
[340.404486] (-) TimerEvent: {}
[340.508495] (-) TimerEvent: {}
[340.612500] (-) TimerEvent: {}
[340.713205] (-) TimerEvent: {}
[340.815142] (-) TimerEvent: {}
[340.916213] (-) TimerEvent: {}
[341.018054] (-) TimerEvent: {}
[341.119610] (-) TimerEvent: {}
[341.220379] (-) TimerEvent: {}
[341.321154] (-) TimerEvent: {}
[341.422364] (-) TimerEvent: {}
[341.523494] (-) TimerEvent: {}
[341.624484] (-) TimerEvent: {}
[341.727947] (-) TimerEvent: {}
[341.829066] (-) TimerEvent: {}
[341.929824] (-) TimerEvent: {}
[342.030504] (-) TimerEvent: {}
[342.131212] (-) TimerEvent: {}
[342.232091] (-) TimerEvent: {}
[342.333203] (-) TimerEvent: {}
[342.434186] (-) TimerEvent: {}
[342.534904] (-) TimerEvent: {}
[342.636064] (-) TimerEvent: {}
[342.736799] (-) TimerEvent: {}
[342.837836] (-) TimerEvent: {}
[342.938537] (-) TimerEvent: {}
[343.039250] (-) TimerEvent: {}
[343.141008] (-) TimerEvent: {}
[343.241747] (-) TimerEvent: {}
[343.342780] (-) TimerEvent: {}
[343.443550] (-) TimerEvent: {}
[343.544405] (-) TimerEvent: {}
[343.645088] (-) TimerEvent: {}
[343.745588] (-) TimerEvent: {}
[343.846056] (-) TimerEvent: {}
[343.946648] (-) TimerEvent: {}
[344.048648] (-) TimerEvent: {}
[344.150240] (-) TimerEvent: {}
[344.252027] (-) TimerEvent: {}
[344.353077] (-) TimerEvent: {}
[344.454216] (-) TimerEvent: {}
[344.555271] (-) TimerEvent: {}
[344.656100] (-) TimerEvent: {}
[344.756814] (-) TimerEvent: {}
[344.857514] (-) TimerEvent: {}
[344.958581] (-) TimerEvent: {}
[345.059311] (-) TimerEvent: {}
[345.160007] (-) TimerEvent: {}
[345.260728] (-) TimerEvent: {}
[345.361512] (-) TimerEvent: {}
[345.468457] (-) TimerEvent: {}
[345.569156] (-) TimerEvent: {}
[345.669823] (-) TimerEvent: {}
[345.770432] (-) TimerEvent: {}
[345.870902] (-) TimerEvent: {}
[345.971429] (-) TimerEvent: {}
[346.072114] (-) TimerEvent: {}
[346.172824] (-) TimerEvent: {}
[346.273486] (-) TimerEvent: {}
[346.374149] (-) TimerEvent: {}
[346.474804] (-) TimerEvent: {}
[346.575468] (-) TimerEvent: {}
[346.676283] (-) TimerEvent: {}
[346.777097] (-) TimerEvent: {}
[346.877820] (-) TimerEvent: {}
[346.978490] (-) TimerEvent: {}
[347.079153] (-) TimerEvent: {}
[347.179858] (-) TimerEvent: {}
[347.280601] (-) TimerEvent: {}
[347.381213] (-) TimerEvent: {}
[347.481806] (-) TimerEvent: {}
[347.582490] (-) TimerEvent: {}
[347.683210] (-) TimerEvent: {}
[347.783617] (-) TimerEvent: {}
[347.884012] (-) TimerEvent: {}
[347.984501] (-) TimerEvent: {}
[348.085231] (-) TimerEvent: {}
[348.186180] (-) TimerEvent: {}
[348.286964] (-) TimerEvent: {}
[348.387705] (-) TimerEvent: {}
[348.488632] (-) TimerEvent: {}
[348.589956] (-) TimerEvent: {}
[348.690732] (-) TimerEvent: {}
[348.791755] (-) TimerEvent: {}
[348.892768] (-) TimerEvent: {}
[348.993714] (-) TimerEvent: {}
[349.094720] (-) TimerEvent: {}
[349.195730] (-) TimerEvent: {}
[349.296882] (-) TimerEvent: {}
[349.398286] (-) TimerEvent: {}
[349.499308] (-) TimerEvent: {}
[349.600291] (-) TimerEvent: {}
[349.701252] (-) TimerEvent: {}
[349.802287] (-) TimerEvent: {}
[349.903305] (-) TimerEvent: {}
[350.004344] (-) TimerEvent: {}
[350.105373] (-) TimerEvent: {}
[350.207048] (-) TimerEvent: {}
[350.308318] (-) TimerEvent: {}
[350.409040] (-) TimerEvent: {}
[350.509814] (-) TimerEvent: {}
[350.610518] (-) TimerEvent: {}
[350.711147] (-) TimerEvent: {}
[350.811785] (-) TimerEvent: {}
[350.912511] (-) TimerEvent: {}
[351.013810] (-) TimerEvent: {}
[351.115210] (-) TimerEvent: {}
[351.216520] (-) TimerEvent: {}
[351.317833] (-) TimerEvent: {}
[351.418842] (-) TimerEvent: {}
[351.520048] (-) TimerEvent: {}
[351.555090] (grab_demo) StdoutLine: {'line': b'[ 68%] \x1b[32m\x1b[1mLinking CXX executable aruco_dectet\x1b[0m\n'}
[351.620224] (-) TimerEvent: {}
[351.720940] (-) TimerEvent: {}
[351.821672] (-) TimerEvent: {}
[351.922419] (-) TimerEvent: {}
[352.023157] (-) TimerEvent: {}
[352.123874] (-) TimerEvent: {}
[352.224679] (-) TimerEvent: {}
[352.325411] (-) TimerEvent: {}
[352.426449] (-) TimerEvent: {}
[352.527465] (-) TimerEvent: {}
[352.628212] (-) TimerEvent: {}
[352.729254] (-) TimerEvent: {}
[352.830239] (-) TimerEvent: {}
[352.932577] (-) TimerEvent: {}
[353.034157] (-) TimerEvent: {}
[353.135243] (-) TimerEvent: {}
[353.236499] (-) TimerEvent: {}
[353.337280] (-) TimerEvent: {}
[353.438017] (-) TimerEvent: {}
[353.538729] (-) TimerEvent: {}
[353.639409] (-) TimerEvent: {}
[353.740116] (-) TimerEvent: {}
[353.840844] (-) TimerEvent: {}
[353.941710] (-) TimerEvent: {}
[354.042608] (-) TimerEvent: {}
[354.143760] (-) TimerEvent: {}
[354.245508] (-) TimerEvent: {}
[354.346644] (-) TimerEvent: {}
[354.448200] (-) TimerEvent: {}
[354.549211] (-) TimerEvent: {}
[354.625105] (grab_demo) StdoutLine: {'line': b'[ 68%] Built target aruco_dectet\n'}
[354.649465] (-) TimerEvent: {}
[354.750419] (-) TimerEvent: {}
[354.851375] (-) TimerEvent: {}
[354.952572] (-) TimerEvent: {}
[355.053410] (-) TimerEvent: {}
[355.154490] (-) TimerEvent: {}
[356.121640] (-) TimerEvent: {}
[356.222321] (-) TimerEvent: {}
[356.322987] (-) TimerEvent: {}
[356.424120] (-) TimerEvent: {}
[356.525125] (-) TimerEvent: {}
[356.625833] (-) TimerEvent: {}
[356.726994] (-) TimerEvent: {}
[356.828673] (-) TimerEvent: {}
[356.930213] (-) TimerEvent: {}
[357.032076] (-) TimerEvent: {}
[357.133606] (-) TimerEvent: {}
[357.235055] (-) TimerEvent: {}
[357.335771] (-) TimerEvent: {}
[357.436502] (-) TimerEvent: {}
[357.537201] (-) TimerEvent: {}
[357.637877] (-) TimerEvent: {}
[357.739441] (-) TimerEvent: {}
[357.840510] (-) TimerEvent: {}
[357.941262] (-) TimerEvent: {}
[358.041987] (-) TimerEvent: {}
[358.142730] (-) TimerEvent: {}
[358.243517] (-) TimerEvent: {}
[358.344202] (-) TimerEvent: {}
[358.444925] (-) TimerEvent: {}
[358.545638] (-) TimerEvent: {}
[358.646326] (-) TimerEvent: {}
[358.747036] (-) TimerEvent: {}
[358.848031] (-) TimerEvent: {}
[358.949157] (-) TimerEvent: {}
[359.049826] (-) TimerEvent: {}
[359.150531] (-) TimerEvent: {}
[359.251376] (-) TimerEvent: {}
[359.352189] (-) TimerEvent: {}
[359.453076] (-) TimerEvent: {}
[359.554333] (-) TimerEvent: {}
[359.655008] (-) TimerEvent: {}
[359.755703] (-) TimerEvent: {}
[359.856387] (-) TimerEvent: {}
[359.957240] (-) TimerEvent: {}
[360.060568] (-) TimerEvent: {}
[360.161462] (-) TimerEvent: {}
[360.262123] (-) TimerEvent: {}
[360.363222] (-) TimerEvent: {}
[360.466137] (-) TimerEvent: {}
[360.567073] (-) TimerEvent: {}
[360.668077] (-) TimerEvent: {}
[360.768802] (-) TimerEvent: {}
[360.869499] (-) TimerEvent: {}
[360.970174] (-) TimerEvent: {}
[361.070848] (-) TimerEvent: {}
[361.171528] (-) TimerEvent: {}
[361.272382] (-) TimerEvent: {}
[361.373424] (-) TimerEvent: {}
[361.474363] (-) TimerEvent: {}
[361.575141] (-) TimerEvent: {}
[361.676567] (-) TimerEvent: {}
[361.778390] (-) TimerEvent: {}
[361.879590] (-) TimerEvent: {}
[361.980262] (-) TimerEvent: {}
[362.080960] (-) TimerEvent: {}
[362.181641] (-) TimerEvent: {}
[362.282334] (-) TimerEvent: {}
[362.383037] (-) TimerEvent: {}
[362.483753] (-) TimerEvent: {}
[362.585352] (-) TimerEvent: {}
[362.686001] (-) TimerEvent: {}
[362.787058] (-) TimerEvent: {}
[362.887990] (-) TimerEvent: {}
[362.988674] (-) TimerEvent: {}
[363.089446] (-) TimerEvent: {}
[363.190295] (-) TimerEvent: {}
[363.291392] (-) TimerEvent: {}
[363.392587] (-) TimerEvent: {}
[363.493560] (-) TimerEvent: {}
[363.594240] (-) TimerEvent: {}
[363.694937] (-) TimerEvent: {}
[363.795641] (-) TimerEvent: {}
[363.896796] (-) TimerEvent: {}
[364.000988] (-) TimerEvent: {}
[364.103419] (-) TimerEvent: {}
[364.205046] (-) TimerEvent: {}
[364.305753] (-) TimerEvent: {}
[364.406898] (-) TimerEvent: {}
[364.507714] (-) TimerEvent: {}
[364.608736] (-) TimerEvent: {}
[364.709435] (-) TimerEvent: {}
[364.810214] (-) TimerEvent: {}
[364.910917] (-) TimerEvent: {}
[365.011596] (-) TimerEvent: {}
[365.112276] (-) TimerEvent: {}
[365.213003] (-) TimerEvent: {}
[365.313687] (-) TimerEvent: {}
[365.414476] (-) TimerEvent: {}
[365.515244] (-) TimerEvent: {}
[365.616058] (-) TimerEvent: {}
[365.716723] (-) TimerEvent: {}
[365.817179] (-) TimerEvent: {}
[365.917665] (-) TimerEvent: {}
[366.018094] (-) TimerEvent: {}
[366.119382] (-) TimerEvent: {}
[366.219935] (-) TimerEvent: {}
[366.321154] (-) TimerEvent: {}
[366.424214] (-) TimerEvent: {}
[366.527221] (-) TimerEvent: {}
[366.628778] (-) TimerEvent: {}
[366.729465] (-) TimerEvent: {}
[366.830136] (-) TimerEvent: {}
[366.930847] (-) TimerEvent: {}
[367.031512] (-) TimerEvent: {}
[367.132210] (-) TimerEvent: {}
[367.232978] (-) TimerEvent: {}
[367.333719] (-) TimerEvent: {}
[367.434436] (-) TimerEvent: {}
[367.535216] (-) TimerEvent: {}
[367.636077] (-) TimerEvent: {}
[367.736818] (-) TimerEvent: {}
[367.837488] (-) TimerEvent: {}
[367.938143] (-) TimerEvent: {}
[368.038801] (-) TimerEvent: {}
[368.139480] (-) TimerEvent: {}
[368.240127] (-) TimerEvent: {}
[368.340795] (-) TimerEvent: {}
[368.441460] (-) TimerEvent: {}
[368.542344] (-) TimerEvent: {}
[368.643060] (-) TimerEvent: {}
[368.743792] (-) TimerEvent: {}
[368.844381] (-) TimerEvent: {}
[368.945070] (-) TimerEvent: {}
[369.045661] (-) TimerEvent: {}
[369.146342] (-) TimerEvent: {}
[369.247084] (-) TimerEvent: {}
[369.348152] (-) TimerEvent: {}
[369.449255] (-) TimerEvent: {}
[369.550089] (-) TimerEvent: {}
[369.650838] (-) TimerEvent: {}
[369.751621] (-) TimerEvent: {}
[369.852373] (-) TimerEvent: {}
[369.953110] (-) TimerEvent: {}
[370.053829] (-) TimerEvent: {}
[370.154577] (-) TimerEvent: {}
[370.255717] (-) TimerEvent: {}
[370.356610] (-) TimerEvent: {}
[370.457366] (-) TimerEvent: {}
[370.558106] (-) TimerEvent: {}
[370.658951] (-) TimerEvent: {}
[370.760676] (-) TimerEvent: {}
[370.861754] (-) TimerEvent: {}
[370.962953] (-) TimerEvent: {}
[371.064193] (-) TimerEvent: {}
[371.165999] (-) TimerEvent: {}
[371.266847] (-) TimerEvent: {}
[371.368390] (-) TimerEvent: {}
[371.470131] (-) TimerEvent: {}
[371.571072] (-) TimerEvent: {}
[371.672556] (-) TimerEvent: {}
[371.773987] (-) TimerEvent: {}
[371.875487] (-) TimerEvent: {}
[371.976203] (-) TimerEvent: {}
[372.076986] (-) TimerEvent: {}
[372.177521] (-) TimerEvent: {}
[372.278339] (-) TimerEvent: {}
[372.380217] (-) TimerEvent: {}
[372.486821] (-) TimerEvent: {}
[372.588485] (-) TimerEvent: {}
[372.673650] (grab_demo) StdoutLine: {'line': b'[ 70%] \x1b[32m\x1b[1mLinking CXX executable charuco_dectet_node\x1b[0m\n'}
[372.688594] (-) TimerEvent: {}
[372.789218] (-) TimerEvent: {}
[372.889945] (-) TimerEvent: {}
[372.996494] (-) TimerEvent: {}
[373.097300] (-) TimerEvent: {}
[373.198054] (-) TimerEvent: {}
[373.298854] (-) TimerEvent: {}
[373.399710] (-) TimerEvent: {}
[373.500487] (-) TimerEvent: {}
[373.601230] (-) TimerEvent: {}
[373.702007] (-) TimerEvent: {}
[373.802749] (-) TimerEvent: {}
[373.903603] (-) TimerEvent: {}
[374.004507] (-) TimerEvent: {}
[374.105223] (-) TimerEvent: {}
[374.205966] (-) TimerEvent: {}
[374.306825] (-) TimerEvent: {}
[374.407544] (-) TimerEvent: {}
[374.508257] (-) TimerEvent: {}
[374.609041] (-) TimerEvent: {}
[374.709789] (-) TimerEvent: {}
[374.810506] (-) TimerEvent: {}
[374.911326] (-) TimerEvent: {}
[375.012083] (-) TimerEvent: {}
[375.112878] (-) TimerEvent: {}
[375.213572] (-) TimerEvent: {}
[375.314469] (-) TimerEvent: {}
[375.416648] (-) TimerEvent: {}
[375.517845] (-) TimerEvent: {}
[375.624484] (-) TimerEvent: {}
[375.725188] (-) TimerEvent: {}
[375.825880] (-) TimerEvent: {}
[375.926565] (-) TimerEvent: {}
[376.027281] (-) TimerEvent: {}
[376.127995] (-) TimerEvent: {}
[376.225364] (grab_demo) StdoutLine: {'line': b'[ 70%] Built target charuco_dectet_node\n'}
[376.228074] (-) TimerEvent: {}
[376.328934] (-) TimerEvent: {}
[376.429856] (-) TimerEvent: {}
[376.530568] (-) TimerEvent: {}
[376.631337] (-) TimerEvent: {}
[376.732219] (-) TimerEvent: {}
[376.833025] (-) TimerEvent: {}
[376.933788] (-) TimerEvent: {}
[377.034598] (-) TimerEvent: {}
[377.135419] (-) TimerEvent: {}
[377.236273] (-) TimerEvent: {}
[377.337161] (-) TimerEvent: {}
[377.437883] (-) TimerEvent: {}
[377.538657] (-) TimerEvent: {}
[377.639422] (-) TimerEvent: {}
[377.740106] (-) TimerEvent: {}
[377.840832] (-) TimerEvent: {}
[377.941698] (-) TimerEvent: {}
[378.042382] (-) TimerEvent: {}
[378.143310] (-) TimerEvent: {}
[378.244033] (-) TimerEvent: {}
[378.345003] (-) TimerEvent: {}
[378.445829] (-) TimerEvent: {}
[378.546520] (-) TimerEvent: {}
[378.647244] (-) TimerEvent: {}
[378.748016] (-) TimerEvent: {}
[378.848811] (-) TimerEvent: {}
[378.949601] (-) TimerEvent: {}
[379.050360] (-) TimerEvent: {}
[379.151092] (-) TimerEvent: {}
[379.251876] (-) TimerEvent: {}
[379.352851] (-) TimerEvent: {}
[379.453932] (-) TimerEvent: {}
[379.554693] (-) TimerEvent: {}
[379.655402] (-) TimerEvent: {}
[379.756456] (-) TimerEvent: {}
[379.857258] (-) TimerEvent: {}
[379.958017] (-) TimerEvent: {}
[380.058732] (-) TimerEvent: {}
[380.159421] (-) TimerEvent: {}
[380.260148] (-) TimerEvent: {}
[380.361036] (-) TimerEvent: {}
[380.461781] (-) TimerEvent: {}
[380.562469] (-) TimerEvent: {}
[380.663171] (-) TimerEvent: {}
[380.763875] (-) TimerEvent: {}
[380.864622] (-) TimerEvent: {}
[380.965674] (-) TimerEvent: {}
[381.066439] (-) TimerEvent: {}
[381.167331] (-) TimerEvent: {}
[381.268049] (-) TimerEvent: {}
[381.368801] (-) TimerEvent: {}
[381.469585] (-) TimerEvent: {}
[381.570293] (-) TimerEvent: {}
[381.670974] (-) TimerEvent: {}
[381.771671] (-) TimerEvent: {}
[381.872457] (-) TimerEvent: {}
[381.973112] (-) TimerEvent: {}
[382.073838] (-) TimerEvent: {}
[382.174570] (-) TimerEvent: {}
[382.275269] (-) TimerEvent: {}
[382.376490] (-) TimerEvent: {}
[382.477207] (-) TimerEvent: {}
[382.577898] (-) TimerEvent: {}
[382.678605] (-) TimerEvent: {}
[382.779369] (-) TimerEvent: {}
[382.880138] (-) TimerEvent: {}
[382.980963] (-) TimerEvent: {}
[383.081828] (-) TimerEvent: {}
[383.182753] (-) TimerEvent: {}
[383.283493] (-) TimerEvent: {}
[383.384424] (-) TimerEvent: {}
[383.485251] (-) TimerEvent: {}
[383.585959] (-) TimerEvent: {}
[383.686707] (-) TimerEvent: {}
[383.787398] (-) TimerEvent: {}
[383.888139] (-) TimerEvent: {}
[383.988899] (-) TimerEvent: {}
[384.089666] (-) TimerEvent: {}
[384.190613] (-) TimerEvent: {}
[384.291383] (-) TimerEvent: {}
[384.392110] (-) TimerEvent: {}
[384.493131] (-) TimerEvent: {}
[384.593991] (-) TimerEvent: {}
[384.695085] (-) TimerEvent: {}
[384.795985] (-) TimerEvent: {}
[384.896775] (-) TimerEvent: {}
[384.997485] (-) TimerEvent: {}
[385.098249] (-) TimerEvent: {}
[385.199413] (-) TimerEvent: {}
[385.300189] (-) TimerEvent: {}
[385.401134] (-) TimerEvent: {}
[385.501934] (-) TimerEvent: {}
[385.602708] (-) TimerEvent: {}
[385.703470] (-) TimerEvent: {}
[385.804129] (-) TimerEvent: {}
[385.904779] (-) TimerEvent: {}
[386.005366] (-) TimerEvent: {}
[386.105951] (-) TimerEvent: {}
[386.206485] (-) TimerEvent: {}
[386.306913] (-) TimerEvent: {}
[386.407400] (-) TimerEvent: {}
[386.508156] (-) TimerEvent: {}
[386.608921] (-) TimerEvent: {}
[386.709601] (-) TimerEvent: {}
[386.810243] (-) TimerEvent: {}
[386.910863] (-) TimerEvent: {}
[387.011571] (-) TimerEvent: {}
[387.112291] (-) TimerEvent: {}
[387.213006] (-) TimerEvent: {}
[387.313729] (-) TimerEvent: {}
[387.414425] (-) TimerEvent: {}
[387.515129] (-) TimerEvent: {}
[387.615884] (-) TimerEvent: {}
[387.716790] (-) TimerEvent: {}
[387.817365] (-) TimerEvent: {}
[387.917922] (-) TimerEvent: {}
[388.018439] (-) TimerEvent: {}
[388.118893] (-) TimerEvent: {}
[388.219396] (-) TimerEvent: {}
[388.319860] (-) TimerEvent: {}
[388.420444] (-) TimerEvent: {}
[388.521298] (-) TimerEvent: {}
[388.622188] (-) TimerEvent: {}
[388.722922] (-) TimerEvent: {}
[388.823726] (-) TimerEvent: {}
[388.924483] (-) TimerEvent: {}
[389.025346] (-) TimerEvent: {}
[389.126124] (-) TimerEvent: {}
[389.226814] (-) TimerEvent: {}
[389.327734] (-) TimerEvent: {}
[389.428428] (-) TimerEvent: {}
[389.529377] (-) TimerEvent: {}
[389.630137] (-) TimerEvent: {}
[389.730940] (-) TimerEvent: {}
[389.831689] (-) TimerEvent: {}
[389.932286] (-) TimerEvent: {}
[390.032836] (-) TimerEvent: {}
[390.133385] (-) TimerEvent: {}
[390.233853] (-) TimerEvent: {}
[390.334262] (-) TimerEvent: {}
[390.434782] (-) TimerEvent: {}
[390.535555] (-) TimerEvent: {}
[390.636323] (-) TimerEvent: {}
[390.737118] (-) TimerEvent: {}
[390.837896] (-) TimerEvent: {}
[390.938621] (-) TimerEvent: {}
[391.039335] (-) TimerEvent: {}
[391.140140] (-) TimerEvent: {}
[391.240955] (-) TimerEvent: {}
[391.341737] (-) TimerEvent: {}
[391.442512] (-) TimerEvent: {}
[391.543240] (-) TimerEvent: {}
[391.644001] (-) TimerEvent: {}
[391.744814] (-) TimerEvent: {}
[391.845544] (-) TimerEvent: {}
[391.946372] (-) TimerEvent: {}
[392.047224] (-) TimerEvent: {}
[392.147925] (-) TimerEvent: {}
[392.248861] (-) TimerEvent: {}
[392.349614] (-) TimerEvent: {}
[392.450276] (-) TimerEvent: {}
[392.551596] (-) TimerEvent: {}
[393.531589] (-) TimerEvent: {}
[393.632462] (-) TimerEvent: {}
[393.733261] (-) TimerEvent: {}
[393.834056] (-) TimerEvent: {}
[393.934819] (-) TimerEvent: {}
[394.035613] (-) TimerEvent: {}
[394.136453] (-) TimerEvent: {}
[394.237182] (-) TimerEvent: {}
[394.337892] (-) TimerEvent: {}
[394.439348] (-) TimerEvent: {}
[394.540364] (-) TimerEvent: {}
[394.641564] (-) TimerEvent: {}
[394.742376] (-) TimerEvent: {}
[394.843296] (-) TimerEvent: {}
[394.944160] (-) TimerEvent: {}
[395.044915] (-) TimerEvent: {}
[395.145634] (-) TimerEvent: {}
[395.246477] (-) TimerEvent: {}
[395.347598] (-) TimerEvent: {}
[395.448412] (-) TimerEvent: {}
[395.549216] (-) TimerEvent: {}
[395.650352] (-) TimerEvent: {}
[395.751574] (-) TimerEvent: {}
[395.853000] (-) TimerEvent: {}
[395.954348] (-) TimerEvent: {}
[396.055726] (-) TimerEvent: {}
[396.156792] (-) TimerEvent: {}
[396.257519] (-) TimerEvent: {}
[396.358349] (-) TimerEvent: {}
[396.459074] (-) TimerEvent: {}
[396.559783] (-) TimerEvent: {}
[396.660473] (-) TimerEvent: {}
[396.761190] (-) TimerEvent: {}
[396.861906] (-) TimerEvent: {}
[396.962635] (-) TimerEvent: {}
[397.063502] (-) TimerEvent: {}
[397.164570] (-) TimerEvent: {}
[397.265301] (-) TimerEvent: {}
[397.366293] (-) TimerEvent: {}
[397.467003] (-) TimerEvent: {}
[397.567817] (-) TimerEvent: {}
[397.669223] (-) TimerEvent: {}
[397.770476] (-) TimerEvent: {}
[397.871520] (-) TimerEvent: {}
[397.972564] (-) TimerEvent: {}
[398.073665] (-) TimerEvent: {}
[398.175043] (-) TimerEvent: {}
[398.276146] (-) TimerEvent: {}
[398.377289] (-) TimerEvent: {}
[398.478433] (-) TimerEvent: {}
[398.579686] (-) TimerEvent: {}
[398.680462] (-) TimerEvent: {}
[398.781198] (-) TimerEvent: {}
[398.881922] (-) TimerEvent: {}
[398.982484] (-) TimerEvent: {}
[399.082988] (-) TimerEvent: {}
[399.183483] (-) TimerEvent: {}
[399.284021] (-) TimerEvent: {}
[399.384557] (-) TimerEvent: {}
[399.485037] (-) TimerEvent: {}
[399.585706] (-) TimerEvent: {}
[399.686856] (-) TimerEvent: {}
[399.787736] (-) TimerEvent: {}
[399.889121] (-) TimerEvent: {}
[399.990434] (-) TimerEvent: {}
[400.092514] (-) TimerEvent: {}
[400.193241] (-) TimerEvent: {}
[400.293960] (-) TimerEvent: {}
[400.394721] (-) TimerEvent: {}
[400.495626] (-) TimerEvent: {}
[400.596916] (-) TimerEvent: {}
[400.698190] (-) TimerEvent: {}
[400.798941] (-) TimerEvent: {}
[400.899672] (-) TimerEvent: {}
[401.000454] (-) TimerEvent: {}
[401.101402] (-) TimerEvent: {}
[401.202934] (-) TimerEvent: {}
[401.304319] (-) TimerEvent: {}
[401.405579] (-) TimerEvent: {}
[401.506752] (-) TimerEvent: {}
[401.607639] (-) TimerEvent: {}
[401.708773] (-) TimerEvent: {}
[401.809478] (-) TimerEvent: {}
[401.910247] (-) TimerEvent: {}
[402.010933] (-) TimerEvent: {}
[402.111554] (-) TimerEvent: {}
[402.212134] (-) TimerEvent: {}
[402.312739] (-) TimerEvent: {}
[402.413265] (-) TimerEvent: {}
[402.513787] (-) TimerEvent: {}
[402.614322] (-) TimerEvent: {}
[402.714932] (-) TimerEvent: {}
[402.815568] (-) TimerEvent: {}
[402.917080] (-) TimerEvent: {}
[403.018049] (-) TimerEvent: {}
[403.119221] (-) TimerEvent: {}
[403.220505] (-) TimerEvent: {}
[403.321827] (-) TimerEvent: {}
[403.423168] (-) TimerEvent: {}
[403.524387] (-) TimerEvent: {}
[403.625088] (-) TimerEvent: {}
[403.725844] (-) TimerEvent: {}
[403.826546] (-) TimerEvent: {}
[403.927244] (-) TimerEvent: {}
[404.027984] (-) TimerEvent: {}
[404.128757] (-) TimerEvent: {}
[404.229557] (-) TimerEvent: {}
[404.330252] (-) TimerEvent: {}
[404.430890] (-) TimerEvent: {}
[404.531536] (-) TimerEvent: {}
[404.632469] (-) TimerEvent: {}
[404.733596] (-) TimerEvent: {}
[404.834284] (-) TimerEvent: {}
[404.934987] (-) TimerEvent: {}
[405.035710] (-) TimerEvent: {}
[405.136546] (-) TimerEvent: {}
[405.237299] (-) TimerEvent: {}
[405.338021] (-) TimerEvent: {}
[405.438958] (-) TimerEvent: {}
[405.539670] (-) TimerEvent: {}
[405.640547] (-) TimerEvent: {}
[405.741256] (-) TimerEvent: {}
[405.842000] (-) TimerEvent: {}
[405.942667] (-) TimerEvent: {}
[406.043333] (-) TimerEvent: {}
[406.143972] (-) TimerEvent: {}
[406.244656] (-) TimerEvent: {}
[406.345878] (-) TimerEvent: {}
[406.446946] (-) TimerEvent: {}
[406.547711] (-) TimerEvent: {}
[406.648492] (-) TimerEvent: {}
[406.749297] (-) TimerEvent: {}
[406.850034] (-) TimerEvent: {}
[406.950959] (-) TimerEvent: {}
[407.051637] (-) TimerEvent: {}
[407.152310] (-) TimerEvent: {}
[407.253034] (-) TimerEvent: {}
[407.353875] (-) TimerEvent: {}
[407.454562] (-) TimerEvent: {}
[407.555067] (-) TimerEvent: {}
[407.655619] (-) TimerEvent: {}
[407.756511] (-) TimerEvent: {}
[407.857814] (-) TimerEvent: {}
[407.958796] (-) TimerEvent: {}
[408.060003] (-) TimerEvent: {}
[408.161336] (-) TimerEvent: {}
[408.262844] (-) TimerEvent: {}
[408.364081] (-) TimerEvent: {}
[408.464883] (-) TimerEvent: {}
[408.565604] (-) TimerEvent: {}
[408.666353] (-) TimerEvent: {}
[408.767120] (-) TimerEvent: {}
[408.867813] (-) TimerEvent: {}
[408.968508] (-) TimerEvent: {}
[409.069180] (-) TimerEvent: {}
[409.169860] (-) TimerEvent: {}
[409.270560] (-) TimerEvent: {}
[409.371620] (-) TimerEvent: {}
[409.472373] (-) TimerEvent: {}
[409.573081] (-) TimerEvent: {}
[409.673798] (-) TimerEvent: {}
[409.774585] (-) TimerEvent: {}
[409.875406] (-) TimerEvent: {}
[409.976206] (-) TimerEvent: {}
[410.077020] (-) TimerEvent: {}
[410.177774] (-) TimerEvent: {}
[410.278524] (-) TimerEvent: {}
[410.379347] (-) TimerEvent: {}
[410.480757] (-) TimerEvent: {}
[410.582091] (-) TimerEvent: {}
[410.683466] (-) TimerEvent: {}
[410.784622] (-) TimerEvent: {}
[410.886179] (-) TimerEvent: {}
[410.987571] (-) TimerEvent: {}
[411.088833] (-) TimerEvent: {}
[411.195233] (-) TimerEvent: {}
[411.295998] (-) TimerEvent: {}
[411.396873] (-) TimerEvent: {}
[411.497631] (-) TimerEvent: {}
[411.598391] (-) TimerEvent: {}
[411.699126] (-) TimerEvent: {}
[411.799882] (-) TimerEvent: {}
[411.900679] (-) TimerEvent: {}
[412.001257] (-) TimerEvent: {}
[412.101990] (-) TimerEvent: {}
[412.202582] (-) TimerEvent: {}
[412.303098] (-) TimerEvent: {}
[412.403547] (-) TimerEvent: {}
[412.504001] (-) TimerEvent: {}
[412.604527] (-) TimerEvent: {}
[412.704948] (-) TimerEvent: {}
[412.805364] (-) TimerEvent: {}
[412.906042] (-) TimerEvent: {}
[413.006791] (-) TimerEvent: {}
[413.107507] (-) TimerEvent: {}
[413.208206] (-) TimerEvent: {}
[413.309001] (-) TimerEvent: {}
[413.409759] (-) TimerEvent: {}
[413.510591] (-) TimerEvent: {}
[413.611352] (-) TimerEvent: {}
[413.712163] (-) TimerEvent: {}
[413.812843] (-) TimerEvent: {}
[413.913500] (-) TimerEvent: {}
[414.014250] (-) TimerEvent: {}
[414.115064] (-) TimerEvent: {}
[414.215884] (-) TimerEvent: {}
[414.316680] (-) TimerEvent: {}
[414.417227] (-) TimerEvent: {}
[414.517751] (-) TimerEvent: {}
[414.618601] (-) TimerEvent: {}
[414.719282] (-) TimerEvent: {}
[414.819969] (-) TimerEvent: {}
[414.920718] (-) TimerEvent: {}
[415.021445] (-) TimerEvent: {}
[415.122284] (-) TimerEvent: {}
[415.222945] (-) TimerEvent: {}
[415.323626] (-) TimerEvent: {}
[415.424328] (-) TimerEvent: {}
[415.524966] (-) TimerEvent: {}
[415.626194] (-) TimerEvent: {}
[415.727556] (-) TimerEvent: {}
[415.828372] (-) TimerEvent: {}
[415.929172] (-) TimerEvent: {}
[416.029950] (-) TimerEvent: {}
[416.130661] (-) TimerEvent: {}
[416.231326] (-) TimerEvent: {}
[416.331994] (-) TimerEvent: {}
[416.432706] (-) TimerEvent: {}
[416.533221] (-) TimerEvent: {}
[416.633654] (-) TimerEvent: {}
[416.734137] (-) TimerEvent: {}
[416.834776] (-) TimerEvent: {}
[416.936191] (-) TimerEvent: {}
[417.043732] (-) TimerEvent: {}
[417.144686] (-) TimerEvent: {}
[417.245345] (-) TimerEvent: {}
[417.346226] (-) TimerEvent: {}
[417.447386] (-) TimerEvent: {}
[417.548118] (-) TimerEvent: {}
[417.648946] (-) TimerEvent: {}
[417.751731] (-) TimerEvent: {}
[417.853500] (-) TimerEvent: {}
[417.955055] (-) TimerEvent: {}
[418.058405] (-) TimerEvent: {}
[418.160272] (-) TimerEvent: {}
[418.261580] (-) TimerEvent: {}
[418.381561] (-) TimerEvent: {}
[418.484161] (-) TimerEvent: {}
[418.586523] (-) TimerEvent: {}
[418.688225] (-) TimerEvent: {}
[418.789879] (-) TimerEvent: {}
[418.891067] (-) TimerEvent: {}
[418.992760] (-) TimerEvent: {}
[419.094032] (-) TimerEvent: {}
[419.195287] (-) TimerEvent: {}
[419.295986] (-) TimerEvent: {}
[419.397011] (-) TimerEvent: {}
[419.497947] (-) TimerEvent: {}
[419.599299] (-) TimerEvent: {}
[419.701436] (-) TimerEvent: {}
[419.803820] (-) TimerEvent: {}
[419.905147] (-) TimerEvent: {}
[420.006441] (-) TimerEvent: {}
[420.108402] (-) TimerEvent: {}
[420.209176] (-) TimerEvent: {}
[420.309839] (-) TimerEvent: {}
[420.410358] (-) TimerEvent: {}
[420.510854] (-) TimerEvent: {}
[420.611342] (-) TimerEvent: {}
[420.711770] (-) TimerEvent: {}
[420.812279] (-) TimerEvent: {}
[420.913035] (-) TimerEvent: {}
[421.013743] (-) TimerEvent: {}
[421.114652] (-) TimerEvent: {}
[421.215467] (-) TimerEvent: {}
[421.316233] (-) TimerEvent: {}
[421.417074] (-) TimerEvent: {}
[421.517864] (-) TimerEvent: {}
[421.618559] (-) TimerEvent: {}
[421.719231] (-) TimerEvent: {}
[421.819764] (-) TimerEvent: {}
[421.920423] (-) TimerEvent: {}
[422.021187] (-) TimerEvent: {}
[422.121901] (-) TimerEvent: {}
[422.222671] (-) TimerEvent: {}
[422.323374] (-) TimerEvent: {}
[422.424086] (-) TimerEvent: {}
[422.524908] (-) TimerEvent: {}
[422.625739] (-) TimerEvent: {}
[422.726459] (-) TimerEvent: {}
[422.827189] (-) TimerEvent: {}
[422.927923] (-) TimerEvent: {}
[423.028666] (-) TimerEvent: {}
[423.129581] (-) TimerEvent: {}
[423.230311] (-) TimerEvent: {}
[423.331032] (-) TimerEvent: {}
[423.431821] (-) TimerEvent: {}
[423.532514] (-) TimerEvent: {}
[423.633282] (-) TimerEvent: {}
[423.734517] (-) TimerEvent: {}
[423.835223] (-) TimerEvent: {}
[423.936184] (-) TimerEvent: {}
[424.036976] (-) TimerEvent: {}
[424.137709] (-) TimerEvent: {}
[424.238564] (-) TimerEvent: {}
[424.339373] (-) TimerEvent: {}
[424.440931] (-) TimerEvent: {}
[424.541899] (-) TimerEvent: {}
[424.642629] (-) TimerEvent: {}
[424.743596] (-) TimerEvent: {}
[424.844364] (-) TimerEvent: {}
[424.945083] (-) TimerEvent: {}
[425.045814] (-) TimerEvent: {}
[425.146491] (-) TimerEvent: {}
[425.247210] (-) TimerEvent: {}
[425.348037] (-) TimerEvent: {}
[425.448861] (-) TimerEvent: {}
[425.549516] (-) TimerEvent: {}
[425.650081] (-) TimerEvent: {}
[425.750513] (-) TimerEvent: {}
[425.851176] (-) TimerEvent: {}
[425.951866] (-) TimerEvent: {}
[426.052746] (-) TimerEvent: {}
[426.153572] (-) TimerEvent: {}
[426.254639] (-) TimerEvent: {}
[426.355483] (-) TimerEvent: {}
[426.456259] (-) TimerEvent: {}
[426.556995] (-) TimerEvent: {}
[426.657894] (-) TimerEvent: {}
[426.758903] (-) TimerEvent: {}
[426.859773] (-) TimerEvent: {}
[426.960473] (-) TimerEvent: {}
[427.061302] (-) TimerEvent: {}
[427.162165] (-) TimerEvent: {}
[427.262973] (-) TimerEvent: {}
[427.363724] (-) TimerEvent: {}
[427.464435] (-) TimerEvent: {}
[427.565113] (-) TimerEvent: {}
[427.665774] (-) TimerEvent: {}
[427.766419] (-) TimerEvent: {}
[427.867055] (-) TimerEvent: {}
[427.967775] (-) TimerEvent: {}
[428.068472] (-) TimerEvent: {}
[428.169221] (-) TimerEvent: {}
[428.270060] (-) TimerEvent: {}
[428.370796] (-) TimerEvent: {}
[428.471501] (-) TimerEvent: {}
[428.572405] (-) TimerEvent: {}
[428.673197] (-) TimerEvent: {}
[428.774079] (-) TimerEvent: {}
[428.874923] (-) TimerEvent: {}
[428.975696] (-) TimerEvent: {}
[429.076491] (-) TimerEvent: {}
[429.177367] (-) TimerEvent: {}
[429.278073] (-) TimerEvent: {}
[429.378826] (-) TimerEvent: {}
[429.479647] (-) TimerEvent: {}
[429.580474] (-) TimerEvent: {}
[429.681168] (-) TimerEvent: {}
[429.781834] (-) TimerEvent: {}
[429.882476] (-) TimerEvent: {}
[429.983173] (-) TimerEvent: {}
[430.083942] (-) TimerEvent: {}
[430.184776] (-) TimerEvent: {}
[430.285535] (-) TimerEvent: {}
[430.386306] (-) TimerEvent: {}
[430.487058] (-) TimerEvent: {}
[430.587838] (-) TimerEvent: {}
[430.688763] (-) TimerEvent: {}
[430.789655] (-) TimerEvent: {}
[430.890533] (-) TimerEvent: {}
[430.991502] (-) TimerEvent: {}
[431.092377] (-) TimerEvent: {}
[431.193169] (-) TimerEvent: {}
[431.293904] (-) TimerEvent: {}
[431.394577] (-) TimerEvent: {}
[431.495234] (-) TimerEvent: {}
[431.595799] (-) TimerEvent: {}
[431.696334] (-) TimerEvent: {}
[431.796764] (-) TimerEvent: {}
[431.897190] (-) TimerEvent: {}
[431.997996] (-) TimerEvent: {}
[432.098888] (-) TimerEvent: {}
[432.199650] (-) TimerEvent: {}
[432.301389] (-) TimerEvent: {}
[432.402173] (-) TimerEvent: {}
[432.502936] (-) TimerEvent: {}
[432.603691] (-) TimerEvent: {}
[432.704785] (-) TimerEvent: {}
[432.805503] (-) TimerEvent: {}
[432.906284] (-) TimerEvent: {}
[433.007087] (-) TimerEvent: {}
[433.107829] (-) TimerEvent: {}
[433.208530] (-) TimerEvent: {}
[433.309229] (-) TimerEvent: {}
[433.409953] (-) TimerEvent: {}
[433.510960] (-) TimerEvent: {}
[433.612163] (-) TimerEvent: {}
[433.713194] (-) TimerEvent: {}
[433.813950] (-) TimerEvent: {}
[433.914685] (-) TimerEvent: {}
[434.015435] (-) TimerEvent: {}
[434.116264] (-) TimerEvent: {}
[434.217039] (-) TimerEvent: {}
[434.317802] (-) TimerEvent: {}
[434.418554] (-) TimerEvent: {}
[434.519396] (-) TimerEvent: {}
[434.620121] (-) TimerEvent: {}
[434.720685] (-) TimerEvent: {}
[434.821100] (-) TimerEvent: {}
[434.921519] (-) TimerEvent: {}
[435.022067] (-) TimerEvent: {}
[435.181759] (-) TimerEvent: {}
[435.283079] (-) TimerEvent: {}
[435.384521] (-) TimerEvent: {}
[435.485220] (-) TimerEvent: {}
[435.585906] (-) TimerEvent: {}
[435.686626] (-) TimerEvent: {}
[435.787336] (-) TimerEvent: {}
[435.888523] (-) TimerEvent: {}
[435.989250] (-) TimerEvent: {}
[436.089969] (-) TimerEvent: {}
[436.192208] (-) TimerEvent: {}
[436.293244] (-) TimerEvent: {}
[436.394385] (-) TimerEvent: {}
[436.495406] (-) TimerEvent: {}
[436.596158] (-) TimerEvent: {}
[436.696886] (-) TimerEvent: {}
[436.797572] (-) TimerEvent: {}
[436.898286] (-) TimerEvent: {}
[436.999048] (-) TimerEvent: {}
[437.099780] (-) TimerEvent: {}
[437.200476] (-) TimerEvent: {}
[437.301171] (-) TimerEvent: {}
[437.401886] (-) TimerEvent: {}
[437.502662] (-) TimerEvent: {}
[437.603448] (-) TimerEvent: {}
[437.704178] (-) TimerEvent: {}
[437.804888] (-) TimerEvent: {}
[437.905606] (-) TimerEvent: {}
[438.006401] (-) TimerEvent: {}
[438.107076] (-) TimerEvent: {}
[438.208432] (-) TimerEvent: {}
[438.309075] (-) TimerEvent: {}
[438.409772] (-) TimerEvent: {}
[438.510641] (-) TimerEvent: {}
[438.611397] (-) TimerEvent: {}
[438.712197] (-) TimerEvent: {}
[438.813343] (-) TimerEvent: {}
[438.914143] (-) TimerEvent: {}
[439.014891] (-) TimerEvent: {}
[439.115622] (-) TimerEvent: {}
[439.216367] (-) TimerEvent: {}
[439.317092] (-) TimerEvent: {}
[439.417896] (-) TimerEvent: {}
[439.518627] (-) TimerEvent: {}
[439.619309] (-) TimerEvent: {}
[439.720077] (-) TimerEvent: {}
[439.820595] (-) TimerEvent: {}
[439.921090] (-) TimerEvent: {}
[440.021675] (-) TimerEvent: {}
[440.122454] (-) TimerEvent: {}
[440.223176] (-) TimerEvent: {}
[440.323879] (-) TimerEvent: {}
[440.424569] (-) TimerEvent: {}
[440.525255] (-) TimerEvent: {}
[440.625976] (-) TimerEvent: {}
[440.726670] (-) TimerEvent: {}
[440.827381] (-) TimerEvent: {}
[440.928064] (-) TimerEvent: {}
[441.028809] (-) TimerEvent: {}
[441.129521] (-) TimerEvent: {}
[441.230203] (-) TimerEvent: {}
[441.331354] (-) TimerEvent: {}
[441.432052] (-) TimerEvent: {}
[441.536489] (-) TimerEvent: {}
[441.637190] (-) TimerEvent: {}
[441.737917] (-) TimerEvent: {}
[441.838658] (-) TimerEvent: {}
[441.939418] (-) TimerEvent: {}
[442.040200] (-) TimerEvent: {}
[442.140998] (-) TimerEvent: {}
[442.241889] (-) TimerEvent: {}
[442.343037] (-) TimerEvent: {}
[442.444478] (-) TimerEvent: {}
[442.545131] (-) TimerEvent: {}
[442.645796] (-) TimerEvent: {}
[442.746511] (-) TimerEvent: {}
[442.847260] (-) TimerEvent: {}
[442.948140] (-) TimerEvent: {}
[443.049345] (-) TimerEvent: {}
[443.151979] (-) TimerEvent: {}
[443.253391] (-) TimerEvent: {}
[443.354549] (-) TimerEvent: {}
[443.455834] (-) TimerEvent: {}
[443.557174] (-) TimerEvent: {}
[443.658046] (-) TimerEvent: {}
[443.758812] (-) TimerEvent: {}
[443.859474] (-) TimerEvent: {}
[443.960132] (-) TimerEvent: {}
[444.060715] (-) TimerEvent: {}
[444.161596] (-) TimerEvent: {}
[444.262426] (-) TimerEvent: {}
[444.363421] (-) TimerEvent: {}
[444.464530] (-) TimerEvent: {}
[444.565379] (-) TimerEvent: {}
[444.666520] (-) TimerEvent: {}
[444.767633] (-) TimerEvent: {}
[444.868804] (-) TimerEvent: {}
[444.969486] (-) TimerEvent: {}
[445.070307] (-) TimerEvent: {}
[445.171364] (-) TimerEvent: {}
[445.272487] (-) TimerEvent: {}
[445.373303] (-) TimerEvent: {}
[445.474338] (-) TimerEvent: {}
[445.575320] (-) TimerEvent: {}
[445.676078] (-) TimerEvent: {}
[445.776808] (-) TimerEvent: {}
[445.877506] (-) TimerEvent: {}
[445.978236] (-) TimerEvent: {}
[446.078955] (-) TimerEvent: {}
[446.179754] (-) TimerEvent: {}
[446.280467] (-) TimerEvent: {}
[446.381243] (-) TimerEvent: {}
[446.481981] (-) TimerEvent: {}
[446.582680] (-) TimerEvent: {}
[446.683345] (-) TimerEvent: {}
[446.784003] (-) TimerEvent: {}
[446.884701] (-) TimerEvent: {}
[446.985183] (-) TimerEvent: {}
[447.085664] (-) TimerEvent: {}
[447.186303] (-) TimerEvent: {}
[447.287078] (-) TimerEvent: {}
[447.387768] (-) TimerEvent: {}
[447.488473] (-) TimerEvent: {}
[447.589211] (-) TimerEvent: {}
[447.689909] (-) TimerEvent: {}
[447.790725] (-) TimerEvent: {}
[447.891433] (-) TimerEvent: {}
[447.992352] (-) TimerEvent: {}
[448.093196] (-) TimerEvent: {}
[448.193919] (-) TimerEvent: {}
[448.294603] (-) TimerEvent: {}
[448.395318] (-) TimerEvent: {}
[448.496014] (-) TimerEvent: {}
[448.596802] (-) TimerEvent: {}
[448.697527] (-) TimerEvent: {}
[448.798258] (-) TimerEvent: {}
[448.898952] (-) TimerEvent: {}
[448.999668] (-) TimerEvent: {}
[449.100407] (-) TimerEvent: {}
[449.201184] (-) TimerEvent: {}
[449.301971] (-) TimerEvent: {}
[449.402835] (-) TimerEvent: {}
[449.503812] (-) TimerEvent: {}
[449.604643] (-) TimerEvent: {}
[449.705416] (-) TimerEvent: {}
[449.806131] (-) TimerEvent: {}
[449.906834] (-) TimerEvent: {}
[450.007515] (-) TimerEvent: {}
[450.108206] (-) TimerEvent: {}
[450.209046] (-) TimerEvent: {}
[450.309844] (-) TimerEvent: {}
[450.410629] (-) TimerEvent: {}
[450.511603] (-) TimerEvent: {}
[450.612567] (-) TimerEvent: {}
[450.713318] (-) TimerEvent: {}
[450.814399] (-) TimerEvent: {}
[450.915085] (-) TimerEvent: {}
[451.015789] (-) TimerEvent: {}
[451.116502] (-) TimerEvent: {}
[451.217660] (-) TimerEvent: {}
[451.318354] (-) TimerEvent: {}
[451.419017] (-) TimerEvent: {}
[451.519837] (-) TimerEvent: {}
[451.620645] (-) TimerEvent: {}
[451.721228] (-) TimerEvent: {}
[451.821708] (-) TimerEvent: {}
[451.922190] (-) TimerEvent: {}
[452.022620] (-) TimerEvent: {}
[452.123256] (-) TimerEvent: {}
[452.223772] (-) TimerEvent: {}
[452.324450] (-) TimerEvent: {}
[452.425223] (-) TimerEvent: {}
[452.526621] (-) TimerEvent: {}
[452.627908] (-) TimerEvent: {}
[452.729154] (-) TimerEvent: {}
[452.830685] (-) TimerEvent: {}
[452.931926] (-) TimerEvent: {}
[453.033018] (-) TimerEvent: {}
[453.134597] (-) TimerEvent: {}
[453.236498] (-) TimerEvent: {}
[453.337241] (-) TimerEvent: {}
[453.437964] (-) TimerEvent: {}
[453.538668] (-) TimerEvent: {}
[453.640551] (-) TimerEvent: {}
[453.741470] (-) TimerEvent: {}
[453.842208] (-) TimerEvent: {}
[453.942920] (-) TimerEvent: {}
[454.043646] (-) TimerEvent: {}
[454.144551] (-) TimerEvent: {}
[454.245315] (-) TimerEvent: {}
[454.346081] (-) TimerEvent: {}
[454.446849] (-) TimerEvent: {}
[454.547678] (-) TimerEvent: {}
[454.648448] (-) TimerEvent: {}
[454.749159] (-) TimerEvent: {}
[454.849886] (-) TimerEvent: {}
[454.950663] (-) TimerEvent: {}
[455.051437] (-) TimerEvent: {}
[455.152198] (-) TimerEvent: {}
[455.253032] (-) TimerEvent: {}
[455.353831] (-) TimerEvent: {}
[455.454598] (-) TimerEvent: {}
[455.555349] (-) TimerEvent: {}
[455.656068] (-) TimerEvent: {}
[455.756905] (-) TimerEvent: {}
[455.857632] (-) TimerEvent: {}
[455.958430] (-) TimerEvent: {}
[456.059236] (-) TimerEvent: {}
[456.160022] (-) TimerEvent: {}
[456.260769] (-) TimerEvent: {}
[456.361540] (-) TimerEvent: {}
[456.462322] (-) TimerEvent: {}
[456.563612] (-) TimerEvent: {}
[456.664981] (-) TimerEvent: {}
[456.765712] (-) TimerEvent: {}
[456.866429] (-) TimerEvent: {}
[456.967201] (-) TimerEvent: {}
[457.068709] (-) TimerEvent: {}
[457.169396] (-) TimerEvent: {}
[457.270133] (-) TimerEvent: {}
[457.370914] (-) TimerEvent: {}
[457.471713] (-) TimerEvent: {}
[457.572542] (-) TimerEvent: {}
[457.673246] (-) TimerEvent: {}
[457.773968] (-) TimerEvent: {}
[457.874657] (-) TimerEvent: {}
[457.975365] (-) TimerEvent: {}
[458.076096] (-) TimerEvent: {}
[458.324624] (-) TimerEvent: {}
[458.425329] (-) TimerEvent: {}
[458.526058] (-) TimerEvent: {}
[458.627051] (-) TimerEvent: {}
[458.727922] (-) TimerEvent: {}
[458.828658] (-) TimerEvent: {}
[458.929387] (-) TimerEvent: {}
[459.030159] (-) TimerEvent: {}
[459.130951] (-) TimerEvent: {}
[459.231669] (-) TimerEvent: {}
[459.332391] (-) TimerEvent: {}
[459.433104] (-) TimerEvent: {}
[459.541526] (-) TimerEvent: {}
[459.642623] (-) TimerEvent: {}
[459.743786] (-) TimerEvent: {}
[459.844942] (-) TimerEvent: {}
[459.946115] (-) TimerEvent: {}
[460.047270] (-) TimerEvent: {}
[460.148458] (-) TimerEvent: {}
[460.249133] (-) TimerEvent: {}
[460.349881] (-) TimerEvent: {}
[460.450747] (-) TimerEvent: {}
[460.552412] (-) TimerEvent: {}
[460.653407] (-) TimerEvent: {}
[460.754281] (-) TimerEvent: {}
[460.855151] (-) TimerEvent: {}
[460.956837] (-) TimerEvent: {}
[461.057874] (-) TimerEvent: {}
[461.158552] (-) TimerEvent: {}
[461.259356] (-) TimerEvent: {}
[461.360279] (-) TimerEvent: {}
[461.461291] (-) TimerEvent: {}
[461.561995] (-) TimerEvent: {}
[461.662713] (-) TimerEvent: {}
[461.763410] (-) TimerEvent: {}
[461.864479] (-) TimerEvent: {}
[461.965177] (-) TimerEvent: {}
[462.065866] (-) TimerEvent: {}
[462.166582] (-) TimerEvent: {}
[462.267290] (-) TimerEvent: {}
[462.368069] (-) TimerEvent: {}
[462.468846] (-) TimerEvent: {}
[462.569618] (-) TimerEvent: {}
[462.670312] (-) TimerEvent: {}
[462.771065] (-) TimerEvent: {}
[462.871759] (-) TimerEvent: {}
[462.972167] (-) TimerEvent: {}
[463.072572] (-) TimerEvent: {}
[463.172915] (-) TimerEvent: {}
[463.273280] (-) TimerEvent: {}
[463.373815] (-) TimerEvent: {}
[463.474517] (-) TimerEvent: {}
[463.575227] (-) TimerEvent: {}
[463.675975] (-) TimerEvent: {}
[463.776756] (-) TimerEvent: {}
[463.884540] (-) TimerEvent: {}
[463.985588] (-) TimerEvent: {}
[464.086310] (-) TimerEvent: {}
[464.187019] (-) TimerEvent: {}
[464.287742] (-) TimerEvent: {}
[464.389575] (-) TimerEvent: {}
[464.492817] (-) TimerEvent: {}
[464.593505] (-) TimerEvent: {}
[464.694232] (-) TimerEvent: {}
[464.794949] (-) TimerEvent: {}
[464.895718] (-) TimerEvent: {}
[464.996495] (-) TimerEvent: {}
[465.097338] (-) TimerEvent: {}
[465.198094] (-) TimerEvent: {}
[465.298760] (-) TimerEvent: {}
[465.399690] (-) TimerEvent: {}
[465.500689] (-) TimerEvent: {}
[465.601472] (-) TimerEvent: {}
[465.702692] (-) TimerEvent: {}
[465.803739] (-) TimerEvent: {}
[465.904794] (-) TimerEvent: {}
[466.005898] (-) TimerEvent: {}
[466.107070] (-) TimerEvent: {}
[466.207820] (-) TimerEvent: {}
[466.308583] (-) TimerEvent: {}
[466.409422] (-) TimerEvent: {}
[466.510638] (-) TimerEvent: {}
[466.611762] (-) TimerEvent: {}
[466.712908] (-) TimerEvent: {}
[466.813674] (-) TimerEvent: {}
[466.914490] (-) TimerEvent: {}
[467.015263] (-) TimerEvent: {}
[467.115798] (-) TimerEvent: {}
[467.216284] (-) TimerEvent: {}
[467.316826] (-) TimerEvent: {}
[467.417329] (-) TimerEvent: {}
[467.518061] (-) TimerEvent: {}
[467.619348] (-) TimerEvent: {}
[467.720648] (-) TimerEvent: {}
[467.822057] (-) TimerEvent: {}
[467.923778] (-) TimerEvent: {}
[468.024975] (-) TimerEvent: {}
[468.125729] (-) TimerEvent: {}
[468.226645] (-) TimerEvent: {}
[468.327337] (-) TimerEvent: {}
[468.428070] (-) TimerEvent: {}
[468.529044] (-) TimerEvent: {}
[468.629825] (-) TimerEvent: {}
[468.730498] (-) TimerEvent: {}
[468.830981] (-) TimerEvent: {}
[468.931356] (-) TimerEvent: {}
[469.031755] (-) TimerEvent: {}
[469.132199] (-) TimerEvent: {}
[469.232599] (-) TimerEvent: {}
[469.332996] (-) TimerEvent: {}
[469.433504] (-) TimerEvent: {}
[469.534272] (-) TimerEvent: {}
[469.634944] (-) TimerEvent: {}
[469.735703] (-) TimerEvent: {}
[469.836424] (-) TimerEvent: {}
[469.937137] (-) TimerEvent: {}
[470.037883] (-) TimerEvent: {}
[470.138693] (-) TimerEvent: {}
[470.239428] (-) TimerEvent: {}
[470.340152] (-) TimerEvent: {}
[470.440879] (-) TimerEvent: {}
[470.541610] (-) TimerEvent: {}
[470.642328] (-) TimerEvent: {}
[470.743025] (-) TimerEvent: {}
[470.843762] (-) TimerEvent: {}
[470.944472] (-) TimerEvent: {}
[471.045183] (-) TimerEvent: {}
[471.145883] (-) TimerEvent: {}
[471.246900] (-) TimerEvent: {}
[471.347597] (-) TimerEvent: {}
[471.448284] (-) TimerEvent: {}
[471.549029] (-) TimerEvent: {}
[471.649701] (-) TimerEvent: {}
[471.750299] (-) TimerEvent: {}
[471.850742] (-) TimerEvent: {}
[471.951100] (-) TimerEvent: {}
[472.051514] (-) TimerEvent: {}
[472.151999] (-) TimerEvent: {}
[472.252363] (-) TimerEvent: {}
[472.352720] (-) TimerEvent: {}
[472.453163] (-) TimerEvent: {}
[472.553872] (-) TimerEvent: {}
[472.654574] (-) TimerEvent: {}
[472.755356] (-) TimerEvent: {}
[472.856063] (-) TimerEvent: {}
[472.957007] (-) TimerEvent: {}
[473.057770] (-) TimerEvent: {}
[473.158498] (-) TimerEvent: {}
[473.259310] (-) TimerEvent: {}
[473.360066] (-) TimerEvent: {}
[473.460815] (-) TimerEvent: {}
[473.561566] (-) TimerEvent: {}
[473.662272] (-) TimerEvent: {}
[473.762950] (-) TimerEvent: {}
[473.863755] (-) TimerEvent: {}
[473.964406] (-) TimerEvent: {}
[474.064876] (-) TimerEvent: {}
[474.165368] (-) TimerEvent: {}
[474.265758] (-) TimerEvent: {}
[474.366167] (-) TimerEvent: {}
[474.466647] (-) TimerEvent: {}
[474.567468] (-) TimerEvent: {}
[474.668584] (-) TimerEvent: {}
[474.769281] (-) TimerEvent: {}
[474.870006] (-) TimerEvent: {}
[474.970783] (-) TimerEvent: {}
[475.071709] (-) TimerEvent: {}
[475.172467] (-) TimerEvent: {}
[475.273218] (-) TimerEvent: {}
[475.373934] (-) TimerEvent: {}
[475.475131] (-) TimerEvent: {}
[475.575867] (-) TimerEvent: {}
[475.676608] (-) TimerEvent: {}
[475.777042] (-) TimerEvent: {}
[475.877507] (-) TimerEvent: {}
[475.978105] (-) TimerEvent: {}
[476.078499] (-) TimerEvent: {}
[476.178859] (-) TimerEvent: {}
[476.279236] (-) TimerEvent: {}
[476.379615] (-) TimerEvent: {}
[476.480070] (-) TimerEvent: {}
[476.580707] (-) TimerEvent: {}
[476.681248] (-) TimerEvent: {}
[476.781977] (-) TimerEvent: {}
[476.882755] (-) TimerEvent: {}
[476.983526] (-) TimerEvent: {}
[477.084263] (-) TimerEvent: {}
[477.185008] (-) TimerEvent: {}
[477.285768] (-) TimerEvent: {}
[477.386518] (-) TimerEvent: {}
[477.487299] (-) TimerEvent: {}
[477.587989] (-) TimerEvent: {}
[477.688754] (-) TimerEvent: {}
[477.789608] (-) TimerEvent: {}
[477.890408] (-) TimerEvent: {}
[477.991232] (-) TimerEvent: {}
[478.092109] (-) TimerEvent: {}
[478.192907] (-) TimerEvent: {}
[478.293829] (-) TimerEvent: {}
[478.394620] (-) TimerEvent: {}
[478.495655] (-) TimerEvent: {}
[478.596462] (-) TimerEvent: {}
[478.697176] (-) TimerEvent: {}
[478.797919] (-) TimerEvent: {}
[478.898643] (-) TimerEvent: {}
[478.999902] (-) TimerEvent: {}
[479.100656] (-) TimerEvent: {}
[479.201337] (-) TimerEvent: {}
[479.302056] (-) TimerEvent: {}
[479.403362] (-) TimerEvent: {}
[479.504096] (-) TimerEvent: {}
[479.604938] (-) TimerEvent: {}
[479.705639] (-) TimerEvent: {}
[479.806326] (-) TimerEvent: {}
[479.906979] (-) TimerEvent: {}
[480.007710] (-) TimerEvent: {}
[480.108576] (-) TimerEvent: {}
[480.209592] (-) TimerEvent: {}
[480.310370] (-) TimerEvent: {}
[480.411013] (-) TimerEvent: {}
[480.511725] (-) TimerEvent: {}
[480.612504] (-) TimerEvent: {}
[480.713241] (-) TimerEvent: {}
[480.814024] (-) TimerEvent: {}
[480.915121] (-) TimerEvent: {}
[481.016198] (-) TimerEvent: {}
[481.116901] (-) TimerEvent: {}
[481.217674] (-) TimerEvent: {}
[481.318383] (-) TimerEvent: {}
[481.419089] (-) TimerEvent: {}
[481.520075] (-) TimerEvent: {}
[481.621109] (-) TimerEvent: {}
[481.721726] (-) TimerEvent: {}
[481.822249] (-) TimerEvent: {}
[481.922682] (-) TimerEvent: {}
[482.023213] (-) TimerEvent: {}
[482.123917] (-) TimerEvent: {}
[482.224382] (-) TimerEvent: {}
[482.324798] (-) TimerEvent: {}
[482.425206] (-) TimerEvent: {}
[482.525708] (-) TimerEvent: {}
[482.626784] (-) TimerEvent: {}
[482.727547] (-) TimerEvent: {}
[482.828578] (-) TimerEvent: {}
[482.929811] (-) TimerEvent: {}
[483.030912] (-) TimerEvent: {}
[483.132021] (-) TimerEvent: {}
[483.233012] (-) TimerEvent: {}
[483.333827] (-) TimerEvent: {}
[483.434563] (-) TimerEvent: {}
[483.535288] (-) TimerEvent: {}
[483.635961] (-) TimerEvent: {}
[483.736709] (-) TimerEvent: {}
[483.837540] (-) TimerEvent: {}
[483.938227] (-) TimerEvent: {}
[484.038938] (-) TimerEvent: {}
[484.139847] (-) TimerEvent: {}
[484.240541] (-) TimerEvent: {}
[484.341240] (-) TimerEvent: {}
[484.441925] (-) TimerEvent: {}
[484.542613] (-) TimerEvent: {}
[484.643313] (-) TimerEvent: {}
[484.744124] (-) TimerEvent: {}
[484.844916] (-) TimerEvent: {}
[484.945595] (-) TimerEvent: {}
[485.046171] (-) TimerEvent: {}
[485.146600] (-) TimerEvent: {}
[485.247393] (-) TimerEvent: {}
[485.348146] (-) TimerEvent: {}
[485.448690] (-) TimerEvent: {}
[485.549229] (-) TimerEvent: {}
[485.649922] (-) TimerEvent: {}
[485.750615] (-) TimerEvent: {}
[485.851291] (-) TimerEvent: {}
[485.951964] (-) TimerEvent: {}
[486.052643] (-) TimerEvent: {}
[486.153329] (-) TimerEvent: {}
[486.254014] (-) TimerEvent: {}
[486.354666] (-) TimerEvent: {}
[486.455321] (-) TimerEvent: {}
[486.556009] (-) TimerEvent: {}
[486.656735] (-) TimerEvent: {}
[486.757473] (-) TimerEvent: {}
[486.858175] (-) TimerEvent: {}
[486.958901] (-) TimerEvent: {}
[487.059627] (-) TimerEvent: {}
[487.160391] (-) TimerEvent: {}
[487.261112] (-) TimerEvent: {}
[487.361794] (-) TimerEvent: {}
[487.462445] (-) TimerEvent: {}
[487.523846] (grab_demo) StdoutLine: {'line': b'[ 72%] \x1b[32m\x1b[1mLinking CXX executable start_grab\x1b[0m\n'}
[487.562639] (-) TimerEvent: {}
[487.663349] (-) TimerEvent: {}
[487.764365] (-) TimerEvent: {}
[487.865203] (-) TimerEvent: {}
[487.965948] (-) TimerEvent: {}
[488.066657] (-) TimerEvent: {}
[488.167370] (-) TimerEvent: {}
[488.268040] (-) TimerEvent: {}
[488.368771] (-) TimerEvent: {}
[488.469453] (-) TimerEvent: {}
[488.570161] (-) TimerEvent: {}
[488.608658] (grab_demo) StdoutLine: {'line': b'[ 72%] Built target start_grab\n'}
[488.670349] (-) TimerEvent: {}
[488.771046] (-) TimerEvent: {}
[488.871737] (-) TimerEvent: {}
[488.972423] (-) TimerEvent: {}
[489.073058] (-) TimerEvent: {}
[489.173719] (-) TimerEvent: {}
[489.274434] (-) TimerEvent: {}
[489.375205] (-) TimerEvent: {}
[489.475944] (-) TimerEvent: {}
[489.576722] (-) TimerEvent: {}
[489.677494] (-) TimerEvent: {}
[489.778198] (-) TimerEvent: {}
[489.878885] (-) TimerEvent: {}
[489.979556] (-) TimerEvent: {}
[490.080242] (-) TimerEvent: {}
[490.180945] (-) TimerEvent: {}
[490.281693] (-) TimerEvent: {}
[490.382573] (-) TimerEvent: {}
[490.483322] (-) TimerEvent: {}
[490.584208] (-) TimerEvent: {}
[490.684935] (-) TimerEvent: {}
[490.759585] (grab_demo) StdoutLine: {'line': b'[ 74%] \x1b[32m\x1b[1mLinking CXX executable grab_service_node\x1b[0m\n'}
[490.785097] (-) TimerEvent: {}
[490.885828] (-) TimerEvent: {}
[490.986705] (-) TimerEvent: {}
[491.087435] (-) TimerEvent: {}
[491.188168] (-) TimerEvent: {}
[491.289505] (-) TimerEvent: {}
[491.390208] (-) TimerEvent: {}
[491.490917] (-) TimerEvent: {}
[491.591611] (-) TimerEvent: {}
[491.692344] (-) TimerEvent: {}
[491.793046] (-) TimerEvent: {}
[491.893772] (-) TimerEvent: {}
[491.896116] (grab_demo) StdoutLine: {'line': b'[ 74%] Built target grab_service_node\n'}
[491.993960] (-) TimerEvent: {}
[492.094660] (-) TimerEvent: {}
[492.195331] (-) TimerEvent: {}
[492.295984] (-) TimerEvent: {}
[492.396674] (-) TimerEvent: {}
[492.497360] (-) TimerEvent: {}
[492.598039] (-) TimerEvent: {}
[492.698707] (-) TimerEvent: {}
[492.799367] (-) TimerEvent: {}
[492.900053] (-) TimerEvent: {}
[493.000728] (-) TimerEvent: {}
[493.101416] (-) TimerEvent: {}
[493.202370] (-) TimerEvent: {}
[493.303056] (-) TimerEvent: {}
[493.403771] (-) TimerEvent: {}
[493.504467] (-) TimerEvent: {}
[493.605180] (-) TimerEvent: {}
[493.705878] (-) TimerEvent: {}
[493.806564] (-) TimerEvent: {}
[493.907245] (-) TimerEvent: {}
[494.007925] (-) TimerEvent: {}
[494.108637] (-) TimerEvent: {}
[494.209317] (-) TimerEvent: {}
[494.309985] (-) TimerEvent: {}
[494.410672] (-) TimerEvent: {}
[494.511358] (-) TimerEvent: {}
[494.612051] (-) TimerEvent: {}
[494.712842] (-) TimerEvent: {}
[494.813695] (-) TimerEvent: {}
[494.914476] (-) TimerEvent: {}
[495.015210] (-) TimerEvent: {}
[495.115956] (-) TimerEvent: {}
[495.216812] (-) TimerEvent: {}
[495.317611] (-) TimerEvent: {}
[495.418388] (-) TimerEvent: {}
[495.519323] (-) TimerEvent: {}
[495.620008] (-) TimerEvent: {}
[495.720736] (-) TimerEvent: {}
[495.821398] (-) TimerEvent: {}
[495.922192] (-) TimerEvent: {}
[496.023011] (-) TimerEvent: {}
[496.123840] (-) TimerEvent: {}
[496.224644] (-) TimerEvent: {}
[496.325476] (-) TimerEvent: {}
[496.426260] (-) TimerEvent: {}
[496.527121] (-) TimerEvent: {}
[496.627951] (-) TimerEvent: {}
[496.728818] (-) TimerEvent: {}
[496.829648] (-) TimerEvent: {}
[496.930462] (-) TimerEvent: {}
[497.031275] (-) TimerEvent: {}
[497.132031] (-) TimerEvent: {}
[497.232804] (-) TimerEvent: {}
[497.333465] (-) TimerEvent: {}
[497.434151] (-) TimerEvent: {}
[497.534844] (-) TimerEvent: {}
[497.635507] (-) TimerEvent: {}
[497.736255] (-) TimerEvent: {}
[497.837033] (-) TimerEvent: {}
[497.937784] (-) TimerEvent: {}
[498.038525] (-) TimerEvent: {}
[498.139328] (-) TimerEvent: {}
[498.240070] (-) TimerEvent: {}
[498.340842] (-) TimerEvent: {}
[498.441590] (-) TimerEvent: {}
[498.542440] (-) TimerEvent: {}
[498.643247] (-) TimerEvent: {}
[498.744102] (-) TimerEvent: {}
[498.844953] (-) TimerEvent: {}
[498.945798] (-) TimerEvent: {}
[499.046629] (-) TimerEvent: {}
[499.147465] (-) TimerEvent: {}
[499.248367] (-) TimerEvent: {}
[499.349221] (-) TimerEvent: {}
[499.450054] (-) TimerEvent: {}
[499.550885] (-) TimerEvent: {}
[499.651741] (-) TimerEvent: {}
[499.752634] (-) TimerEvent: {}
[499.853351] (-) TimerEvent: {}
[499.954032] (-) TimerEvent: {}
[500.054689] (-) TimerEvent: {}
[500.155450] (-) TimerEvent: {}
[500.256289] (-) TimerEvent: {}
[500.357140] (-) TimerEvent: {}
[500.457974] (-) TimerEvent: {}
[500.558818] (-) TimerEvent: {}
[500.659625] (-) TimerEvent: {}
[500.760478] (-) TimerEvent: {}
[500.861288] (-) TimerEvent: {}
[500.962085] (-) TimerEvent: {}
[501.062931] (-) TimerEvent: {}
[501.163776] (-) TimerEvent: {}
[501.264647] (-) TimerEvent: {}
[501.365484] (-) TimerEvent: {}
[501.466323] (-) TimerEvent: {}
[501.567171] (-) TimerEvent: {}
[501.667951] (-) TimerEvent: {}
[501.768809] (-) TimerEvent: {}
[501.869626] (-) TimerEvent: {}
[501.970319] (-) TimerEvent: {}
[502.070999] (-) TimerEvent: {}
[502.171740] (-) TimerEvent: {}
[502.272607] (-) TimerEvent: {}
[502.373448] (-) TimerEvent: {}
[502.474291] (-) TimerEvent: {}
[502.575120] (-) TimerEvent: {}
[502.675931] (-) TimerEvent: {}
[502.776778] (-) TimerEvent: {}
[502.877622] (-) TimerEvent: {}
[502.978466] (-) TimerEvent: {}
[503.079317] (-) TimerEvent: {}
[503.180142] (-) TimerEvent: {}
[503.280985] (-) TimerEvent: {}
[503.381821] (-) TimerEvent: {}
[503.482639] (-) TimerEvent: {}
[503.583478] (-) TimerEvent: {}
[503.684853] (-) TimerEvent: {}
[503.786015] (-) TimerEvent: {}
[503.886782] (-) TimerEvent: {}
[503.987476] (-) TimerEvent: {}
[504.088151] (-) TimerEvent: {}
[504.188978] (-) TimerEvent: {}
[504.289816] (-) TimerEvent: {}
[504.390635] (-) TimerEvent: {}
[504.491409] (-) TimerEvent: {}
[504.592239] (-) TimerEvent: {}
[504.693140] (-) TimerEvent: {}
[504.793973] (-) TimerEvent: {}
[504.894810] (-) TimerEvent: {}
[504.995652] (-) TimerEvent: {}
[505.096596] (-) TimerEvent: {}
[505.197549] (-) TimerEvent: {}
[505.298333] (-) TimerEvent: {}
[505.399077] (-) TimerEvent: {}
[505.499804] (-) TimerEvent: {}
[505.600524] (-) TimerEvent: {}
[505.701193] (-) TimerEvent: {}
[505.801855] (-) TimerEvent: {}
[505.902724] (-) TimerEvent: {}
[506.003457] (-) TimerEvent: {}
[506.104104] (-) TimerEvent: {}
[506.204787] (-) TimerEvent: {}
[506.305598] (-) TimerEvent: {}
[506.406481] (-) TimerEvent: {}
[506.507308] (-) TimerEvent: {}
[506.608116] (-) TimerEvent: {}
[506.708904] (-) TimerEvent: {}
[506.809699] (-) TimerEvent: {}
[506.910535] (-) TimerEvent: {}
[507.011350] (-) TimerEvent: {}
[507.112028] (-) TimerEvent: {}
[507.212724] (-) TimerEvent: {}
[507.313674] (-) TimerEvent: {}
[507.414344] (-) TimerEvent: {}
[507.515425] (-) TimerEvent: {}
[507.616414] (-) TimerEvent: {}
[507.717279] (-) TimerEvent: {}
[507.818105] (-) TimerEvent: {}
[507.918943] (-) TimerEvent: {}
[508.019916] (-) TimerEvent: {}
[508.120626] (-) TimerEvent: {}
[508.221283] (-) TimerEvent: {}
[508.322251] (-) TimerEvent: {}
[508.423231] (-) TimerEvent: {}
[508.524118] (-) TimerEvent: {}
[508.625038] (-) TimerEvent: {}
[508.725808] (-) TimerEvent: {}
[508.826609] (-) TimerEvent: {}
[508.927449] (-) TimerEvent: {}
[509.028259] (-) TimerEvent: {}
[509.129251] (-) TimerEvent: {}
[509.229912] (-) TimerEvent: {}
[509.330611] (-) TimerEvent: {}
[509.431611] (-) TimerEvent: {}
[509.532598] (-) TimerEvent: {}
[509.633436] (-) TimerEvent: {}
[509.734203] (-) TimerEvent: {}
[509.835045] (-) TimerEvent: {}
[509.935876] (-) TimerEvent: {}
[510.036774] (-) TimerEvent: {}
[510.137494] (-) TimerEvent: {}
[510.238187] (-) TimerEvent: {}
[510.339267] (-) TimerEvent: {}
[510.440216] (-) TimerEvent: {}
[510.541109] (-) TimerEvent: {}
[510.641945] (-) TimerEvent: {}
[510.742790] (-) TimerEvent: {}
[510.843619] (-) TimerEvent: {}
[510.944489] (-) TimerEvent: {}
[511.045306] (-) TimerEvent: {}
[511.145985] (-) TimerEvent: {}
[511.246640] (-) TimerEvent: {}
[511.347303] (-) TimerEvent: {}
[511.448187] (-) TimerEvent: {}
[511.549047] (-) TimerEvent: {}
[511.649867] (-) TimerEvent: {}
[511.750695] (-) TimerEvent: {}
[511.851482] (-) TimerEvent: {}
[511.952347] (-) TimerEvent: {}
[512.053155] (-) TimerEvent: {}
[512.153853] (-) TimerEvent: {}
[512.254547] (-) TimerEvent: {}
[512.355299] (-) TimerEvent: {}
[512.456169] (-) TimerEvent: {}
[512.557007] (-) TimerEvent: {}
[512.657814] (-) TimerEvent: {}
[512.758668] (-) TimerEvent: {}
[512.859500] (-) TimerEvent: {}
[512.960365] (-) TimerEvent: {}
[513.061202] (-) TimerEvent: {}
[513.162057] (-) TimerEvent: {}
[513.263118] (-) TimerEvent: {}
[513.363906] (-) TimerEvent: {}
[513.464710] (-) TimerEvent: {}
[513.565451] (-) TimerEvent: {}
[513.666160] (-) TimerEvent: {}
[513.766891] (-) TimerEvent: {}
[513.867599] (-) TimerEvent: {}
[513.968334] (-) TimerEvent: {}
[514.069015] (-) TimerEvent: {}
[514.169777] (-) TimerEvent: {}
[514.270479] (-) TimerEvent: {}
[514.371169] (-) TimerEvent: {}
[514.471837] (-) TimerEvent: {}
[514.572661] (-) TimerEvent: {}
[514.673455] (-) TimerEvent: {}
[514.774247] (-) TimerEvent: {}
[514.875054] (-) TimerEvent: {}
[514.975894] (-) TimerEvent: {}
[515.076592] (-) TimerEvent: {}
[515.177276] (-) TimerEvent: {}
[515.277955] (-) TimerEvent: {}
[515.378837] (-) TimerEvent: {}
[515.479668] (-) TimerEvent: {}
[515.580500] (-) TimerEvent: {}
[515.681381] (-) TimerEvent: {}
[515.782206] (-) TimerEvent: {}
[515.883054] (-) TimerEvent: {}
[515.983882] (-) TimerEvent: {}
[516.084778] (-) TimerEvent: {}
[516.185598] (-) TimerEvent: {}
[516.241074] (grab_demo) StdoutLine: {'line': b'[ 76%] \x1b[32m\x1b[1mLinking CXX executable hand_eye\x1b[0m\n'}
[516.285826] (-) TimerEvent: {}
[516.386682] (-) TimerEvent: {}
[516.487499] (-) TimerEvent: {}
[516.588245] (-) TimerEvent: {}
[516.688997] (-) TimerEvent: {}
[516.789723] (-) TimerEvent: {}
[516.890468] (-) TimerEvent: {}
[516.991310] (-) TimerEvent: {}
[517.092162] (-) TimerEvent: {}
[517.193228] (-) TimerEvent: {}
[517.293978] (-) TimerEvent: {}
[517.394776] (-) TimerEvent: {}
[517.495573] (-) TimerEvent: {}
[517.596352] (-) TimerEvent: {}
[517.697121] (-) TimerEvent: {}
[517.797776] (-) TimerEvent: {}
[517.898408] (-) TimerEvent: {}
[517.999069] (-) TimerEvent: {}
[518.099738] (-) TimerEvent: {}
[518.200437] (-) TimerEvent: {}
[518.301124] (-) TimerEvent: {}
[518.401847] (-) TimerEvent: {}
[518.502512] (-) TimerEvent: {}
[518.603222] (-) TimerEvent: {}
[518.703901] (-) TimerEvent: {}
[518.774770] (grab_demo) StdoutLine: {'line': b'[ 76%] Built target hand_eye\n'}
[518.804085] (-) TimerEvent: {}
[518.812065] (grab_demo) StdoutLine: {'line': b'\x1b[35m\x1b[1mConsolidate compiler generated dependencies of target nav_grab\x1b[0m\n'}
[518.836190] (grab_demo) StdoutLine: {'line': b'[ 76%] Built target grab_demo\n'}
[518.901954] (grab_demo) StdoutLine: {'line': b'[ 78%] Built target grab_demo__py\n'}
[518.904405] (-) TimerEvent: {}
[518.924384] (grab_demo) StdoutLine: {'line': b'[ 80%] \x1b[32mBuilding CXX object CMakeFiles/nav_grab.dir/src/nav_grab.cpp.o\x1b[0m\n'}
[518.927694] (grab_demo) StdoutLine: {'line': b'\x1b[35m\x1b[1mConsolidate compiler generated dependencies of target grab_demo__rosidl_generator_py\x1b[0m\n'}
[518.961775] (grab_demo) StdoutLine: {'line': b'[ 82%] \x1b[32m\x1b[1mLinking C shared library rosidl_generator_py/grab_demo/libgrab_demo__rosidl_generator_py.so\x1b[0m\n'}
[519.004692] (-) TimerEvent: {}
[519.055101] (grab_demo) StdoutLine: {'line': b'[ 85%] Built target grab_demo__rosidl_generator_py\n'}
[519.081411] (grab_demo) StdoutLine: {'line': b'\x1b[35m\x1b[1mConsolidate compiler generated dependencies of target grab_demo__rosidl_typesupport_fastrtps_c__pyext\x1b[0m\n'}
[519.092425] (grab_demo) StdoutLine: {'line': b'\x1b[35m\x1b[1mConsolidate compiler generated dependencies of target grab_demo__rosidl_typesupport_introspection_c__pyext\x1b[0m\n'}
[519.093480] (grab_demo) StdoutLine: {'line': b'\x1b[35m\x1b[1mConsolidate compiler generated dependencies of target grab_demo__rosidl_typesupport_c__pyext\x1b[0m\n'}
[519.104807] (-) TimerEvent: {}
[519.129876] (grab_demo) StdoutLine: {'line': b'[ 87%] \x1b[32m\x1b[1mLinking C shared library rosidl_generator_py/grab_demo/grab_demo_s__rosidl_typesupport_c.cpython-310-aarch64-linux-gnu.so\x1b[0m\n'}
[519.142126] (grab_demo) StdoutLine: {'line': b'[ 89%] \x1b[32m\x1b[1mLinking C shared library rosidl_generator_py/grab_demo/grab_demo_s__rosidl_typesupport_fastrtps_c.cpython-310-aarch64-linux-gnu.so\x1b[0m\n'}
[519.153596] (grab_demo) StdoutLine: {'line': b'[ 91%] \x1b[32m\x1b[1mLinking C shared library rosidl_generator_py/grab_demo/grab_demo_s__rosidl_typesupport_introspection_c.cpython-310-aarch64-linux-gnu.so\x1b[0m\n'}
[519.204997] (-) TimerEvent: {}
[519.225536] (grab_demo) StdoutLine: {'line': b'[ 93%] Built target grab_demo__rosidl_typesupport_c__pyext\n'}
[519.274975] (grab_demo) StdoutLine: {'line': b'[ 95%] Built target grab_demo__rosidl_typesupport_fastrtps_c__pyext\n'}
[519.287754] (grab_demo) StdoutLine: {'line': b'[ 97%] Built target grab_demo__rosidl_typesupport_introspection_c__pyext\n'}
[519.305196] (-) TimerEvent: {}
[519.406100] (-) TimerEvent: {}
[519.507160] (-) TimerEvent: {}
[519.608122] (-) TimerEvent: {}
[519.709077] (-) TimerEvent: {}
[519.810094] (-) TimerEvent: {}
[519.910806] (-) TimerEvent: {}
[520.011502] (-) TimerEvent: {}
[520.112219] (-) TimerEvent: {}
[520.212959] (-) TimerEvent: {}
[520.313709] (-) TimerEvent: {}
[520.414418] (-) TimerEvent: {}
[520.515149] (-) TimerEvent: {}
[520.615869] (-) TimerEvent: {}
[520.716602] (-) TimerEvent: {}
[520.817307] (-) TimerEvent: {}
[520.918020] (-) TimerEvent: {}
[521.018715] (-) TimerEvent: {}
[521.119423] (-) TimerEvent: {}
[521.220145] (-) TimerEvent: {}
[521.320912] (-) TimerEvent: {}
[521.421666] (-) TimerEvent: {}
[521.522377] (-) TimerEvent: {}
[521.623087] (-) TimerEvent: {}
[521.723794] (-) TimerEvent: {}
[521.824489] (-) TimerEvent: {}
[521.925193] (-) TimerEvent: {}
[522.025900] (-) TimerEvent: {}
[522.126672] (-) TimerEvent: {}
[522.227372] (-) TimerEvent: {}
[522.328104] (-) TimerEvent: {}
[522.428847] (-) TimerEvent: {}
[522.529780] (-) TimerEvent: {}
[522.630710] (-) TimerEvent: {}
[522.731647] (-) TimerEvent: {}
[522.832597] (-) TimerEvent: {}
[522.933799] (-) TimerEvent: {}
[523.034711] (-) TimerEvent: {}
[523.135889] (-) TimerEvent: {}
[523.236863] (-) TimerEvent: {}
[523.337802] (-) TimerEvent: {}
[523.438993] (-) TimerEvent: {}
[523.540245] (-) TimerEvent: {}
[523.641189] (-) TimerEvent: {}
[523.742100] (-) TimerEvent: {}
[523.843015] (-) TimerEvent: {}
[523.943948] (-) TimerEvent: {}
[524.044929] (-) TimerEvent: {}
[524.145854] (-) TimerEvent: {}
[524.246772] (-) TimerEvent: {}
[524.347670] (-) TimerEvent: {}
[524.448606] (-) TimerEvent: {}
[524.549548] (-) TimerEvent: {}
[524.650500] (-) TimerEvent: {}
[524.751415] (-) TimerEvent: {}
[524.852438] (-) TimerEvent: {}
[524.953142] (-) TimerEvent: {}
[525.053880] (-) TimerEvent: {}
[525.154604] (-) TimerEvent: {}
[525.255326] (-) TimerEvent: {}
[525.356041] (-) TimerEvent: {}
[525.456852] (-) TimerEvent: {}
[525.557585] (-) TimerEvent: {}
[525.658386] (-) TimerEvent: {}
[525.759097] (-) TimerEvent: {}
[525.859828] (-) TimerEvent: {}
[525.960591] (-) TimerEvent: {}
[526.061328] (-) TimerEvent: {}
[526.142295] (grab_demo) StderrLine: {'line': b'\x1b[01m\x1b[K/home/dxf/wheeltec_lebai_humble_2024_7_17/src/grab_demo/src/nav_grab.cpp:\x1b[m\x1b[K In member function \xe2\x80\x98\x1b[01m\x1b[Kvoid Nav_grab::feedback_callback(rclcpp_action::ClientGoalHandle<nav2_msgs::action::NavigateToPose>::SharedPtr, std::shared_ptr<const nav2_msgs::action::NavigateToPose_Feedback_<std::allocator<void> > >)\x1b[m\x1b[K\xe2\x80\x99:\n'}
[526.144054] (grab_demo) StderrLine: {'line': b'\x1b[01m\x1b[K/home/dxf/wheeltec_lebai_humble_2024_7_17/src/grab_demo/src/nav_grab.cpp:75:107:\x1b[m\x1b[K \x1b[01;35m\x1b[Kwarning: \x1b[m\x1b[Kunused parameter \xe2\x80\x98\x1b[01m\x1b[Kfeedback\x1b[m\x1b[K\xe2\x80\x99 [\x1b[01;35m\x1b[K\x1b]8;;https://gcc.gnu.org/onlinedocs/gcc/Warning-Options.html#index-Wunused-parameter\x07-Wunused-parameter\x1b]8;;\x07\x1b[m\x1b[K]\n'}
[526.144284] (grab_demo) StderrLine: {'line': b'   75 |     void feedback_callback(ClientGoalHandle::SharedPtr,\x1b[01;35m\x1b[Kconst std::shared_ptr<const Nav2_client::Feedback> feedback\x1b[m\x1b[K)\n'}
[526.144504] (grab_demo) StderrLine: {'line': b'      |                                                        \x1b[01;35m\x1b[K~~~~~~~~~~~~~~~~~~~~~~~~~~~~~~~~~~~~~~~~~~~~~~~~~~~^~~~~~~~\x1b[m\x1b[K\n'}
[526.161435] (-) TimerEvent: {}
[526.262065] (-) TimerEvent: {}
[526.362761] (-) TimerEvent: {}
[526.463476] (-) TimerEvent: {}
[526.564197] (-) TimerEvent: {}
[526.664944] (-) TimerEvent: {}
[526.765702] (-) TimerEvent: {}
[526.866479] (-) TimerEvent: {}
[526.967235] (-) TimerEvent: {}
[527.068050] (-) TimerEvent: {}
[527.168984] (-) TimerEvent: {}
[527.269706] (-) TimerEvent: {}
[527.370478] (-) TimerEvent: {}
[527.471194] (-) TimerEvent: {}
[527.571905] (-) TimerEvent: {}
[527.672649] (-) TimerEvent: {}
[527.773361] (-) TimerEvent: {}
[527.874063] (-) TimerEvent: {}
[527.974776] (-) TimerEvent: {}
[528.075488] (-) TimerEvent: {}
[528.176188] (-) TimerEvent: {}
[528.276887] (-) TimerEvent: {}
[528.377548] (-) TimerEvent: {}
[528.478191] (-) TimerEvent: {}
[528.578837] (-) TimerEvent: {}
[528.679511] (-) TimerEvent: {}
[528.780170] (-) TimerEvent: {}
[528.880907] (-) TimerEvent: {}
[528.981612] (-) TimerEvent: {}
[529.082301] (-) TimerEvent: {}
[529.183015] (-) TimerEvent: {}
[529.283690] (-) TimerEvent: {}
[529.385028] (-) TimerEvent: {}
[529.486552] (-) TimerEvent: {}
[529.587849] (-) TimerEvent: {}
[529.689123] (-) TimerEvent: {}
[529.790404] (-) TimerEvent: {}
[529.891629] (-) TimerEvent: {}
[529.992934] (-) TimerEvent: {}
[530.094144] (-) TimerEvent: {}
[530.195417] (-) TimerEvent: {}
[530.296967] (-) TimerEvent: {}
[530.398151] (-) TimerEvent: {}
[530.499039] (-) TimerEvent: {}
[530.599999] (-) TimerEvent: {}
[530.701229] (-) TimerEvent: {}
[530.802401] (-) TimerEvent: {}
[530.903323] (-) TimerEvent: {}
[531.004290] (-) TimerEvent: {}
[531.105485] (-) TimerEvent: {}
[531.206469] (-) TimerEvent: {}
[531.307339] (-) TimerEvent: {}
[531.408212] (-) TimerEvent: {}
[531.509141] (-) TimerEvent: {}
[531.610054] (-) TimerEvent: {}
[531.711224] (-) TimerEvent: {}
[531.812153] (-) TimerEvent: {}
[531.874202] (grab_demo) StdoutLine: {'line': b'[100%] \x1b[32m\x1b[1mLinking CXX executable nav_grab\x1b[0m\n'}
[531.912391] (-) TimerEvent: {}
[532.013200] (-) TimerEvent: {}
[532.114040] (-) TimerEvent: {}
[532.214874] (-) TimerEvent: {}
[532.315816] (-) TimerEvent: {}
[532.402515] (grab_demo) StdoutLine: {'line': b'[100%] Built target nav_grab\n'}
[532.416153] (-) TimerEvent: {}
[532.465482] (grab_demo) CommandEnded: {'returncode': 0}
[532.483948] (grab_demo) JobProgress: {'identifier': 'grab_demo', 'progress': 'install'}
[532.513979] (grab_demo) Command: {'cmd': ['/usr/bin/cmake', '--install', '/home/dxf/wheeltec_lebai_humble_2024_7_17/build/grab_demo'], 'cwd': '/home/dxf/wheeltec_lebai_humble_2024_7_17/build/grab_demo', 'env': OrderedDict([('PYTHON_BASIC_REPL', '1'), ('LESSOPEN', '| /usr/bin/lesspipe %s'), ('LANGUAGE', 'zh_CN:en_US:en'), ('USER', 'dxf'), ('SSH_CLIENT', '192.168.0.66 60207 22'), ('LC_TIME', 'zh_CN.UTF-8'), ('XDG_SESSION_TYPE', 'tty'), ('GIT_ASKPASS', '/home/dxf/.vscode-server/cli/servers/Stable-6f17636121051a53c88d3e605c491d22af2ba755/server/extensions/git/dist/askpass.sh'), ('SHLVL', '2'), ('LD_LIBRARY_PATH', '/home/dxf/wheeltec_lebai_humble_2024_7_17/install/lebai_interfaces/lib:/home/dxf/wheeltec_lebai_humble_2024_7_17/install/grab_demo/lib:/usr/local/opencv410/lib:/usr/local/lib:/usr/local/cuda-12.6/lib64:/usr/local/opencv410/lib:/usr/local/lib:/opt/ros/humble/opt/rviz_ogre_vendor/lib:/opt/ros/humble/lib/aarch64-linux-gnu:/opt/ros/humble/lib:/usr/local/cuda-12.6/lib64:'), ('BROWSER', '/home/dxf/.vscode-server/cli/servers/Stable-6f17636121051a53c88d3e605c491d22af2ba755/server/bin/helpers/browser.sh'), ('MOTD_SHOWN', 'pam'), ('HOME', '/home/dxf'), ('TERM_PROGRAM_VERSION', '1.103.2'), ('VSCODE_IPC_HOOK_CLI', '/run/user/1000/vscode-ipc-9f0f2894-ec5e-4f14-b246-c52c380fd7b2.sock'), ('ROS_PYTHON_VERSION', '3'), ('VSCODE_GIT_ASKPASS_MAIN', '/home/dxf/.vscode-server/cli/servers/Stable-6f17636121051a53c88d3e605c491d22af2ba755/server/extensions/git/dist/askpass-main.js'), ('LC_MONETARY', 'zh_CN.UTF-8'), ('VSCODE_GIT_ASKPASS_NODE', '/home/dxf/.vscode-server/cli/servers/Stable-6f17636121051a53c88d3e605c491d22af2ba755/server/node'), ('SSL_CERT_FILE', '/usr/lib/ssl/certs/ca-certificates.crt'), ('PYDEVD_DISABLE_FILE_VALIDATION', '1'), ('BUNDLED_DEBUGPY_PATH', '/home/dxf/.vscode-server/extensions/ms-python.debugpy-2025.14.1-linux-arm64/bundled/libs/debugpy'), ('DBUS_SESSION_BUS_ADDRESS', 'unix:path=/run/user/1000/bus'), ('COLORTERM', 'truecolor'), ('COLCON_PREFIX_PATH', '/home/dxf/wheeltec_lebai_humble_2024_7_17/install'), ('ROS_DISTRO', 'humble'), ('LOGNAME', 'dxf'), ('_', '/usr/bin/colcon'), ('ROS_VERSION', '2'), ('PKG_CONFIG_PATH', '/usr/local/opencv410/lib/pkgconfig:/usr/local/opencv410/lib/pkgconfig:'), ('XDG_SESSION_CLASS', 'user'), ('TERM', 'xterm-256color'), ('XDG_SESSION_ID', '29'), ('ROS_LOCALHOST_ONLY', '0'), ('PATH', '/usr/local/cuda-12.6/bin:/home/dxf/.vscode-server/cli/servers/Stable-6f17636121051a53c88d3e605c491d22af2ba755/server/bin/remote-cli:/opt/ros/humble/bin:/usr/local/cuda-12.6/bin:/usr/local/sbin:/usr/local/bin:/usr/sbin:/usr/bin:/sbin:/bin:/usr/games:/usr/local/games:/snap/bin:/home/dxf/.vscode-server/extensions/ms-python.debugpy-2025.14.1-linux-arm64/bundled/scripts/noConfigScripts'), ('PAPERSIZE', 'a4'), ('LC_ADDRESS', 'zh_CN.UTF-8'), ('XDG_RUNTIME_DIR', '/run/user/1000'), ('SSL_CERT_DIR', '/usr/lib/ssl/certs'), ('DISPLAY', 'localhost:10.0'), ('VSCODE_DEBUGPY_ADAPTER_ENDPOINTS', '/home/dxf/.vscode-server/extensions/ms-python.debugpy-2025.14.1-linux-arm64/.noConfigDebugAdapterEndpoints/endpoint-8b23ef7f21be4a2f.txt'), ('LANG', 'zh_CN.UTF-8'), ('PYTHONSTARTUP', '/home/dxf/.vscode-server/data/User/workspaceStorage/4ecfe97e1d690ce6b205eecd25d67bdf/ms-python.python/pythonrc.py'), ('LC_TELEPHONE', 'zh_CN.UTF-8'), ('LS_COLORS', 'rs=0:di=01;34:ln=01;36:mh=00:pi=40;33:so=01;35:do=01;35:bd=40;33;01:cd=40;33;01:or=40;31;01:mi=00:su=37;41:sg=30;43:ca=30;41:tw=30;42:ow=34;42:st=37;44:ex=01;32:*.tar=01;31:*.tgz=01;31:*.arc=01;31:*.arj=01;31:*.taz=01;31:*.lha=01;31:*.lz4=01;31:*.lzh=01;31:*.lzma=01;31:*.tlz=01;31:*.txz=01;31:*.tzo=01;31:*.t7z=01;31:*.zip=01;31:*.z=01;31:*.dz=01;31:*.gz=01;31:*.lrz=01;31:*.lz=01;31:*.lzo=01;31:*.xz=01;31:*.zst=01;31:*.tzst=01;31:*.bz2=01;31:*.bz=01;31:*.tbz=01;31:*.tbz2=01;31:*.tz=01;31:*.deb=01;31:*.rpm=01;31:*.jar=01;31:*.war=01;31:*.ear=01;31:*.sar=01;31:*.rar=01;31:*.alz=01;31:*.ace=01;31:*.zoo=01;31:*.cpio=01;31:*.7z=01;31:*.rz=01;31:*.cab=01;31:*.wim=01;31:*.swm=01;31:*.dwm=01;31:*.esd=01;31:*.jpg=01;35:*.jpeg=01;35:*.mjpg=01;35:*.mjpeg=01;35:*.gif=01;35:*.bmp=01;35:*.pbm=01;35:*.pgm=01;35:*.ppm=01;35:*.tga=01;35:*.xbm=01;35:*.xpm=01;35:*.tif=01;35:*.tiff=01;35:*.png=01;35:*.svg=01;35:*.svgz=01;35:*.mng=01;35:*.pcx=01;35:*.mov=01;35:*.mpg=01;35:*.mpeg=01;35:*.m2v=01;35:*.mkv=01;35:*.webm=01;35:*.webp=01;35:*.ogm=01;35:*.mp4=01;35:*.m4v=01;35:*.mp4v=01;35:*.vob=01;35:*.qt=01;35:*.nuv=01;35:*.wmv=01;35:*.asf=01;35:*.rm=01;35:*.rmvb=01;35:*.flc=01;35:*.avi=01;35:*.fli=01;35:*.flv=01;35:*.gl=01;35:*.dl=01;35:*.xcf=01;35:*.xwd=01;35:*.yuv=01;35:*.cgm=01;35:*.emf=01;35:*.ogv=01;35:*.ogx=01;35:*.aac=00;36:*.au=00;36:*.flac=00;36:*.m4a=00;36:*.mid=00;36:*.midi=00;36:*.mka=00;36:*.mp3=00;36:*.mpc=00;36:*.ogg=00;36:*.ra=00;36:*.wav=00;36:*.oga=00;36:*.opus=00;36:*.spx=00;36:*.xspf=00;36:'), ('VSCODE_GIT_IPC_HANDLE', '/run/user/1000/vscode-git-42a3dc7ec5.sock'), ('TERM_PROGRAM', 'vscode'), ('AMENT_PREFIX_PATH', '/home/dxf/wheeltec_lebai_humble_2024_7_17/install/lebai_tutorials:/home/dxf/wheeltec_lebai_humble_2024_7_17/install/lebai_resources:/home/dxf/wheeltec_lebai_humble_2024_7_17/install/lebai_lm3_moveit_config:/home/dxf/wheeltec_lebai_humble_2024_7_17/install/lebai_lm3_support:/home/dxf/wheeltec_lebai_humble_2024_7_17/install/lebai_interfaces:/home/dxf/wheeltec_lebai_humble_2024_7_17/install/lebai_driver:/home/dxf/wheeltec_lebai_humble_2024_7_17/install/grab_demo:/home/dxf/wheeltec_lebai_humble_2024_7_17/install/arm_demo:/opt/ros/humble'), ('SHELL', '/bin/bash'), ('LC_NAME', 'zh_CN.UTF-8'), ('LESSCLOSE', '/usr/bin/lesspipe %s %s'), ('LC_MEASUREMENT', 'zh_CN.UTF-8'), ('OpenCV_DIR', '/usr/local/opencv410/lib/cmake/opencv4'), ('LC_IDENTIFICATION', 'zh_CN.UTF-8'), ('VSCODE_GIT_ASKPASS_EXTRA_ARGS', ''), ('PWD', '/home/dxf/wheeltec_lebai_humble_2024_7_17/build/grab_demo'), ('SSH_CONNECTION', '192.168.0.66 60207 192.168.0.100 22'), ('XDG_DATA_DIRS', '/usr/share/gnome:/usr/local/share:/usr/share:/var/lib/snapd/desktop'), ('PYTHONPATH', '/home/dxf/wheeltec_lebai_humble_2024_7_17/install/lebai_interfaces/local/lib/python3.10/dist-packages:/home/dxf/wheeltec_lebai_humble_2024_7_17/install/lebai_driver/lib/python3.10/site-packages:/home/dxf/wheeltec_lebai_humble_2024_7_17/install/grab_demo/local/lib/python3.10/dist-packages:/opt/ros/humble/lib/python3.10/site-packages:/opt/ros/humble/local/lib/python3.10/dist-packages'), ('LC_NUMERIC', 'zh_CN.UTF-8'), ('LC_PAPER', 'zh_CN.UTF-8'), ('COLCON', '1'), ('CMAKE_PREFIX_PATH', '/home/dxf/wheeltec_lebai_humble_2024_7_17/install/lebai_tutorials:/home/dxf/wheeltec_lebai_humble_2024_7_17/install/lebai_resources:/home/dxf/wheeltec_lebai_humble_2024_7_17/install/lebai_lm3_moveit_config:/home/dxf/wheeltec_lebai_humble_2024_7_17/install/lebai_lm3_support:/home/dxf/wheeltec_lebai_humble_2024_7_17/install/lebai_interfaces:/home/dxf/wheeltec_lebai_humble_2024_7_17/install/grab_demo:/home/dxf/wheeltec_lebai_humble_2024_7_17/install/arm_demo:/usr/local/opencv410:/usr/local/opencv410::/home/dxf/wheeltec_lebai_humble_2024_7_17/install/lebai_driver:/opt/ros/humble')]), 'shell': False}
[532.523496] (-) TimerEvent: {}
[532.540750] (grab_demo) StdoutLine: {'line': b'-- Install configuration: "Debug"\n'}
[532.542653] (grab_demo) StdoutLine: {'line': b'-- Up-to-date: /home/dxf/wheeltec_lebai_humble_2024_7_17/install/grab_demo/share/ament_index/resource_index/rosidl_interfaces/grab_demo\n'}
[532.543132] (grab_demo) StdoutLine: {'line': b'-- Up-to-date: /home/dxf/wheeltec_lebai_humble_2024_7_17/install/grab_demo/include/grab_demo/grab_demo\n'}
[532.543658] (grab_demo) StdoutLine: {'line': b'-- Up-to-date: /home/dxf/wheeltec_lebai_humble_2024_7_17/install/grab_demo/include/grab_demo/grab_demo/msg\n'}
[532.544019] (grab_demo) StdoutLine: {'line': b'-- Up-to-date: /home/dxf/wheeltec_lebai_humble_2024_7_17/install/grab_demo/include/grab_demo/grab_demo/msg/rosidl_generator_c__visibility_control.h\n'}
[532.544412] (grab_demo) StdoutLine: {'line': b'-- Up-to-date: /home/dxf/wheeltec_lebai_humble_2024_7_17/install/grab_demo/include/grab_demo/grab_demo/srv\n'}
[532.544929] (grab_demo) StdoutLine: {'line': b'-- Up-to-date: /home/dxf/wheeltec_lebai_humble_2024_7_17/install/grab_demo/include/grab_demo/grab_demo/srv/grab_object.h\n'}
[532.545254] (grab_demo) StdoutLine: {'line': b'-- Up-to-date: /home/dxf/wheeltec_lebai_humble_2024_7_17/install/grab_demo/include/grab_demo/grab_demo/srv/detail\n'}
[532.545515] (grab_demo) StdoutLine: {'line': b'-- Up-to-date: /home/dxf/wheeltec_lebai_humble_2024_7_17/install/grab_demo/include/grab_demo/grab_demo/srv/detail/grab_object__struct.h\n'}
[532.545763] (grab_demo) StdoutLine: {'line': b'-- Up-to-date: /home/dxf/wheeltec_lebai_humble_2024_7_17/install/grab_demo/include/grab_demo/grab_demo/srv/detail/grab_object__type_support.h\n'}
[532.546145] (grab_demo) StdoutLine: {'line': b'-- Up-to-date: /home/dxf/wheeltec_lebai_humble_2024_7_17/install/grab_demo/include/grab_demo/grab_demo/srv/detail/grab_object__functions.c\n'}
[532.546466] (grab_demo) StdoutLine: {'line': b'-- Up-to-date: /home/dxf/wheeltec_lebai_humble_2024_7_17/install/grab_demo/include/grab_demo/grab_demo/srv/detail/grab_object__functions.h\n'}
[532.546711] (grab_demo) StdoutLine: {'line': b'-- Up-to-date: /home/dxf/wheeltec_lebai_humble_2024_7_17/install/grab_demo/share/grab_demo/environment/library_path.sh\n'}
[532.546977] (grab_demo) StdoutLine: {'line': b'-- Installing: /home/dxf/wheeltec_lebai_humble_2024_7_17/install/grab_demo/share/grab_demo/environment/library_path.dsv\n'}
[532.548131] (grab_demo) StdoutLine: {'line': b'-- Up-to-date: /home/dxf/wheeltec_lebai_humble_2024_7_17/install/grab_demo/lib/libgrab_demo__rosidl_generator_c.so\n'}
[532.548818] (grab_demo) StdoutLine: {'line': b'-- Up-to-date: /home/dxf/wheeltec_lebai_humble_2024_7_17/install/grab_demo/include/grab_demo/grab_demo\n'}
[532.549156] (grab_demo) StdoutLine: {'line': b'-- Up-to-date: /home/dxf/wheeltec_lebai_humble_2024_7_17/install/grab_demo/include/grab_demo/grab_demo/msg\n'}
[532.549486] (grab_demo) StdoutLine: {'line': b'-- Up-to-date: /home/dxf/wheeltec_lebai_humble_2024_7_17/install/grab_demo/include/grab_demo/grab_demo/msg/rosidl_typesupport_fastrtps_c__visibility_control.h\n'}
[532.549801] (grab_demo) StdoutLine: {'line': b'-- Up-to-date: /home/dxf/wheeltec_lebai_humble_2024_7_17/install/grab_demo/include/grab_demo/grab_demo/srv\n'}
[532.550106] (grab_demo) StdoutLine: {'line': b'-- Up-to-date: /home/dxf/wheeltec_lebai_humble_2024_7_17/install/grab_demo/include/grab_demo/grab_demo/srv/detail\n'}
[532.550353] (grab_demo) StdoutLine: {'line': b'-- Up-to-date: /home/dxf/wheeltec_lebai_humble_2024_7_17/install/grab_demo/include/grab_demo/grab_demo/srv/detail/grab_object__rosidl_typesupport_fastrtps_c.h\n'}
[532.551001] (grab_demo) StdoutLine: {'line': b'-- Installing: /home/dxf/wheeltec_lebai_humble_2024_7_17/install/grab_demo/lib/libgrab_demo__rosidl_typesupport_fastrtps_c.so\n'}
[532.552529] (grab_demo) StdoutLine: {'line': b'-- Set runtime path of "/home/dxf/wheeltec_lebai_humble_2024_7_17/install/grab_demo/lib/libgrab_demo__rosidl_typesupport_fastrtps_c.so" to ""\n'}
[532.552914] (grab_demo) StdoutLine: {'line': b'-- Up-to-date: /home/dxf/wheeltec_lebai_humble_2024_7_17/install/grab_demo/include/grab_demo/grab_demo\n'}
[532.553294] (grab_demo) StdoutLine: {'line': b'-- Up-to-date: /home/dxf/wheeltec_lebai_humble_2024_7_17/install/grab_demo/include/grab_demo/grab_demo/msg\n'}
[532.553708] (grab_demo) StdoutLine: {'line': b'-- Up-to-date: /home/dxf/wheeltec_lebai_humble_2024_7_17/install/grab_demo/include/grab_demo/grab_demo/msg/rosidl_generator_cpp__visibility_control.hpp\n'}
[532.554263] (grab_demo) StdoutLine: {'line': b'-- Up-to-date: /home/dxf/wheeltec_lebai_humble_2024_7_17/install/grab_demo/include/grab_demo/grab_demo/srv\n'}
[532.554640] (grab_demo) StdoutLine: {'line': b'-- Up-to-date: /home/dxf/wheeltec_lebai_humble_2024_7_17/install/grab_demo/include/grab_demo/grab_demo/srv/detail\n'}
[532.555235] (grab_demo) StdoutLine: {'line': b'-- Up-to-date: /home/dxf/wheeltec_lebai_humble_2024_7_17/install/grab_demo/include/grab_demo/grab_demo/srv/detail/grab_object__traits.hpp\n'}
[532.555509] (grab_demo) StdoutLine: {'line': b'-- Up-to-date: /home/dxf/wheeltec_lebai_humble_2024_7_17/install/grab_demo/include/grab_demo/grab_demo/srv/detail/grab_object__type_support.hpp\n'}
[532.555757] (grab_demo) StdoutLine: {'line': b'-- Up-to-date: /home/dxf/wheeltec_lebai_humble_2024_7_17/install/grab_demo/include/grab_demo/grab_demo/srv/detail/grab_object__builder.hpp\n'}
[532.556078] (grab_demo) StdoutLine: {'line': b'-- Up-to-date: /home/dxf/wheeltec_lebai_humble_2024_7_17/install/grab_demo/include/grab_demo/grab_demo/srv/detail/grab_object__struct.hpp\n'}
[532.556401] (grab_demo) StdoutLine: {'line': b'-- Up-to-date: /home/dxf/wheeltec_lebai_humble_2024_7_17/install/grab_demo/include/grab_demo/grab_demo/srv/grab_object.hpp\n'}
[532.556691] (grab_demo) StdoutLine: {'line': b'-- Up-to-date: /home/dxf/wheeltec_lebai_humble_2024_7_17/install/grab_demo/include/grab_demo/grab_demo\n'}
[532.556939] (grab_demo) StdoutLine: {'line': b'-- Up-to-date: /home/dxf/wheeltec_lebai_humble_2024_7_17/install/grab_demo/include/grab_demo/grab_demo/msg\n'}
[532.557181] (grab_demo) StdoutLine: {'line': b'-- Up-to-date: /home/dxf/wheeltec_lebai_humble_2024_7_17/install/grab_demo/include/grab_demo/grab_demo/msg/rosidl_typesupport_fastrtps_cpp__visibility_control.h\n'}
[532.557420] (grab_demo) StdoutLine: {'line': b'-- Up-to-date: /home/dxf/wheeltec_lebai_humble_2024_7_17/install/grab_demo/include/grab_demo/grab_demo/srv\n'}
[532.557650] (grab_demo) StdoutLine: {'line': b'-- Up-to-date: /home/dxf/wheeltec_lebai_humble_2024_7_17/install/grab_demo/include/grab_demo/grab_demo/srv/detail\n'}
[532.557960] (grab_demo) StdoutLine: {'line': b'-- Up-to-date: /home/dxf/wheeltec_lebai_humble_2024_7_17/install/grab_demo/include/grab_demo/grab_demo/srv/detail/dds_fastrtps\n'}
[532.558268] (grab_demo) StdoutLine: {'line': b'-- Up-to-date: /home/dxf/wheeltec_lebai_humble_2024_7_17/install/grab_demo/include/grab_demo/grab_demo/srv/detail/grab_object__rosidl_typesupport_fastrtps_cpp.hpp\n'}
[532.558675] (grab_demo) StdoutLine: {'line': b'-- Installing: /home/dxf/wheeltec_lebai_humble_2024_7_17/install/grab_demo/lib/libgrab_demo__rosidl_typesupport_fastrtps_cpp.so\n'}
[532.558970] (grab_demo) StdoutLine: {'line': b'-- Set runtime path of "/home/dxf/wheeltec_lebai_humble_2024_7_17/install/grab_demo/lib/libgrab_demo__rosidl_typesupport_fastrtps_cpp.so" to ""\n'}
[532.559296] (grab_demo) StdoutLine: {'line': b'-- Up-to-date: /home/dxf/wheeltec_lebai_humble_2024_7_17/install/grab_demo/include/grab_demo/grab_demo\n'}
[532.559542] (grab_demo) StdoutLine: {'line': b'-- Up-to-date: /home/dxf/wheeltec_lebai_humble_2024_7_17/install/grab_demo/include/grab_demo/grab_demo/msg\n'}
[532.559865] (grab_demo) StdoutLine: {'line': b'-- Up-to-date: /home/dxf/wheeltec_lebai_humble_2024_7_17/install/grab_demo/include/grab_demo/grab_demo/msg/rosidl_typesupport_introspection_c__visibility_control.h\n'}
[532.560109] (grab_demo) StdoutLine: {'line': b'-- Up-to-date: /home/dxf/wheeltec_lebai_humble_2024_7_17/install/grab_demo/include/grab_demo/grab_demo/srv\n'}
[532.560403] (grab_demo) StdoutLine: {'line': b'-- Up-to-date: /home/dxf/wheeltec_lebai_humble_2024_7_17/install/grab_demo/include/grab_demo/grab_demo/srv/detail\n'}
[532.560729] (grab_demo) StdoutLine: {'line': b'-- Up-to-date: /home/dxf/wheeltec_lebai_humble_2024_7_17/install/grab_demo/include/grab_demo/grab_demo/srv/detail/grab_object__type_support.c\n'}
[532.560978] (grab_demo) StdoutLine: {'line': b'-- Up-to-date: /home/dxf/wheeltec_lebai_humble_2024_7_17/install/grab_demo/include/grab_demo/grab_demo/srv/detail/grab_object__rosidl_typesupport_introspection_c.h\n'}
[532.561220] (grab_demo) StdoutLine: {'line': b'-- Up-to-date: /home/dxf/wheeltec_lebai_humble_2024_7_17/install/grab_demo/lib/libgrab_demo__rosidl_typesupport_introspection_c.so\n'}
[532.561561] (grab_demo) StdoutLine: {'line': b'-- Installing: /home/dxf/wheeltec_lebai_humble_2024_7_17/install/grab_demo/lib/libgrab_demo__rosidl_typesupport_c.so\n'}
[532.561869] (grab_demo) StdoutLine: {'line': b'-- Set runtime path of "/home/dxf/wheeltec_lebai_humble_2024_7_17/install/grab_demo/lib/libgrab_demo__rosidl_typesupport_c.so" to ""\n'}
[532.562160] (grab_demo) StdoutLine: {'line': b'-- Up-to-date: /home/dxf/wheeltec_lebai_humble_2024_7_17/install/grab_demo/include/grab_demo/grab_demo\n'}
[532.562481] (grab_demo) StdoutLine: {'line': b'-- Up-to-date: /home/dxf/wheeltec_lebai_humble_2024_7_17/install/grab_demo/include/grab_demo/grab_demo/srv\n'}
[532.562720] (grab_demo) StdoutLine: {'line': b'-- Up-to-date: /home/dxf/wheeltec_lebai_humble_2024_7_17/install/grab_demo/include/grab_demo/grab_demo/srv/detail\n'}
[532.562948] (grab_demo) StdoutLine: {'line': b'-- Up-to-date: /home/dxf/wheeltec_lebai_humble_2024_7_17/install/grab_demo/include/grab_demo/grab_demo/srv/detail/grab_object__rosidl_typesupport_introspection_cpp.hpp\n'}
[532.563209] (grab_demo) StdoutLine: {'line': b'-- Up-to-date: /home/dxf/wheeltec_lebai_humble_2024_7_17/install/grab_demo/include/grab_demo/grab_demo/srv/detail/grab_object__type_support.cpp\n'}
[532.563502] (grab_demo) StdoutLine: {'line': b'-- Installing: /home/dxf/wheeltec_lebai_humble_2024_7_17/install/grab_demo/lib/libgrab_demo__rosidl_typesupport_introspection_cpp.so\n'}
[532.564690] (grab_demo) StdoutLine: {'line': b'-- Set runtime path of "/home/dxf/wheeltec_lebai_humble_2024_7_17/install/grab_demo/lib/libgrab_demo__rosidl_typesupport_introspection_cpp.so" to ""\n'}
[532.565504] (grab_demo) StdoutLine: {'line': b'-- Installing: /home/dxf/wheeltec_lebai_humble_2024_7_17/install/grab_demo/lib/libgrab_demo__rosidl_typesupport_cpp.so\n'}
[532.566368] (grab_demo) StdoutLine: {'line': b'-- Set runtime path of "/home/dxf/wheeltec_lebai_humble_2024_7_17/install/grab_demo/lib/libgrab_demo__rosidl_typesupport_cpp.so" to ""\n'}
[532.566730] (grab_demo) StdoutLine: {'line': b'-- Up-to-date: /home/dxf/wheeltec_lebai_humble_2024_7_17/install/grab_demo/share/grab_demo/environment/pythonpath.sh\n'}
[532.566978] (grab_demo) StdoutLine: {'line': b'-- Installing: /home/dxf/wheeltec_lebai_humble_2024_7_17/install/grab_demo/share/grab_demo/environment/pythonpath.dsv\n'}
[532.568018] (grab_demo) StdoutLine: {'line': b'-- Up-to-date: /home/dxf/wheeltec_lebai_humble_2024_7_17/install/grab_demo/local/lib/python3.10/dist-packages/grab_demo-0.0.0-py3.10.egg-info\n'}
[532.568391] (grab_demo) StdoutLine: {'line': b'-- Installing: /home/dxf/wheeltec_lebai_humble_2024_7_17/install/grab_demo/local/lib/python3.10/dist-packages/grab_demo-0.0.0-py3.10.egg-info/dependency_links.txt\n'}
[532.568752] (grab_demo) StdoutLine: {'line': b'-- Installing: /home/dxf/wheeltec_lebai_humble_2024_7_17/install/grab_demo/local/lib/python3.10/dist-packages/grab_demo-0.0.0-py3.10.egg-info/PKG-INFO\n'}
[532.569085] (grab_demo) StdoutLine: {'line': b'-- Installing: /home/dxf/wheeltec_lebai_humble_2024_7_17/install/grab_demo/local/lib/python3.10/dist-packages/grab_demo-0.0.0-py3.10.egg-info/top_level.txt\n'}
[532.569425] (grab_demo) StdoutLine: {'line': b'-- Installing: /home/dxf/wheeltec_lebai_humble_2024_7_17/install/grab_demo/local/lib/python3.10/dist-packages/grab_demo-0.0.0-py3.10.egg-info/SOURCES.txt\n'}
[532.569827] (grab_demo) StdoutLine: {'line': b'-- Up-to-date: /home/dxf/wheeltec_lebai_humble_2024_7_17/install/grab_demo/local/lib/python3.10/dist-packages/grab_demo\n'}
[532.570153] (grab_demo) StdoutLine: {'line': b'-- Installing: /home/dxf/wheeltec_lebai_humble_2024_7_17/install/grab_demo/local/lib/python3.10/dist-packages/grab_demo/libgrab_demo__rosidl_generator_py.so\n'}
[532.570477] (grab_demo) StdoutLine: {'line': b'-- Up-to-date: /home/dxf/wheeltec_lebai_humble_2024_7_17/install/grab_demo/local/lib/python3.10/dist-packages/grab_demo/_grab_demo_s.ep.rosidl_typesupport_c.c\n'}
[532.570791] (grab_demo) StdoutLine: {'line': b'-- Installing: /home/dxf/wheeltec_lebai_humble_2024_7_17/install/grab_demo/local/lib/python3.10/dist-packages/grab_demo/__init__.py\n'}
[532.571171] (grab_demo) StdoutLine: {'line': b'-- Up-to-date: /home/dxf/wheeltec_lebai_humble_2024_7_17/install/grab_demo/local/lib/python3.10/dist-packages/grab_demo/_grab_demo_s.ep.rosidl_typesupport_introspection_c.c\n'}
[532.571533] (grab_demo) StdoutLine: {'line': b'-- Up-to-date: /home/dxf/wheeltec_lebai_humble_2024_7_17/install/grab_demo/local/lib/python3.10/dist-packages/grab_demo/_grab_demo_s.ep.rosidl_typesupport_fastrtps_c.c\n'}
[532.571842] (grab_demo) StdoutLine: {'line': b'-- Installing: /home/dxf/wheeltec_lebai_humble_2024_7_17/install/grab_demo/local/lib/python3.10/dist-packages/grab_demo/grab_demo_s__rosidl_typesupport_introspection_c.cpython-310-aarch64-linux-gnu.so\n'}
[532.572559] (grab_demo) StdoutLine: {'line': b'-- Installing: /home/dxf/wheeltec_lebai_humble_2024_7_17/install/grab_demo/local/lib/python3.10/dist-packages/grab_demo/grab_demo_s__rosidl_typesupport_c.cpython-310-aarch64-linux-gnu.so\n'}
[532.572875] (grab_demo) StdoutLine: {'line': b'-- Up-to-date: /home/dxf/wheeltec_lebai_humble_2024_7_17/install/grab_demo/local/lib/python3.10/dist-packages/grab_demo/srv\n'}
[532.573122] (grab_demo) StdoutLine: {'line': b'-- Up-to-date: /home/dxf/wheeltec_lebai_humble_2024_7_17/install/grab_demo/local/lib/python3.10/dist-packages/grab_demo/srv/__init__.py\n'}
[532.573360] (grab_demo) StdoutLine: {'line': b'-- Up-to-date: /home/dxf/wheeltec_lebai_humble_2024_7_17/install/grab_demo/local/lib/python3.10/dist-packages/grab_demo/srv/_grab_object.py\n'}
[532.573594] (grab_demo) StdoutLine: {'line': b'-- Up-to-date: /home/dxf/wheeltec_lebai_humble_2024_7_17/install/grab_demo/local/lib/python3.10/dist-packages/grab_demo/srv/_grab_object_s.c\n'}
[532.573822] (grab_demo) StdoutLine: {'line': b'-- Installing: /home/dxf/wheeltec_lebai_humble_2024_7_17/install/grab_demo/local/lib/python3.10/dist-packages/grab_demo/grab_demo_s__rosidl_typesupport_fastrtps_c.cpython-310-aarch64-linux-gnu.so\n'}
[532.623700] (-) TimerEvent: {}
[532.684574] (grab_demo) StdoutLine: {'line': b"Listing '/home/dxf/wheeltec_lebai_humble_2024_7_17/install/grab_demo/local/lib/python3.10/dist-packages/grab_demo'...\n"}
[532.685259] (grab_demo) StdoutLine: {'line': b"Compiling '/home/dxf/wheeltec_lebai_humble_2024_7_17/install/grab_demo/local/lib/python3.10/dist-packages/grab_demo/__init__.py'...\n"}
[532.685578] (grab_demo) StdoutLine: {'line': b"Listing '/home/dxf/wheeltec_lebai_humble_2024_7_17/install/grab_demo/local/lib/python3.10/dist-packages/grab_demo/srv'...\n"}
[532.698171] (grab_demo) StdoutLine: {'line': b'-- Installing: /home/dxf/wheeltec_lebai_humble_2024_7_17/install/grab_demo/local/lib/python3.10/dist-packages/grab_demo/grab_demo_s__rosidl_typesupport_fastrtps_c.cpython-310-aarch64-linux-gnu.so\n'}
[532.698655] (grab_demo) StdoutLine: {'line': b'-- Set runtime path of "/home/dxf/wheeltec_lebai_humble_2024_7_17/install/grab_demo/local/lib/python3.10/dist-packages/grab_demo/grab_demo_s__rosidl_typesupport_fastrtps_c.cpython-310-aarch64-linux-gnu.so" to ""\n'}
[532.699087] (grab_demo) StdoutLine: {'line': b'-- Installing: /home/dxf/wheeltec_lebai_humble_2024_7_17/install/grab_demo/local/lib/python3.10/dist-packages/grab_demo/grab_demo_s__rosidl_typesupport_introspection_c.cpython-310-aarch64-linux-gnu.so\n'}
[532.699800] (grab_demo) StdoutLine: {'line': b'-- Set runtime path of "/home/dxf/wheeltec_lebai_humble_2024_7_17/install/grab_demo/local/lib/python3.10/dist-packages/grab_demo/grab_demo_s__rosidl_typesupport_introspection_c.cpython-310-aarch64-linux-gnu.so" to ""\n'}
[532.700222] (grab_demo) StdoutLine: {'line': b'-- Installing: /home/dxf/wheeltec_lebai_humble_2024_7_17/install/grab_demo/local/lib/python3.10/dist-packages/grab_demo/grab_demo_s__rosidl_typesupport_c.cpython-310-aarch64-linux-gnu.so\n'}
[532.700963] (grab_demo) StdoutLine: {'line': b'-- Set runtime path of "/home/dxf/wheeltec_lebai_humble_2024_7_17/install/grab_demo/local/lib/python3.10/dist-packages/grab_demo/grab_demo_s__rosidl_typesupport_c.cpython-310-aarch64-linux-gnu.so" to ""\n'}
[532.702069] (grab_demo) StdoutLine: {'line': b'-- Installing: /home/dxf/wheeltec_lebai_humble_2024_7_17/install/grab_demo/lib/libgrab_demo__rosidl_generator_py.so\n'}
[532.703667] (grab_demo) StdoutLine: {'line': b'-- Set runtime path of "/home/dxf/wheeltec_lebai_humble_2024_7_17/install/grab_demo/lib/libgrab_demo__rosidl_generator_py.so" to ""\n'}
[532.704014] (grab_demo) StdoutLine: {'line': b'-- Up-to-date: /home/dxf/wheeltec_lebai_humble_2024_7_17/install/grab_demo/share/grab_demo/srv/GrabObject.idl\n'}
[532.704375] (grab_demo) StdoutLine: {'line': b'-- Up-to-date: /home/dxf/wheeltec_lebai_humble_2024_7_17/install/grab_demo/share/grab_demo/srv/GrabObject.srv\n'}
[532.704759] (grab_demo) StdoutLine: {'line': b'-- Up-to-date: /home/dxf/wheeltec_lebai_humble_2024_7_17/install/grab_demo/share/grab_demo/srv/GrabObject_Request.msg\n'}
[532.705056] (grab_demo) StdoutLine: {'line': b'-- Up-to-date: /home/dxf/wheeltec_lebai_humble_2024_7_17/install/grab_demo/share/grab_demo/srv/GrabObject_Response.msg\n'}
[532.706570] (grab_demo) StdoutLine: {'line': b'-- Installing: /home/dxf/wheeltec_lebai_humble_2024_7_17/install/grab_demo/lib/grab_demo/charuco_dectet_node\n'}
[532.723854] (-) TimerEvent: {}
[532.764315] (grab_demo) StdoutLine: {'line': b'-- Set runtime path of "/home/dxf/wheeltec_lebai_humble_2024_7_17/install/grab_demo/lib/grab_demo/charuco_dectet_node" to ""\n'}
[532.766409] (grab_demo) StdoutLine: {'line': b'-- Installing: /home/dxf/wheeltec_lebai_humble_2024_7_17/install/grab_demo/lib/grab_demo/hand_eye\n'}
[532.809792] (grab_demo) StdoutLine: {'line': b'-- Set runtime path of "/home/dxf/wheeltec_lebai_humble_2024_7_17/install/grab_demo/lib/grab_demo/hand_eye" to ""\n'}
[532.810749] (grab_demo) StdoutLine: {'line': b'-- Installing: /home/dxf/wheeltec_lebai_humble_2024_7_17/install/grab_demo/lib/grab_demo/hsv_range\n'}
[532.824018] (-) TimerEvent: {}
[532.873815] (grab_demo) StdoutLine: {'line': b'-- Set runtime path of "/home/dxf/wheeltec_lebai_humble_2024_7_17/install/grab_demo/lib/grab_demo/hsv_range" to ""\n'}
[532.875389] (grab_demo) StdoutLine: {'line': b'-- Installing: /home/dxf/wheeltec_lebai_humble_2024_7_17/install/grab_demo/lib/grab_demo/aruco_dectet\n'}
[532.910383] (grab_demo) StdoutLine: {'line': b'-- Set runtime path of "/home/dxf/wheeltec_lebai_humble_2024_7_17/install/grab_demo/lib/grab_demo/aruco_dectet" to ""\n'}
[532.911780] (grab_demo) StdoutLine: {'line': b'-- Installing: /home/dxf/wheeltec_lebai_humble_2024_7_17/install/grab_demo/lib/grab_demo/grab_service_node\n'}
[532.924193] (-) TimerEvent: {}
[532.939533] (grab_demo) StdoutLine: {'line': b'-- Set runtime path of "/home/dxf/wheeltec_lebai_humble_2024_7_17/install/grab_demo/lib/grab_demo/grab_service_node" to ""\n'}
[532.940270] (grab_demo) StdoutLine: {'line': b'-- Installing: /home/dxf/wheeltec_lebai_humble_2024_7_17/install/grab_demo/lib/grab_demo/start_grab\n'}
[532.958550] (grab_demo) StdoutLine: {'line': b'-- Set runtime path of "/home/dxf/wheeltec_lebai_humble_2024_7_17/install/grab_demo/lib/grab_demo/start_grab" to ""\n'}
[532.959509] (grab_demo) StdoutLine: {'line': b'-- Installing: /home/dxf/wheeltec_lebai_humble_2024_7_17/install/grab_demo/lib/grab_demo/camera_info_node\n'}
[532.969330] (grab_demo) StdoutLine: {'line': b'-- Set runtime path of "/home/dxf/wheeltec_lebai_humble_2024_7_17/install/grab_demo/lib/grab_demo/camera_info_node" to ""\n'}
[532.970129] (grab_demo) StdoutLine: {'line': b'-- Installing: /home/dxf/wheeltec_lebai_humble_2024_7_17/install/grab_demo/lib/grab_demo/nav_grab\n'}
[532.979226] (grab_demo) StdoutLine: {'line': b'-- Set runtime path of "/home/dxf/wheeltec_lebai_humble_2024_7_17/install/grab_demo/lib/grab_demo/nav_grab" to ""\n'}
[532.979649] (grab_demo) StdoutLine: {'line': b'-- Up-to-date: /home/dxf/wheeltec_lebai_humble_2024_7_17/install/grab_demo/share/grab_demo/launch\n'}
[532.979888] (grab_demo) StdoutLine: {'line': b'-- Up-to-date: /home/dxf/wheeltec_lebai_humble_2024_7_17/install/grab_demo/share/grab_demo/launch/__pycache__\n'}
[532.980135] (grab_demo) StdoutLine: {'line': b'-- Up-to-date: /home/dxf/wheeltec_lebai_humble_2024_7_17/install/grab_demo/share/grab_demo/launch/__pycache__/start_grab.launch.cpython-310.pyc\n'}
[532.980402] (grab_demo) StdoutLine: {'line': b'-- Up-to-date: /home/dxf/wheeltec_lebai_humble_2024_7_17/install/grab_demo/share/grab_demo/launch/start_grab.launch.py\n'}
[532.980579] (grab_demo) StdoutLine: {'line': b'-- Installing: /home/dxf/wheeltec_lebai_humble_2024_7_17/install/grab_demo/share/grab_demo/launch/hand_eye.launch.py\n'}
[532.982629] (grab_demo) StdoutLine: {'line': b'-- Up-to-date: /home/dxf/wheeltec_lebai_humble_2024_7_17/install/grab_demo/share/grab_demo/launch/color_grab.launch.py\n'}
[532.983042] (grab_demo) StdoutLine: {'line': b'-- Up-to-date: /home/dxf/wheeltec_lebai_humble_2024_7_17/install/grab_demo/share/grab_demo/launch/aruco_grab.launch.py\n'}
[532.983351] (grab_demo) StdoutLine: {'line': b'-- Up-to-date: /home/dxf/wheeltec_lebai_humble_2024_7_17/install/grab_demo/share/ament_index/resource_index/package_run_dependencies/grab_demo\n'}
[532.983590] (grab_demo) StdoutLine: {'line': b'-- Up-to-date: /home/dxf/wheeltec_lebai_humble_2024_7_17/install/grab_demo/share/ament_index/resource_index/parent_prefix_path/grab_demo\n'}
[532.984177] (grab_demo) StdoutLine: {'line': b'-- Up-to-date: /home/dxf/wheeltec_lebai_humble_2024_7_17/install/grab_demo/share/grab_demo/environment/ament_prefix_path.sh\n'}
[532.984479] (grab_demo) StdoutLine: {'line': b'-- Installing: /home/dxf/wheeltec_lebai_humble_2024_7_17/install/grab_demo/share/grab_demo/environment/ament_prefix_path.dsv\n'}
[532.984999] (grab_demo) StdoutLine: {'line': b'-- Up-to-date: /home/dxf/wheeltec_lebai_humble_2024_7_17/install/grab_demo/share/grab_demo/environment/path.sh\n'}
[532.985259] (grab_demo) StdoutLine: {'line': b'-- Installing: /home/dxf/wheeltec_lebai_humble_2024_7_17/install/grab_demo/share/grab_demo/environment/path.dsv\n'}
[532.985551] (grab_demo) StdoutLine: {'line': b'-- Up-to-date: /home/dxf/wheeltec_lebai_humble_2024_7_17/install/grab_demo/share/grab_demo/local_setup.bash\n'}
[532.985827] (grab_demo) StdoutLine: {'line': b'-- Up-to-date: /home/dxf/wheeltec_lebai_humble_2024_7_17/install/grab_demo/share/grab_demo/local_setup.sh\n'}
[532.986059] (grab_demo) StdoutLine: {'line': b'-- Up-to-date: /home/dxf/wheeltec_lebai_humble_2024_7_17/install/grab_demo/share/grab_demo/local_setup.zsh\n'}
[532.986265] (grab_demo) StdoutLine: {'line': b'-- Installing: /home/dxf/wheeltec_lebai_humble_2024_7_17/install/grab_demo/share/grab_demo/local_setup.dsv\n'}
[532.986831] (grab_demo) StdoutLine: {'line': b'-- Installing: /home/dxf/wheeltec_lebai_humble_2024_7_17/install/grab_demo/share/grab_demo/package.dsv\n'}
[532.987712] (grab_demo) StdoutLine: {'line': b'-- Up-to-date: /home/dxf/wheeltec_lebai_humble_2024_7_17/install/grab_demo/share/ament_index/resource_index/packages/grab_demo\n'}
[532.989417] (grab_demo) StdoutLine: {'line': b'-- Up-to-date: /home/dxf/wheeltec_lebai_humble_2024_7_17/install/grab_demo/share/grab_demo/cmake/export_grab_demo__rosidl_generator_cExport.cmake\n'}
[532.989754] (grab_demo) StdoutLine: {'line': b'-- Up-to-date: /home/dxf/wheeltec_lebai_humble_2024_7_17/install/grab_demo/share/grab_demo/cmake/export_grab_demo__rosidl_generator_cExport-debug.cmake\n'}
[532.990172] (grab_demo) StdoutLine: {'line': b'-- Up-to-date: /home/dxf/wheeltec_lebai_humble_2024_7_17/install/grab_demo/share/grab_demo/cmake/export_grab_demo__rosidl_typesupport_fastrtps_cExport.cmake\n'}
[532.990545] (grab_demo) StdoutLine: {'line': b'-- Up-to-date: /home/dxf/wheeltec_lebai_humble_2024_7_17/install/grab_demo/share/grab_demo/cmake/export_grab_demo__rosidl_typesupport_fastrtps_cExport-debug.cmake\n'}
[532.990844] (grab_demo) StdoutLine: {'line': b'-- Up-to-date: /home/dxf/wheeltec_lebai_humble_2024_7_17/install/grab_demo/share/grab_demo/cmake/export_grab_demo__rosidl_generator_cppExport.cmake\n'}
[532.991337] (grab_demo) StdoutLine: {'line': b'-- Up-to-date: /home/dxf/wheeltec_lebai_humble_2024_7_17/install/grab_demo/share/grab_demo/cmake/export_grab_demo__rosidl_typesupport_fastrtps_cppExport.cmake\n'}
[532.991608] (grab_demo) StdoutLine: {'line': b'-- Up-to-date: /home/dxf/wheeltec_lebai_humble_2024_7_17/install/grab_demo/share/grab_demo/cmake/export_grab_demo__rosidl_typesupport_fastrtps_cppExport-debug.cmake\n'}
[532.991961] (grab_demo) StdoutLine: {'line': b'-- Up-to-date: /home/dxf/wheeltec_lebai_humble_2024_7_17/install/grab_demo/share/grab_demo/cmake/grab_demo__rosidl_typesupport_introspection_cExport.cmake\n'}
[532.992228] (grab_demo) StdoutLine: {'line': b'-- Up-to-date: /home/dxf/wheeltec_lebai_humble_2024_7_17/install/grab_demo/share/grab_demo/cmake/grab_demo__rosidl_typesupport_introspection_cExport-debug.cmake\n'}
[532.992780] (grab_demo) StdoutLine: {'line': b'-- Up-to-date: /home/dxf/wheeltec_lebai_humble_2024_7_17/install/grab_demo/share/grab_demo/cmake/grab_demo__rosidl_typesupport_cExport.cmake\n'}
[532.993030] (grab_demo) StdoutLine: {'line': b'-- Up-to-date: /home/dxf/wheeltec_lebai_humble_2024_7_17/install/grab_demo/share/grab_demo/cmake/grab_demo__rosidl_typesupport_cExport-debug.cmake\n'}
[532.993362] (grab_demo) StdoutLine: {'line': b'-- Up-to-date: /home/dxf/wheeltec_lebai_humble_2024_7_17/install/grab_demo/share/grab_demo/cmake/grab_demo__rosidl_typesupport_introspection_cppExport.cmake\n'}
[532.993596] (grab_demo) StdoutLine: {'line': b'-- Up-to-date: /home/dxf/wheeltec_lebai_humble_2024_7_17/install/grab_demo/share/grab_demo/cmake/grab_demo__rosidl_typesupport_introspection_cppExport-debug.cmake\n'}
[532.993866] (grab_demo) StdoutLine: {'line': b'-- Up-to-date: /home/dxf/wheeltec_lebai_humble_2024_7_17/install/grab_demo/share/grab_demo/cmake/grab_demo__rosidl_typesupport_cppExport.cmake\n'}
[532.994138] (grab_demo) StdoutLine: {'line': b'-- Up-to-date: /home/dxf/wheeltec_lebai_humble_2024_7_17/install/grab_demo/share/grab_demo/cmake/grab_demo__rosidl_typesupport_cppExport-debug.cmake\n'}
[532.994458] (grab_demo) StdoutLine: {'line': b'-- Up-to-date: /home/dxf/wheeltec_lebai_humble_2024_7_17/install/grab_demo/share/grab_demo/cmake/export_grab_demo__rosidl_generator_pyExport.cmake\n'}
[532.994771] (grab_demo) StdoutLine: {'line': b'-- Up-to-date: /home/dxf/wheeltec_lebai_humble_2024_7_17/install/grab_demo/share/grab_demo/cmake/export_grab_demo__rosidl_generator_pyExport-debug.cmake\n'}
[532.995043] (grab_demo) StdoutLine: {'line': b'-- Up-to-date: /home/dxf/wheeltec_lebai_humble_2024_7_17/install/grab_demo/share/grab_demo/cmake/rosidl_cmake-extras.cmake\n'}
[532.995315] (grab_demo) StdoutLine: {'line': b'-- Up-to-date: /home/dxf/wheeltec_lebai_humble_2024_7_17/install/grab_demo/share/grab_demo/cmake/ament_cmake_export_include_directories-extras.cmake\n'}
[532.995611] (grab_demo) StdoutLine: {'line': b'-- Up-to-date: /home/dxf/wheeltec_lebai_humble_2024_7_17/install/grab_demo/share/grab_demo/cmake/ament_cmake_export_libraries-extras.cmake\n'}
[532.995910] (grab_demo) StdoutLine: {'line': b'-- Up-to-date: /home/dxf/wheeltec_lebai_humble_2024_7_17/install/grab_demo/share/grab_demo/cmake/ament_cmake_export_targets-extras.cmake\n'}
[532.996167] (grab_demo) StdoutLine: {'line': b'-- Up-to-date: /home/dxf/wheeltec_lebai_humble_2024_7_17/install/grab_demo/share/grab_demo/cmake/rosidl_cmake_export_typesupport_targets-extras.cmake\n'}
[532.996508] (grab_demo) StdoutLine: {'line': b'-- Up-to-date: /home/dxf/wheeltec_lebai_humble_2024_7_17/install/grab_demo/share/grab_demo/cmake/ament_cmake_export_dependencies-extras.cmake\n'}
[532.996762] (grab_demo) StdoutLine: {'line': b'-- Up-to-date: /home/dxf/wheeltec_lebai_humble_2024_7_17/install/grab_demo/share/grab_demo/cmake/rosidl_cmake_export_typesupport_libraries-extras.cmake\n'}
[532.996984] (grab_demo) StdoutLine: {'line': b'-- Up-to-date: /home/dxf/wheeltec_lebai_humble_2024_7_17/install/grab_demo/share/grab_demo/cmake/grab_demoConfig.cmake\n'}
[532.997198] (grab_demo) StdoutLine: {'line': b'-- Up-to-date: /home/dxf/wheeltec_lebai_humble_2024_7_17/install/grab_demo/share/grab_demo/cmake/grab_demoConfig-version.cmake\n'}
[532.997570] (grab_demo) StdoutLine: {'line': b'-- Up-to-date: /home/dxf/wheeltec_lebai_humble_2024_7_17/install/grab_demo/share/grab_demo/package.xml\n'}
[533.002854] (grab_demo) CommandEnded: {'returncode': 0}
[533.025231] (-) TimerEvent: {}
[533.201860] (grab_demo) JobEnded: {'identifier': 'grab_demo', 'rc': 0}
[533.209573] (-) TimerEvent: {}
[533.209952] (-) EventReactorShutdown: {}
