[0.000000] (-) TimerEvent: {}
[0.001249] (-) JobUnselected: {'identifier': 'arm_demo'}
[0.001581] (-) JobUnselected: {'identifier': 'lebai_driver'}
[0.001698] (-) JobUnselected: {'identifier': 'lebai_interfaces'}
[0.001779] (-) JobUnselected: {'identifier': 'lebai_lm3_moveit_config'}
[0.001850] (-) JobUnselected: {'identifier': 'lebai_lm3_support'}
[0.001920] (-) JobUnselected: {'identifier': 'lebai_resources'}
[0.001988] (-) JobUnselected: {'identifier': 'lebai_tutorials'}
[0.002066] (grab_demo) JobQueued: {'identifier': 'grab_demo', 'dependencies': OrderedDict()}
[0.002146] (grab_demo) JobStarted: {'identifier': 'grab_demo'}
[0.028287] (grab_demo) JobProgress: {'identifier': 'grab_demo', 'progress': 'cmake'}
[0.032119] (grab_demo) Command: {'cmd': ['/usr/bin/cmake', '/home/dxf/wheeltec_lebai_humble_2024_7_17/src/grab_demo', '-DCMAKE_INSTALL_PREFIX=/home/dxf/wheeltec_lebai_humble_2024_7_17/install/grab_demo'], 'cwd': '/home/dxf/wheeltec_lebai_humble_2024_7_17/build/grab_demo', 'env': OrderedDict([('PYTHON_BASIC_REPL', '1'), ('LESSOPEN', '| /usr/bin/lesspipe %s'), ('LANGUAGE', 'zh_CN:en_US:en'), ('USER', 'dxf'), ('SSH_CLIENT', '192.168.0.66 60207 22'), ('LC_TIME', 'zh_CN.UTF-8'), ('XDG_SESSION_TYPE', 'tty'), ('GIT_ASKPASS', '/home/dxf/.vscode-server/cli/servers/Stable-6f17636121051a53c88d3e605c491d22af2ba755/server/extensions/git/dist/askpass.sh'), ('SHLVL', '2'), ('LD_LIBRARY_PATH', '/home/dxf/wheeltec_lebai_humble_2024_7_17/install/lebai_interfaces/lib:/home/dxf/wheeltec_lebai_humble_2024_7_17/install/grab_demo/lib:/usr/local/opencv410/lib:/usr/local/lib:/usr/local/cuda-12.6/lib64:/usr/local/opencv410/lib:/usr/local/lib:/opt/ros/humble/opt/rviz_ogre_vendor/lib:/opt/ros/humble/lib/aarch64-linux-gnu:/opt/ros/humble/lib:/usr/local/cuda-12.6/lib64:'), ('BROWSER', '/home/dxf/.vscode-server/cli/servers/Stable-6f17636121051a53c88d3e605c491d22af2ba755/server/bin/helpers/browser.sh'), ('MOTD_SHOWN', 'pam'), ('HOME', '/home/dxf'), ('TERM_PROGRAM_VERSION', '1.103.2'), ('VSCODE_IPC_HOOK_CLI', '/run/user/1000/vscode-ipc-4a76855e-149f-4c07-8ef9-0ec7c8919919.sock'), ('ROS_PYTHON_VERSION', '3'), ('VSCODE_GIT_ASKPASS_MAIN', '/home/dxf/.vscode-server/cli/servers/Stable-6f17636121051a53c88d3e605c491d22af2ba755/server/extensions/git/dist/askpass-main.js'), ('LC_MONETARY', 'zh_CN.UTF-8'), ('VSCODE_GIT_ASKPASS_NODE', '/home/dxf/.vscode-server/cli/servers/Stable-6f17636121051a53c88d3e605c491d22af2ba755/server/node'), ('SSL_CERT_FILE', '/usr/lib/ssl/certs/ca-certificates.crt'), ('PYDEVD_DISABLE_FILE_VALIDATION', '1'), ('BUNDLED_DEBUGPY_PATH', '/home/dxf/.vscode-server/extensions/ms-python.debugpy-2025.14.1-linux-arm64/bundled/libs/debugpy'), ('DBUS_SESSION_BUS_ADDRESS', 'unix:path=/run/user/1000/bus'), ('COLORTERM', 'truecolor'), ('COLCON_PREFIX_PATH', '/home/dxf/wheeltec_lebai_humble_2024_7_17/install'), ('ROS_DISTRO', 'humble'), ('LOGNAME', 'dxf'), ('_', '/usr/bin/colcon'), ('ROS_VERSION', '2'), ('PKG_CONFIG_PATH', '/usr/local/opencv410/lib/pkgconfig:/usr/local/opencv410/lib/pkgconfig:'), ('XDG_SESSION_CLASS', 'user'), ('TERM', 'xterm-256color'), ('XDG_SESSION_ID', '29'), ('ROS_LOCALHOST_ONLY', '0'), ('PATH', '/usr/local/cuda-12.6/bin:/home/dxf/.vscode-server/cli/servers/Stable-6f17636121051a53c88d3e605c491d22af2ba755/server/bin/remote-cli:/opt/ros/humble/bin:/usr/local/cuda-12.6/bin:/usr/local/sbin:/usr/local/bin:/usr/sbin:/usr/bin:/sbin:/bin:/usr/games:/usr/local/games:/snap/bin:/home/dxf/.vscode-server/extensions/ms-python.debugpy-2025.14.1-linux-arm64/bundled/scripts/noConfigScripts'), ('PAPERSIZE', 'a4'), ('LC_ADDRESS', 'zh_CN.UTF-8'), ('XDG_RUNTIME_DIR', '/run/user/1000'), ('SSL_CERT_DIR', '/usr/lib/ssl/certs'), ('DISPLAY', 'localhost:10.0'), ('VSCODE_DEBUGPY_ADAPTER_ENDPOINTS', '/home/dxf/.vscode-server/extensions/ms-python.debugpy-2025.14.1-linux-arm64/.noConfigDebugAdapterEndpoints/endpoint-8b23ef7f21be4a2f.txt'), ('LANG', 'zh_CN.UTF-8'), ('PYTHONSTARTUP', '/home/dxf/.vscode-server/data/User/workspaceStorage/4ecfe97e1d690ce6b205eecd25d67bdf/ms-python.python/pythonrc.py'), ('LC_TELEPHONE', 'zh_CN.UTF-8'), ('LS_COLORS', 'rs=0:di=01;34:ln=01;36:mh=00:pi=40;33:so=01;35:do=01;35:bd=40;33;01:cd=40;33;01:or=40;31;01:mi=00:su=37;41:sg=30;43:ca=30;41:tw=30;42:ow=34;42:st=37;44:ex=01;32:*.tar=01;31:*.tgz=01;31:*.arc=01;31:*.arj=01;31:*.taz=01;31:*.lha=01;31:*.lz4=01;31:*.lzh=01;31:*.lzma=01;31:*.tlz=01;31:*.txz=01;31:*.tzo=01;31:*.t7z=01;31:*.zip=01;31:*.z=01;31:*.dz=01;31:*.gz=01;31:*.lrz=01;31:*.lz=01;31:*.lzo=01;31:*.xz=01;31:*.zst=01;31:*.tzst=01;31:*.bz2=01;31:*.bz=01;31:*.tbz=01;31:*.tbz2=01;31:*.tz=01;31:*.deb=01;31:*.rpm=01;31:*.jar=01;31:*.war=01;31:*.ear=01;31:*.sar=01;31:*.rar=01;31:*.alz=01;31:*.ace=01;31:*.zoo=01;31:*.cpio=01;31:*.7z=01;31:*.rz=01;31:*.cab=01;31:*.wim=01;31:*.swm=01;31:*.dwm=01;31:*.esd=01;31:*.jpg=01;35:*.jpeg=01;35:*.mjpg=01;35:*.mjpeg=01;35:*.gif=01;35:*.bmp=01;35:*.pbm=01;35:*.pgm=01;35:*.ppm=01;35:*.tga=01;35:*.xbm=01;35:*.xpm=01;35:*.tif=01;35:*.tiff=01;35:*.png=01;35:*.svg=01;35:*.svgz=01;35:*.mng=01;35:*.pcx=01;35:*.mov=01;35:*.mpg=01;35:*.mpeg=01;35:*.m2v=01;35:*.mkv=01;35:*.webm=01;35:*.webp=01;35:*.ogm=01;35:*.mp4=01;35:*.m4v=01;35:*.mp4v=01;35:*.vob=01;35:*.qt=01;35:*.nuv=01;35:*.wmv=01;35:*.asf=01;35:*.rm=01;35:*.rmvb=01;35:*.flc=01;35:*.avi=01;35:*.fli=01;35:*.flv=01;35:*.gl=01;35:*.dl=01;35:*.xcf=01;35:*.xwd=01;35:*.yuv=01;35:*.cgm=01;35:*.emf=01;35:*.ogv=01;35:*.ogx=01;35:*.aac=00;36:*.au=00;36:*.flac=00;36:*.m4a=00;36:*.mid=00;36:*.midi=00;36:*.mka=00;36:*.mp3=00;36:*.mpc=00;36:*.ogg=00;36:*.ra=00;36:*.wav=00;36:*.oga=00;36:*.opus=00;36:*.spx=00;36:*.xspf=00;36:'), ('VSCODE_GIT_IPC_HANDLE', '/run/user/1000/vscode-git-42a3dc7ec5.sock'), ('TERM_PROGRAM', 'vscode'), ('AMENT_PREFIX_PATH', '/home/dxf/wheeltec_lebai_humble_2024_7_17/install/lebai_tutorials:/home/dxf/wheeltec_lebai_humble_2024_7_17/install/lebai_resources:/home/dxf/wheeltec_lebai_humble_2024_7_17/install/lebai_lm3_moveit_config:/home/dxf/wheeltec_lebai_humble_2024_7_17/install/lebai_lm3_support:/home/dxf/wheeltec_lebai_humble_2024_7_17/install/lebai_interfaces:/home/dxf/wheeltec_lebai_humble_2024_7_17/install/lebai_driver:/home/dxf/wheeltec_lebai_humble_2024_7_17/install/grab_demo:/home/dxf/wheeltec_lebai_humble_2024_7_17/install/arm_demo:/opt/ros/humble'), ('SHELL', '/bin/bash'), ('LC_NAME', 'zh_CN.UTF-8'), ('LESSCLOSE', '/usr/bin/lesspipe %s %s'), ('LC_MEASUREMENT', 'zh_CN.UTF-8'), ('OpenCV_DIR', '/usr/local/opencv410/lib/cmake/opencv4'), ('LC_IDENTIFICATION', 'zh_CN.UTF-8'), ('VSCODE_GIT_ASKPASS_EXTRA_ARGS', ''), ('PWD', '/home/dxf/wheeltec_lebai_humble_2024_7_17/build/grab_demo'), ('SSH_CONNECTION', '192.168.0.66 60207 192.168.0.100 22'), ('XDG_DATA_DIRS', '/usr/share/gnome:/usr/local/share:/usr/share:/var/lib/snapd/desktop'), ('PYTHONPATH', '/home/dxf/wheeltec_lebai_humble_2024_7_17/install/lebai_interfaces/local/lib/python3.10/dist-packages:/home/dxf/wheeltec_lebai_humble_2024_7_17/install/lebai_driver/lib/python3.10/site-packages:/home/dxf/wheeltec_lebai_humble_2024_7_17/install/grab_demo/local/lib/python3.10/dist-packages:/opt/ros/humble/lib/python3.10/site-packages:/opt/ros/humble/local/lib/python3.10/dist-packages'), ('LC_NUMERIC', 'zh_CN.UTF-8'), ('LC_PAPER', 'zh_CN.UTF-8'), ('COLCON', '1'), ('CMAKE_PREFIX_PATH', '/home/dxf/wheeltec_lebai_humble_2024_7_17/install/lebai_tutorials:/home/dxf/wheeltec_lebai_humble_2024_7_17/install/lebai_resources:/home/dxf/wheeltec_lebai_humble_2024_7_17/install/lebai_lm3_moveit_config:/home/dxf/wheeltec_lebai_humble_2024_7_17/install/lebai_lm3_support:/home/dxf/wheeltec_lebai_humble_2024_7_17/install/lebai_interfaces:/home/dxf/wheeltec_lebai_humble_2024_7_17/install/grab_demo:/home/dxf/wheeltec_lebai_humble_2024_7_17/install/arm_demo:/usr/local/opencv410:/usr/local/opencv410::/home/dxf/wheeltec_lebai_humble_2024_7_17/install/lebai_driver:/opt/ros/humble')]), 'shell': False}
[0.098535] (-) TimerEvent: {}
[0.137850] (grab_demo) StdoutLine: {'line': b'-- Found ament_cmake: 1.3.12 (/opt/ros/humble/share/ament_cmake/cmake)\n'}
[0.198659] (-) TimerEvent: {}
[0.299360] (-) TimerEvent: {}
[0.400227] (-) TimerEvent: {}
[0.500882] (-) TimerEvent: {}
[0.514930] (grab_demo) StdoutLine: {'line': b'-- Found rclcpp: 16.0.15 (/opt/ros/humble/share/rclcpp/cmake)\n'}
[0.601052] (-) TimerEvent: {}
[0.701735] (-) TimerEvent: {}
[0.735487] (grab_demo) StdoutLine: {'line': b'-- Found rosidl_generator_c: 3.1.7 (/opt/ros/humble/share/rosidl_generator_c/cmake)\n'}
[0.742628] (grab_demo) StdoutLine: {'line': b'-- Found rosidl_adapter: 3.1.7 (/opt/ros/humble/share/rosidl_adapter/cmake)\n'}
[0.760168] (grab_demo) StdoutLine: {'line': b'-- Found rosidl_generator_cpp: 3.1.7 (/opt/ros/humble/share/rosidl_generator_cpp/cmake)\n'}
[0.785280] (grab_demo) StdoutLine: {'line': b'-- Using all available rosidl_typesupport_c: rosidl_typesupport_fastrtps_c;rosidl_typesupport_introspection_c\n'}
[0.801862] (-) TimerEvent: {}
[0.814957] (grab_demo) StdoutLine: {'line': b'-- Using all available rosidl_typesupport_cpp: rosidl_typesupport_fastrtps_cpp;rosidl_typesupport_introspection_cpp\n'}
[0.894936] (grab_demo) StdoutLine: {'line': b'-- Found rmw_implementation_cmake: 6.1.2 (/opt/ros/humble/share/rmw_implementation_cmake/cmake)\n'}
[0.899384] (grab_demo) StdoutLine: {'line': b'-- Found rmw_fastrtps_cpp: 6.2.9 (/opt/ros/humble/share/rmw_fastrtps_cpp/cmake)\n'}
[0.901928] (-) TimerEvent: {}
[1.002489] (-) TimerEvent: {}
[1.103155] (-) TimerEvent: {}
[1.137346] (grab_demo) StdoutLine: {'line': b"-- Using RMW implementation 'rmw_fastrtps_cpp' as default\n"}
[1.203343] (-) TimerEvent: {}
[1.258814] (grab_demo) StdoutLine: {'line': b'-- Found image_transport: 3.1.12 (/opt/ros/humble/share/image_transport/cmake)\n'}
[1.303500] (-) TimerEvent: {}
[1.383425] (grab_demo) StdoutLine: {'line': b'-- Found cv_bridge: 3.2.1 (/home/dxf/WHEELTEC_S300Pro_mini_ros2_arm_src_2025_9_15/install/cv_bridge/share/cv_bridge/cmake)\n'}
[1.403638] (-) TimerEvent: {}
[1.415306] (grab_demo) StdoutLine: {'line': b'-- Found moveit_common: 2.5.9 (/opt/ros/humble/share/moveit_common/cmake)\n'}
[1.417299] (grab_demo) StdoutLine: {'line': b'-- Found tf2_ros: 0.25.16 (/opt/ros/humble/share/tf2_ros/cmake)\n'}
[1.503788] (-) TimerEvent: {}
[1.595957] (grab_demo) StdoutLine: {'line': b'-- Found tf2_geometry_msgs: 0.25.16 (/opt/ros/humble/share/tf2_geometry_msgs/cmake)\n'}
[1.603907] (-) TimerEvent: {}
[1.605482] (grab_demo) StdoutLine: {'line': b'-- Found eigen3_cmake_module: 0.1.1 (/opt/ros/humble/share/eigen3_cmake_module/cmake)\n'}
[1.608503] (grab_demo) StdoutLine: {'line': b'-- Ensuring Eigen3 include directory is part of orocos-kdl CMake target\n'}
[1.614042] (grab_demo) StdoutLine: {'line': b'-- Found nav2_msgs: 1.1.19 (/opt/ros/humble/share/nav2_msgs/cmake)\n'}
[1.700892] (grab_demo) StdoutLine: {'line': b'-- Found rosidl_default_generators: 1.2.0 (/opt/ros/humble/share/rosidl_default_generators/cmake)\n'}
[1.703985] (-) TimerEvent: {}
[1.718644] (grab_demo) StdoutLine: {'line': b'-- Found lebai_interfaces: 0.0.1 (/home/dxf/wheeltec_lebai_humble_2024_7_17/install/lebai_interfaces/share/lebai_interfaces/cmake)\n'}
[1.804169] (-) TimerEvent: {}
[1.904825] (-) TimerEvent: {}
[1.910671] (grab_demo) StdoutLine: {'line': b'-- Found moveit_ros_planning_interface: 2.5.9 (/opt/ros/humble/share/moveit_ros_planning_interface/cmake)\n'}
[1.952173] (grab_demo) StdoutLine: {'line': b'-- Found Boost: /usr/lib/aarch64-linux-gnu/cmake/Boost-1.74.0/BoostConfig.cmake (found version "1.74.0") found components: date_time filesystem program_options system thread \n'}
[2.005005] (-) TimerEvent: {}
[2.105682] (-) TimerEvent: {}
[2.206353] (-) TimerEvent: {}
[2.209608] (grab_demo) StdoutLine: {'line': b'-- Found Boost: /usr/lib/aarch64-linux-gnu/cmake/Boost-1.74.0/BoostConfig.cmake (found version "1.74.0") found components: chrono date_time filesystem iostreams program_options regex serialization system thread \n'}
[2.274475] (grab_demo) StdoutLine: {'line': b'-- Found parameter_traits: 0.5.0 (/opt/ros/humble/share/parameter_traits/cmake)\n'}
[2.293122] (grab_demo) StdoutLine: {'line': b'-- Found rclcpp_lifecycle: 16.0.15 (/opt/ros/humble/share/rclcpp_lifecycle/cmake)\n'}
[2.306461] (-) TimerEvent: {}
[2.342503] (grab_demo) StdoutLine: {'line': b'-- Found Boost: /usr/lib/aarch64-linux-gnu/cmake/Boost-1.74.0/BoostConfig.cmake (found version "1.74.0") found components: filesystem \n'}
[2.406648] (-) TimerEvent: {}
[2.417197] (grab_demo) StdoutLine: {'line': b'-- library: /usr/lib/aarch64-linux-gnu/libcurl.so\n'}
[2.506810] (-) TimerEvent: {}
[2.547434] (grab_demo) StdoutLine: {'line': b'-- Found Boost: /usr/lib/aarch64-linux-gnu/cmake/Boost-1.74.0/BoostConfig.cmake (found version "1.74.0") found components: system filesystem date_time program_options thread chrono \n'}
[2.605219] (grab_demo) StdoutLine: {'line': b'-- Found Boost: /usr/lib/aarch64-linux-gnu/cmake/Boost-1.74.0/BoostConfig.cmake (found version "1.74.0") found components: thread system filesystem regex date_time program_options \n'}
[2.606874] (-) TimerEvent: {}
[2.645262] (grab_demo) StdoutLine: {'line': b'-- Found Boost: /usr/lib/aarch64-linux-gnu/cmake/Boost-1.74.0/BoostConfig.cmake (found version "1.74.0") found components: system filesystem date_time program_options thread \n'}
[2.707085] (-) TimerEvent: {}
[2.807705] (-) TimerEvent: {}
[2.908392] (-) TimerEvent: {}
[3.009985] (-) TimerEvent: {}
[3.110769] (-) TimerEvent: {}
[3.161919] (grab_demo) StdoutLine: {'line': b'-- Found ament_cmake_ros: 0.10.0 (/opt/ros/humble/share/ament_cmake_ros/cmake)\n'}
[3.210962] (-) TimerEvent: {}
[3.311602] (-) TimerEvent: {}
[3.412377] (-) TimerEvent: {}
[3.513149] (-) TimerEvent: {}
[3.613861] (-) TimerEvent: {}
[3.714490] (-) TimerEvent: {}
[3.815183] (-) TimerEvent: {}
[3.916216] (-) TimerEvent: {}
[3.942158] (grab_demo) StdoutLine: {'line': b'-- Using all available rosidl_typesupport_c: rosidl_typesupport_fastrtps_c;rosidl_typesupport_introspection_c\n'}
[4.016361] (-) TimerEvent: {}
[4.117014] (-) TimerEvent: {}
[4.218081] (-) TimerEvent: {}
[4.241965] (grab_demo) StdoutLine: {'line': b'-- Using all available rosidl_typesupport_cpp: rosidl_typesupport_fastrtps_cpp;rosidl_typesupport_introspection_cpp\n'}
[4.302853] (grab_demo) StdoutLine: {'line': b'-- Found python_cmake_module: 0.10.0 (/opt/ros/humble/share/python_cmake_module/cmake)\n'}
[4.318233] (-) TimerEvent: {}
[4.365479] (grab_demo) StdoutLine: {'line': b'-- Using PYTHON_EXECUTABLE: /usr/bin/python3\n'}
[4.366183] (grab_demo) StdoutLine: {'line': b'-- Using PYTHON_INCLUDE_DIRS: /usr/include/python3.10\n'}
[4.366488] (grab_demo) StdoutLine: {'line': b'-- Using PYTHON_LIBRARIES: /usr/lib/aarch64-linux-gnu/libpython3.10.so\n'}
[4.418348] (-) TimerEvent: {}
[4.468187] (grab_demo) StdoutLine: {'line': b'-- Found ament_lint_auto: 0.12.14 (/opt/ros/humble/share/ament_lint_auto/cmake)\n'}
[4.513195] (grab_demo) StdoutLine: {'line': b"-- Added test 'cppcheck' to perform static code analysis on C / C++ code\n"}
[4.516188] (grab_demo) StdoutLine: {'line': b'-- Configured cppcheck include dirs: /home/dxf/wheeltec_lebai_humble_2024_7_17/src/grab_demo/include\n'}
[4.516586] (grab_demo) StdoutLine: {'line': b'-- Configured cppcheck exclude dirs and/or files: \n'}
[4.517993] (grab_demo) StdoutLine: {'line': b"-- Added test 'flake8' to check Python code syntax and style conventions\n"}
[4.518421] (-) TimerEvent: {}
[4.519544] (grab_demo) StdoutLine: {'line': b"-- Added test 'lint_cmake' to check CMake code style\n"}
[4.520630] (grab_demo) StdoutLine: {'line': b"-- Added test 'pep257' to check Python code against some of the docstring style conventions in PEP 257\n"}
[4.523265] (grab_demo) StdoutLine: {'line': b"-- Added test 'uncrustify' to check C / C++ code style\n"}
[4.523602] (grab_demo) StdoutLine: {'line': b'-- Configured uncrustify additional arguments: \n'}
[4.524196] (grab_demo) StdoutLine: {'line': b"-- Added test 'xmllint' to check XML markup files\n"}
[4.532037] (grab_demo) StdoutLine: {'line': b'-- Configuring done\n'}
[4.618619] (-) TimerEvent: {}
[4.719264] (-) TimerEvent: {}
[4.819916] (-) TimerEvent: {}
[4.872285] (grab_demo) StdoutLine: {'line': b'-- Generating done\n'}
[4.920108] (-) TimerEvent: {}
[4.967475] (grab_demo) StdoutLine: {'line': b'-- Build files have been written to: /home/dxf/wheeltec_lebai_humble_2024_7_17/build/grab_demo\n'}
[5.020272] (-) TimerEvent: {}
[5.033265] (grab_demo) CommandEnded: {'returncode': 0}
[5.035459] (grab_demo) JobProgress: {'identifier': 'grab_demo', 'progress': 'build'}
[5.037377] (grab_demo) Command: {'cmd': ['/usr/bin/cmake', '--build', '/home/dxf/wheeltec_lebai_humble_2024_7_17/build/grab_demo', '--', '-j6', '-l6'], 'cwd': '/home/dxf/wheeltec_lebai_humble_2024_7_17/build/grab_demo', 'env': OrderedDict([('PYTHON_BASIC_REPL', '1'), ('LESSOPEN', '| /usr/bin/lesspipe %s'), ('LANGUAGE', 'zh_CN:en_US:en'), ('USER', 'dxf'), ('SSH_CLIENT', '192.168.0.66 60207 22'), ('LC_TIME', 'zh_CN.UTF-8'), ('XDG_SESSION_TYPE', 'tty'), ('GIT_ASKPASS', '/home/dxf/.vscode-server/cli/servers/Stable-6f17636121051a53c88d3e605c491d22af2ba755/server/extensions/git/dist/askpass.sh'), ('SHLVL', '2'), ('LD_LIBRARY_PATH', '/home/dxf/wheeltec_lebai_humble_2024_7_17/install/lebai_interfaces/lib:/home/dxf/wheeltec_lebai_humble_2024_7_17/install/grab_demo/lib:/usr/local/opencv410/lib:/usr/local/lib:/usr/local/cuda-12.6/lib64:/usr/local/opencv410/lib:/usr/local/lib:/opt/ros/humble/opt/rviz_ogre_vendor/lib:/opt/ros/humble/lib/aarch64-linux-gnu:/opt/ros/humble/lib:/usr/local/cuda-12.6/lib64:'), ('BROWSER', '/home/dxf/.vscode-server/cli/servers/Stable-6f17636121051a53c88d3e605c491d22af2ba755/server/bin/helpers/browser.sh'), ('MOTD_SHOWN', 'pam'), ('HOME', '/home/dxf'), ('TERM_PROGRAM_VERSION', '1.103.2'), ('VSCODE_IPC_HOOK_CLI', '/run/user/1000/vscode-ipc-4a76855e-149f-4c07-8ef9-0ec7c8919919.sock'), ('ROS_PYTHON_VERSION', '3'), ('VSCODE_GIT_ASKPASS_MAIN', '/home/dxf/.vscode-server/cli/servers/Stable-6f17636121051a53c88d3e605c491d22af2ba755/server/extensions/git/dist/askpass-main.js'), ('LC_MONETARY', 'zh_CN.UTF-8'), ('VSCODE_GIT_ASKPASS_NODE', '/home/dxf/.vscode-server/cli/servers/Stable-6f17636121051a53c88d3e605c491d22af2ba755/server/node'), ('SSL_CERT_FILE', '/usr/lib/ssl/certs/ca-certificates.crt'), ('PYDEVD_DISABLE_FILE_VALIDATION', '1'), ('BUNDLED_DEBUGPY_PATH', '/home/dxf/.vscode-server/extensions/ms-python.debugpy-2025.14.1-linux-arm64/bundled/libs/debugpy'), ('DBUS_SESSION_BUS_ADDRESS', 'unix:path=/run/user/1000/bus'), ('COLORTERM', 'truecolor'), ('COLCON_PREFIX_PATH', '/home/dxf/wheeltec_lebai_humble_2024_7_17/install'), ('ROS_DISTRO', 'humble'), ('LOGNAME', 'dxf'), ('_', '/usr/bin/colcon'), ('ROS_VERSION', '2'), ('PKG_CONFIG_PATH', '/usr/local/opencv410/lib/pkgconfig:/usr/local/opencv410/lib/pkgconfig:'), ('XDG_SESSION_CLASS', 'user'), ('TERM', 'xterm-256color'), ('XDG_SESSION_ID', '29'), ('ROS_LOCALHOST_ONLY', '0'), ('PATH', '/usr/local/cuda-12.6/bin:/home/dxf/.vscode-server/cli/servers/Stable-6f17636121051a53c88d3e605c491d22af2ba755/server/bin/remote-cli:/opt/ros/humble/bin:/usr/local/cuda-12.6/bin:/usr/local/sbin:/usr/local/bin:/usr/sbin:/usr/bin:/sbin:/bin:/usr/games:/usr/local/games:/snap/bin:/home/dxf/.vscode-server/extensions/ms-python.debugpy-2025.14.1-linux-arm64/bundled/scripts/noConfigScripts'), ('PAPERSIZE', 'a4'), ('LC_ADDRESS', 'zh_CN.UTF-8'), ('XDG_RUNTIME_DIR', '/run/user/1000'), ('SSL_CERT_DIR', '/usr/lib/ssl/certs'), ('DISPLAY', 'localhost:10.0'), ('VSCODE_DEBUGPY_ADAPTER_ENDPOINTS', '/home/dxf/.vscode-server/extensions/ms-python.debugpy-2025.14.1-linux-arm64/.noConfigDebugAdapterEndpoints/endpoint-8b23ef7f21be4a2f.txt'), ('LANG', 'zh_CN.UTF-8'), ('PYTHONSTARTUP', '/home/dxf/.vscode-server/data/User/workspaceStorage/4ecfe97e1d690ce6b205eecd25d67bdf/ms-python.python/pythonrc.py'), ('LC_TELEPHONE', 'zh_CN.UTF-8'), ('LS_COLORS', 'rs=0:di=01;34:ln=01;36:mh=00:pi=40;33:so=01;35:do=01;35:bd=40;33;01:cd=40;33;01:or=40;31;01:mi=00:su=37;41:sg=30;43:ca=30;41:tw=30;42:ow=34;42:st=37;44:ex=01;32:*.tar=01;31:*.tgz=01;31:*.arc=01;31:*.arj=01;31:*.taz=01;31:*.lha=01;31:*.lz4=01;31:*.lzh=01;31:*.lzma=01;31:*.tlz=01;31:*.txz=01;31:*.tzo=01;31:*.t7z=01;31:*.zip=01;31:*.z=01;31:*.dz=01;31:*.gz=01;31:*.lrz=01;31:*.lz=01;31:*.lzo=01;31:*.xz=01;31:*.zst=01;31:*.tzst=01;31:*.bz2=01;31:*.bz=01;31:*.tbz=01;31:*.tbz2=01;31:*.tz=01;31:*.deb=01;31:*.rpm=01;31:*.jar=01;31:*.war=01;31:*.ear=01;31:*.sar=01;31:*.rar=01;31:*.alz=01;31:*.ace=01;31:*.zoo=01;31:*.cpio=01;31:*.7z=01;31:*.rz=01;31:*.cab=01;31:*.wim=01;31:*.swm=01;31:*.dwm=01;31:*.esd=01;31:*.jpg=01;35:*.jpeg=01;35:*.mjpg=01;35:*.mjpeg=01;35:*.gif=01;35:*.bmp=01;35:*.pbm=01;35:*.pgm=01;35:*.ppm=01;35:*.tga=01;35:*.xbm=01;35:*.xpm=01;35:*.tif=01;35:*.tiff=01;35:*.png=01;35:*.svg=01;35:*.svgz=01;35:*.mng=01;35:*.pcx=01;35:*.mov=01;35:*.mpg=01;35:*.mpeg=01;35:*.m2v=01;35:*.mkv=01;35:*.webm=01;35:*.webp=01;35:*.ogm=01;35:*.mp4=01;35:*.m4v=01;35:*.mp4v=01;35:*.vob=01;35:*.qt=01;35:*.nuv=01;35:*.wmv=01;35:*.asf=01;35:*.rm=01;35:*.rmvb=01;35:*.flc=01;35:*.avi=01;35:*.fli=01;35:*.flv=01;35:*.gl=01;35:*.dl=01;35:*.xcf=01;35:*.xwd=01;35:*.yuv=01;35:*.cgm=01;35:*.emf=01;35:*.ogv=01;35:*.ogx=01;35:*.aac=00;36:*.au=00;36:*.flac=00;36:*.m4a=00;36:*.mid=00;36:*.midi=00;36:*.mka=00;36:*.mp3=00;36:*.mpc=00;36:*.ogg=00;36:*.ra=00;36:*.wav=00;36:*.oga=00;36:*.opus=00;36:*.spx=00;36:*.xspf=00;36:'), ('VSCODE_GIT_IPC_HANDLE', '/run/user/1000/vscode-git-42a3dc7ec5.sock'), ('TERM_PROGRAM', 'vscode'), ('AMENT_PREFIX_PATH', '/home/dxf/wheeltec_lebai_humble_2024_7_17/install/lebai_tutorials:/home/dxf/wheeltec_lebai_humble_2024_7_17/install/lebai_resources:/home/dxf/wheeltec_lebai_humble_2024_7_17/install/lebai_lm3_moveit_config:/home/dxf/wheeltec_lebai_humble_2024_7_17/install/lebai_lm3_support:/home/dxf/wheeltec_lebai_humble_2024_7_17/install/lebai_interfaces:/home/dxf/wheeltec_lebai_humble_2024_7_17/install/lebai_driver:/home/dxf/wheeltec_lebai_humble_2024_7_17/install/grab_demo:/home/dxf/wheeltec_lebai_humble_2024_7_17/install/arm_demo:/opt/ros/humble'), ('SHELL', '/bin/bash'), ('LC_NAME', 'zh_CN.UTF-8'), ('LESSCLOSE', '/usr/bin/lesspipe %s %s'), ('LC_MEASUREMENT', 'zh_CN.UTF-8'), ('OpenCV_DIR', '/usr/local/opencv410/lib/cmake/opencv4'), ('LC_IDENTIFICATION', 'zh_CN.UTF-8'), ('VSCODE_GIT_ASKPASS_EXTRA_ARGS', ''), ('PWD', '/home/dxf/wheeltec_lebai_humble_2024_7_17/build/grab_demo'), ('SSH_CONNECTION', '192.168.0.66 60207 192.168.0.100 22'), ('XDG_DATA_DIRS', '/usr/share/gnome:/usr/local/share:/usr/share:/var/lib/snapd/desktop'), ('PYTHONPATH', '/home/dxf/wheeltec_lebai_humble_2024_7_17/install/lebai_interfaces/local/lib/python3.10/dist-packages:/home/dxf/wheeltec_lebai_humble_2024_7_17/install/lebai_driver/lib/python3.10/site-packages:/home/dxf/wheeltec_lebai_humble_2024_7_17/install/grab_demo/local/lib/python3.10/dist-packages:/opt/ros/humble/lib/python3.10/site-packages:/opt/ros/humble/local/lib/python3.10/dist-packages'), ('LC_NUMERIC', 'zh_CN.UTF-8'), ('LC_PAPER', 'zh_CN.UTF-8'), ('COLCON', '1'), ('CMAKE_PREFIX_PATH', '/home/dxf/wheeltec_lebai_humble_2024_7_17/install/lebai_tutorials:/home/dxf/wheeltec_lebai_humble_2024_7_17/install/lebai_resources:/home/dxf/wheeltec_lebai_humble_2024_7_17/install/lebai_lm3_moveit_config:/home/dxf/wheeltec_lebai_humble_2024_7_17/install/lebai_lm3_support:/home/dxf/wheeltec_lebai_humble_2024_7_17/install/lebai_interfaces:/home/dxf/wheeltec_lebai_humble_2024_7_17/install/grab_demo:/home/dxf/wheeltec_lebai_humble_2024_7_17/install/arm_demo:/usr/local/opencv410:/usr/local/opencv410::/home/dxf/wheeltec_lebai_humble_2024_7_17/install/lebai_driver:/opt/ros/humble')]), 'shell': False}
[5.120459] (-) TimerEvent: {}
[5.182999] (grab_demo) StdoutLine: {'line': b'\x1b[35m\x1b[1mConsolidate compiler generated dependencies of target grab_demo__rosidl_generator_c\x1b[0m\n'}
[5.219105] (grab_demo) StdoutLine: {'line': b'\x1b[35m\x1b[1mConsolidate compiler generated dependencies of target charuco_dectet_node\x1b[0m\n'}
[5.220580] (-) TimerEvent: {}
[5.243241] (grab_demo) StdoutLine: {'line': b'\x1b[35m\x1b[1mConsolidate compiler generated dependencies of target hsv_range\x1b[0m\n'}
[5.251881] (grab_demo) StdoutLine: {'line': b'[  6%] Built target grab_demo__rosidl_generator_c\n'}
[5.267818] (grab_demo) StdoutLine: {'line': b'[  8%] Built target grab_demo__cpp\n'}
[5.277728] (grab_demo) StdoutLine: {'line': b'\x1b[35m\x1b[1mConsolidate compiler generated dependencies of target aruco_dectet\x1b[0m\n'}
[5.316618] (grab_demo) StdoutLine: {'line': b'\x1b[35m\x1b[1mConsolidate compiler generated dependencies of target hand_eye\x1b[0m\n'}
[5.320759] (-) TimerEvent: {}
[5.334018] (grab_demo) StdoutLine: {'line': b'\x1b[35m\x1b[1mConsolidate compiler generated dependencies of target camera_info_node\x1b[0m\n'}
[5.420954] (-) TimerEvent: {}
[5.427934] (grab_demo) StdoutLine: {'line': b'[ 12%] Built target aruco_dectet\n'}
[5.448847] (grab_demo) StdoutLine: {'line': b'[ 12%] Built target ament_cmake_python_copy_grab_demo\n'}
[5.456227] (grab_demo) StdoutLine: {'line': b'[ 17%] Built target hsv_range\n'}
[5.472105] (grab_demo) StdoutLine: {'line': b'[ 21%] Built target charuco_dectet_node\n'}
[5.483424] (grab_demo) StdoutLine: {'line': b'\x1b[35m\x1b[1mConsolidate compiler generated dependencies of target grab_demo__rosidl_typesupport_fastrtps_c\x1b[0m\n'}
[5.521128] (-) TimerEvent: {}
[5.530968] (grab_demo) StdoutLine: {'line': b'[ 25%] Built target camera_info_node\n'}
[5.567116] (grab_demo) StdoutLine: {'line': b'[ 31%] Built target grab_demo__rosidl_typesupport_fastrtps_c\n'}
[5.585056] (grab_demo) StdoutLine: {'line': b'\x1b[35m\x1b[1mConsolidate compiler generated dependencies of target grab_demo__rosidl_typesupport_cpp\x1b[0m\n'}
[5.591185] (grab_demo) StdoutLine: {'line': b'\x1b[35m\x1b[1mConsolidate compiler generated dependencies of target grab_demo__rosidl_typesupport_c\x1b[0m\n'}
[5.621519] (-) TimerEvent: {}
[5.632866] (grab_demo) StdoutLine: {'line': b'\x1b[35m\x1b[1mConsolidate compiler generated dependencies of target grab_demo__rosidl_typesupport_fastrtps_cpp\x1b[0m\n'}
[5.654063] (grab_demo) StdoutLine: {'line': b'\x1b[35m\x1b[1mConsolidate compiler generated dependencies of target grab_demo__rosidl_typesupport_introspection_c\x1b[0m\n'}
[5.687659] (grab_demo) StdoutLine: {'line': b'[ 38%] Built target grab_demo__rosidl_typesupport_c\n'}
[5.689774] (grab_demo) StdoutLine: {'line': b'[ 40%] \x1b[32mBuilding CXX object CMakeFiles/hand_eye.dir/src/hand_eye.cpp.o\x1b[0m\n'}
[5.691406] (grab_demo) StdoutLine: {'line': b'\x1b[35m\x1b[1mConsolidate compiler generated dependencies of target grab_demo__rosidl_typesupport_introspection_cpp\x1b[0m\n'}
[5.716969] (grab_demo) StdoutLine: {'line': b'[ 46%] Built target grab_demo__rosidl_typesupport_introspection_c\n'}
[5.721680] (-) TimerEvent: {}
[5.736024] (grab_demo) StdoutLine: {'line': b'[ 53%] Built target grab_demo__rosidl_typesupport_cpp\n'}
[5.751396] (grab_demo) StdoutLine: {'line': b'[ 59%] Built target grab_demo__rosidl_typesupport_fastrtps_cpp\n'}
[5.805161] (grab_demo) StdoutLine: {'line': b'\x1b[35m\x1b[1mConsolidate compiler generated dependencies of target grab_service_node\x1b[0m\n'}
[5.821873] (-) TimerEvent: {}
[5.896834] (grab_demo) StdoutLine: {'line': b'\x1b[35m\x1b[1mConsolidate compiler generated dependencies of target nav_grab\x1b[0m\n'}
[5.922097] (-) TimerEvent: {}
[5.925240] (grab_demo) StdoutLine: {'line': b'[ 65%] Built target grab_demo__rosidl_typesupport_introspection_cpp\n'}
[5.955635] (grab_demo) StdoutLine: {'line': b'\x1b[35m\x1b[1mConsolidate compiler generated dependencies of target start_grab\x1b[0m\n'}
[6.022366] (-) TimerEvent: {}
[6.059571] (grab_demo) StdoutLine: {'line': b'[ 70%] Built target nav_grab\n'}
[6.078034] (grab_demo) StdoutLine: {'line': b'[ 72%] \x1b[32mBuilding CXX object CMakeFiles/grab_service_node.dir/src/grab_service_node.cpp.o\x1b[0m\n'}
[6.094938] (grab_demo) StdoutLine: {'line': b'[ 72%] Built target grab_demo\n'}
[6.122527] (-) TimerEvent: {}
[6.223174] (-) TimerEvent: {}
[6.237198] (grab_demo) StdoutLine: {'line': b'[ 74%] Built target grab_demo__py\n'}
[6.237700] (grab_demo) StdoutLine: {'line': b'[ 76%] \x1b[32mBuilding CXX object CMakeFiles/start_grab.dir/src/start_grab.cpp.o\x1b[0m\n'}
[6.291141] (grab_demo) StdoutLine: {'line': b'\x1b[35m\x1b[1mConsolidate compiler generated dependencies of target grab_demo__rosidl_generator_py\x1b[0m\n'}
[6.323337] (-) TimerEvent: {}
[6.424432] (-) TimerEvent: {}
[6.429254] (grab_demo) StdoutLine: {'line': b'[ 80%] Built target grab_demo__rosidl_generator_py\n'}
[6.455716] (grab_demo) StdoutLine: {'line': b'\x1b[35m\x1b[1mConsolidate compiler generated dependencies of target grab_demo__rosidl_typesupport_introspection_c__pyext\x1b[0m\n'}
[6.520748] (grab_demo) StdoutLine: {'line': b'[ 85%] Built target grab_demo__rosidl_typesupport_introspection_c__pyext\n'}
[6.524621] (-) TimerEvent: {}
[6.544080] (grab_demo) StdoutLine: {'line': b'\x1b[35m\x1b[1mConsolidate compiler generated dependencies of target grab_demo__rosidl_typesupport_c__pyext\x1b[0m\n'}
[6.585964] (grab_demo) StdoutLine: {'line': b'[ 89%] Built target grab_demo__rosidl_typesupport_c__pyext\n'}
[6.596494] (grab_demo) StdoutLine: {'line': b'\x1b[35m\x1b[1mConsolidate compiler generated dependencies of target grab_demo__rosidl_typesupport_fastrtps_c__pyext\x1b[0m\n'}
[6.624801] (-) TimerEvent: {}
[6.687682] (grab_demo) StdoutLine: {'line': b'[ 93%] Built target grab_demo__rosidl_typesupport_fastrtps_c__pyext\n'}
[6.724943] (-) TimerEvent: {}
[6.826032] (-) TimerEvent: {}
[6.926648] (-) TimerEvent: {}
[7.027533] (-) TimerEvent: {}
[7.128193] (-) TimerEvent: {}
[7.229218] (-) TimerEvent: {}
[7.331451] (-) TimerEvent: {}
[7.432719] (-) TimerEvent: {}
[7.508956] (grab_demo) StdoutLine: {'line': b'running egg_info\n'}
[7.511874] (grab_demo) StdoutLine: {'line': b'writing grab_demo.egg-info/PKG-INFO\n'}
[7.513689] (grab_demo) StdoutLine: {'line': b'writing dependency_links to grab_demo.egg-info/dependency_links.txt\n'}
[7.515648] (grab_demo) StdoutLine: {'line': b'writing top-level names to grab_demo.egg-info/top_level.txt\n'}
[7.532867] (-) TimerEvent: {}
[7.534129] (grab_demo) StdoutLine: {'line': b"reading manifest file 'grab_demo.egg-info/SOURCES.txt'\n"}
[7.536264] (grab_demo) StdoutLine: {'line': b"writing manifest file 'grab_demo.egg-info/SOURCES.txt'\n"}
[7.633081] (-) TimerEvent: {}
[7.734325] (-) TimerEvent: {}
[7.801634] (grab_demo) StdoutLine: {'line': b'[ 93%] Built target ament_cmake_python_build_grab_demo_egg\n'}
[7.834517] (-) TimerEvent: {}
[7.935514] (-) TimerEvent: {}
[8.036640] (-) TimerEvent: {}
[8.137757] (-) TimerEvent: {}
[8.238585] (-) TimerEvent: {}
[8.340622] (-) TimerEvent: {}
[8.442094] (-) TimerEvent: {}
[8.547422] (-) TimerEvent: {}
[8.648605] (-) TimerEvent: {}
[8.749499] (-) TimerEvent: {}
[8.850235] (-) TimerEvent: {}
[8.951361] (-) TimerEvent: {}
[9.052390] (-) TimerEvent: {}
[9.153365] (-) TimerEvent: {}
[9.254171] (-) TimerEvent: {}
[9.355302] (-) TimerEvent: {}
[9.456419] (-) TimerEvent: {}
[9.557113] (-) TimerEvent: {}
[9.657874] (-) TimerEvent: {}
[9.758698] (-) TimerEvent: {}
[9.860307] (-) TimerEvent: {}
[9.961743] (-) TimerEvent: {}
[10.063443] (-) TimerEvent: {}
[10.164912] (-) TimerEvent: {}
[10.266159] (-) TimerEvent: {}
[10.366999] (-) TimerEvent: {}
[10.468387] (-) TimerEvent: {}
[10.569288] (-) TimerEvent: {}
[10.670104] (-) TimerEvent: {}
[10.771433] (-) TimerEvent: {}
[10.872373] (-) TimerEvent: {}
[10.973509] (-) TimerEvent: {}
[11.074911] (-) TimerEvent: {}
[11.175661] (-) TimerEvent: {}
[11.276644] (-) TimerEvent: {}
[11.377723] (-) TimerEvent: {}
[11.480398] (-) TimerEvent: {}
[11.581354] (-) TimerEvent: {}
[11.682174] (-) TimerEvent: {}
[11.783460] (-) TimerEvent: {}
[11.884384] (-) TimerEvent: {}
[11.985433] (-) TimerEvent: {}
[12.086409] (-) TimerEvent: {}
[12.187657] (-) TimerEvent: {}
[12.297298] (-) TimerEvent: {}
[12.401858] (-) TimerEvent: {}
[12.507217] (-) TimerEvent: {}
[12.608174] (-) TimerEvent: {}
[12.708979] (-) TimerEvent: {}
[12.809822] (-) TimerEvent: {}
[12.910660] (-) TimerEvent: {}
[13.011460] (-) TimerEvent: {}
[13.112323] (-) TimerEvent: {}
[13.213534] (-) TimerEvent: {}
[13.314538] (-) TimerEvent: {}
[13.419957] (-) TimerEvent: {}
[13.521125] (-) TimerEvent: {}
[13.621913] (-) TimerEvent: {}
[13.724015] (-) TimerEvent: {}
[13.828019] (-) TimerEvent: {}
[13.931991] (-) TimerEvent: {}
[14.032605] (-) TimerEvent: {}
[14.133788] (-) TimerEvent: {}
[14.235540] (-) TimerEvent: {}
[14.337410] (-) TimerEvent: {}
[14.438294] (-) TimerEvent: {}
[14.539228] (-) TimerEvent: {}
[14.649220] (-) TimerEvent: {}
[14.750181] (-) TimerEvent: {}
[14.852403] (-) TimerEvent: {}
[14.960018] (-) TimerEvent: {}
[15.068041] (-) TimerEvent: {}
[15.176010] (-) TimerEvent: {}
[15.280045] (-) TimerEvent: {}
[15.380750] (-) TimerEvent: {}
[15.481441] (-) TimerEvent: {}
[15.582139] (-) TimerEvent: {}
[15.682870] (-) TimerEvent: {}
[15.783556] (-) TimerEvent: {}
[15.884259] (-) TimerEvent: {}
[15.984966] (-) TimerEvent: {}
[16.085719] (-) TimerEvent: {}
[16.186848] (-) TimerEvent: {}
[16.288007] (-) TimerEvent: {}
[16.388694] (-) TimerEvent: {}
[16.489776] (-) TimerEvent: {}
[16.590499] (-) TimerEvent: {}
[16.691203] (-) TimerEvent: {}
[16.791967] (-) TimerEvent: {}
[16.892776] (-) TimerEvent: {}
[16.993449] (-) TimerEvent: {}
[17.094124] (-) TimerEvent: {}
[17.194848] (-) TimerEvent: {}
[17.295775] (-) TimerEvent: {}
[17.396535] (-) TimerEvent: {}
[17.497263] (-) TimerEvent: {}
[17.597960] (-) TimerEvent: {}
[17.698657] (-) TimerEvent: {}
[17.799372] (-) TimerEvent: {}
[17.900095] (-) TimerEvent: {}
[18.000811] (-) TimerEvent: {}
[18.101521] (-) TimerEvent: {}
[18.202315] (-) TimerEvent: {}
[18.303321] (-) TimerEvent: {}
[18.404112] (-) TimerEvent: {}
[18.504849] (-) TimerEvent: {}
[18.605613] (-) TimerEvent: {}
[18.706432] (-) TimerEvent: {}
[18.807778] (-) TimerEvent: {}
[18.908781] (-) TimerEvent: {}
[19.009534] (-) TimerEvent: {}
[19.110795] (-) TimerEvent: {}
[19.211987] (-) TimerEvent: {}
[19.312985] (-) TimerEvent: {}
[19.414008] (-) TimerEvent: {}
[19.515150] (-) TimerEvent: {}
[19.615876] (-) TimerEvent: {}
[19.716980] (-) TimerEvent: {}
[19.818178] (-) TimerEvent: {}
[19.918895] (-) TimerEvent: {}
[20.020036] (-) TimerEvent: {}
[20.120724] (-) TimerEvent: {}
[20.221424] (-) TimerEvent: {}
[20.322134] (-) TimerEvent: {}
[20.422898] (-) TimerEvent: {}
[20.523630] (-) TimerEvent: {}
[20.624517] (-) TimerEvent: {}
[20.725415] (-) TimerEvent: {}
[20.826141] (-) TimerEvent: {}
[20.926874] (-) TimerEvent: {}
[21.027565] (-) TimerEvent: {}
[21.128302] (-) TimerEvent: {}
[21.229174] (-) TimerEvent: {}
[21.329878] (-) TimerEvent: {}
[21.430598] (-) TimerEvent: {}
[21.531382] (-) TimerEvent: {}
[21.632103] (-) TimerEvent: {}
[21.732836] (-) TimerEvent: {}
[21.833876] (-) TimerEvent: {}
[21.934724] (-) TimerEvent: {}
[22.035488] (-) TimerEvent: {}
[22.136227] (-) TimerEvent: {}
[22.236915] (-) TimerEvent: {}
[22.337700] (-) TimerEvent: {}
[22.438455] (-) TimerEvent: {}
[22.539209] (-) TimerEvent: {}
[22.639943] (-) TimerEvent: {}
[22.740947] (-) TimerEvent: {}
[22.841695] (-) TimerEvent: {}
[22.942427] (-) TimerEvent: {}
[23.043291] (-) TimerEvent: {}
[23.144058] (-) TimerEvent: {}
[23.245626] (-) TimerEvent: {}
[23.346783] (-) TimerEvent: {}
[23.447726] (-) TimerEvent: {}
[23.548514] (-) TimerEvent: {}
[23.649360] (-) TimerEvent: {}
[23.750451] (-) TimerEvent: {}
[23.851443] (-) TimerEvent: {}
[23.953028] (-) TimerEvent: {}
[24.054224] (-) TimerEvent: {}
[24.156246] (-) TimerEvent: {}
[24.257297] (-) TimerEvent: {}
[24.357991] (-) TimerEvent: {}
[24.459481] (-) TimerEvent: {}
[24.568027] (-) TimerEvent: {}
[24.668715] (-) TimerEvent: {}
[24.769466] (-) TimerEvent: {}
[24.870167] (-) TimerEvent: {}
[24.970925] (-) TimerEvent: {}
[25.072273] (-) TimerEvent: {}
[25.172980] (-) TimerEvent: {}
[25.273723] (-) TimerEvent: {}
[25.374436] (-) TimerEvent: {}
[25.475139] (-) TimerEvent: {}
[25.576269] (-) TimerEvent: {}
[25.677430] (-) TimerEvent: {}
[25.778141] (-) TimerEvent: {}
[25.878860] (-) TimerEvent: {}
[25.979694] (-) TimerEvent: {}
[26.080888] (-) TimerEvent: {}
[26.181755] (-) TimerEvent: {}
[26.282470] (-) TimerEvent: {}
[26.383201] (-) TimerEvent: {}
[26.483934] (-) TimerEvent: {}
[26.584644] (-) TimerEvent: {}
[26.685363] (-) TimerEvent: {}
[26.786068] (-) TimerEvent: {}
[26.886809] (-) TimerEvent: {}
[26.987509] (-) TimerEvent: {}
[27.088237] (-) TimerEvent: {}
[27.189032] (-) TimerEvent: {}
[27.289804] (-) TimerEvent: {}
[27.390644] (-) TimerEvent: {}
[27.491463] (-) TimerEvent: {}
[27.592221] (-) TimerEvent: {}
[27.692953] (-) TimerEvent: {}
[27.793695] (-) TimerEvent: {}
[27.894413] (-) TimerEvent: {}
[27.995207] (-) TimerEvent: {}
[28.095966] (-) TimerEvent: {}
[28.197004] (-) TimerEvent: {}
[28.297674] (-) TimerEvent: {}
[28.398412] (-) TimerEvent: {}
[28.499592] (-) TimerEvent: {}
[28.600764] (-) TimerEvent: {}
[28.703381] (-) TimerEvent: {}
[28.812012] (-) TimerEvent: {}
[28.916023] (-) TimerEvent: {}
[29.017079] (-) TimerEvent: {}
[29.117777] (-) TimerEvent: {}
[29.218733] (-) TimerEvent: {}
[29.319438] (-) TimerEvent: {}
[29.420289] (-) TimerEvent: {}
[29.520958] (-) TimerEvent: {}
[29.621658] (-) TimerEvent: {}
[29.722400] (-) TimerEvent: {}
[29.823394] (-) TimerEvent: {}
[29.924089] (-) TimerEvent: {}
[30.033393] (-) TimerEvent: {}
[30.147423] (-) TimerEvent: {}
[30.248186] (-) TimerEvent: {}
[30.348904] (-) TimerEvent: {}
[30.449605] (-) TimerEvent: {}
[30.550348] (-) TimerEvent: {}
[30.651045] (-) TimerEvent: {}
[30.751987] (-) TimerEvent: {}
[30.852698] (-) TimerEvent: {}
[30.953391] (-) TimerEvent: {}
[31.054093] (-) TimerEvent: {}
[31.154808] (-) TimerEvent: {}
[31.255510] (-) TimerEvent: {}
[31.356354] (-) TimerEvent: {}
[31.457053] (-) TimerEvent: {}
[31.557761] (-) TimerEvent: {}
[31.658464] (-) TimerEvent: {}
[31.759202] (-) TimerEvent: {}
[31.861729] (-) TimerEvent: {}
[31.962388] (-) TimerEvent: {}
[32.063036] (-) TimerEvent: {}
[32.163753] (-) TimerEvent: {}
[32.264511] (-) TimerEvent: {}
[32.365456] (-) TimerEvent: {}
[32.466177] (-) TimerEvent: {}
[32.567401] (-) TimerEvent: {}
[32.668377] (-) TimerEvent: {}
[32.769386] (-) TimerEvent: {}
[32.870400] (-) TimerEvent: {}
[32.971602] (-) TimerEvent: {}
[33.072461] (-) TimerEvent: {}
[33.173175] (-) TimerEvent: {}
[33.273897] (-) TimerEvent: {}
[33.374711] (-) TimerEvent: {}
[33.476476] (-) TimerEvent: {}
[33.577599] (-) TimerEvent: {}
[33.678354] (-) TimerEvent: {}
[33.779380] (-) TimerEvent: {}
[33.880206] (-) TimerEvent: {}
[33.981127] (-) TimerEvent: {}
[34.081848] (-) TimerEvent: {}
[34.182572] (-) TimerEvent: {}
[34.288057] (-) TimerEvent: {}
[34.389842] (-) TimerEvent: {}
[34.490837] (-) TimerEvent: {}
[34.592093] (-) TimerEvent: {}
[34.693158] (-) TimerEvent: {}
[34.800091] (-) TimerEvent: {}
[34.900826] (-) TimerEvent: {}
[35.001555] (-) TimerEvent: {}
[35.102433] (-) TimerEvent: {}
[35.203888] (-) TimerEvent: {}
[35.305152] (-) TimerEvent: {}
[35.406293] (-) TimerEvent: {}
[35.507382] (-) TimerEvent: {}
[35.608477] (-) TimerEvent: {}
[35.709231] (-) TimerEvent: {}
[35.809961] (-) TimerEvent: {}
[35.910677] (-) TimerEvent: {}
[36.011440] (-) TimerEvent: {}
[36.112191] (-) TimerEvent: {}
[36.212905] (-) TimerEvent: {}
[36.313625] (-) TimerEvent: {}
[36.414368] (-) TimerEvent: {}
[36.515515] (-) TimerEvent: {}
[36.616615] (-) TimerEvent: {}
[36.717340] (-) TimerEvent: {}
[36.818035] (-) TimerEvent: {}
[36.918757] (-) TimerEvent: {}
[37.019929] (-) TimerEvent: {}
[37.121351] (-) TimerEvent: {}
[37.222729] (-) TimerEvent: {}
[37.324014] (-) TimerEvent: {}
[37.425093] (-) TimerEvent: {}
[37.527959] (-) TimerEvent: {}
[37.628715] (-) TimerEvent: {}
[37.730440] (-) TimerEvent: {}
[37.832723] (-) TimerEvent: {}
[37.934389] (-) TimerEvent: {}
[38.035133] (-) TimerEvent: {}
[38.135922] (-) TimerEvent: {}
[38.237750] (-) TimerEvent: {}
[38.338647] (-) TimerEvent: {}
[38.439706] (-) TimerEvent: {}
[38.540818] (-) TimerEvent: {}
[38.641908] (-) TimerEvent: {}
[38.743195] (-) TimerEvent: {}
[38.844947] (-) TimerEvent: {}
[38.946508] (-) TimerEvent: {}
[39.047710] (-) TimerEvent: {}
[39.148526] (-) TimerEvent: {}
[39.249240] (-) TimerEvent: {}
[39.349973] (-) TimerEvent: {}
[39.451009] (-) TimerEvent: {}
[39.551728] (-) TimerEvent: {}
[39.652422] (-) TimerEvent: {}
[39.753155] (-) TimerEvent: {}
[39.854150] (-) TimerEvent: {}
[39.954867] (-) TimerEvent: {}
[40.055550] (-) TimerEvent: {}
[40.156762] (-) TimerEvent: {}
[40.257755] (-) TimerEvent: {}
[40.358716] (-) TimerEvent: {}
[40.459394] (-) TimerEvent: {}
[40.560555] (-) TimerEvent: {}
[40.661253] (-) TimerEvent: {}
[40.762745] (-) TimerEvent: {}
[40.863984] (-) TimerEvent: {}
[40.965125] (-) TimerEvent: {}
[41.065833] (-) TimerEvent: {}
[41.166639] (-) TimerEvent: {}
[41.267662] (-) TimerEvent: {}
[41.368350] (-) TimerEvent: {}
[41.469022] (-) TimerEvent: {}
[41.569728] (-) TimerEvent: {}
[41.670422] (-) TimerEvent: {}
[41.771567] (-) TimerEvent: {}
[41.872742] (-) TimerEvent: {}
[41.973887] (-) TimerEvent: {}
[42.074622] (-) TimerEvent: {}
[42.175776] (-) TimerEvent: {}
[42.277206] (-) TimerEvent: {}
[42.377915] (-) TimerEvent: {}
[42.478609] (-) TimerEvent: {}
[42.579270] (-) TimerEvent: {}
[42.679963] (-) TimerEvent: {}
[42.780640] (-) TimerEvent: {}
[42.881563] (-) TimerEvent: {}
[42.982258] (-) TimerEvent: {}
[43.082971] (-) TimerEvent: {}
[43.183646] (-) TimerEvent: {}
[43.284552] (-) TimerEvent: {}
[43.388225] (-) TimerEvent: {}
[43.489135] (-) TimerEvent: {}
[43.590375] (-) TimerEvent: {}
[43.691583] (-) TimerEvent: {}
[43.792976] (-) TimerEvent: {}
[43.893677] (-) TimerEvent: {}
[43.994402] (-) TimerEvent: {}
[44.095893] (-) TimerEvent: {}
[44.196553] (-) TimerEvent: {}
[44.297266] (-) TimerEvent: {}
[44.397945] (-) TimerEvent: {}
[44.498874] (-) TimerEvent: {}
[44.599559] (-) TimerEvent: {}
[44.700306] (-) TimerEvent: {}
[44.801512] (-) TimerEvent: {}
[44.902565] (-) TimerEvent: {}
[45.003317] (-) TimerEvent: {}
[45.104357] (-) TimerEvent: {}
[45.205042] (-) TimerEvent: {}
[45.305764] (-) TimerEvent: {}
[45.406473] (-) TimerEvent: {}
[45.507155] (-) TimerEvent: {}
[45.607854] (-) TimerEvent: {}
[45.708692] (-) TimerEvent: {}
[45.809390] (-) TimerEvent: {}
[45.910201] (-) TimerEvent: {}
[46.010903] (-) TimerEvent: {}
[46.112590] (-) TimerEvent: {}
[46.213314] (-) TimerEvent: {}
[46.314000] (-) TimerEvent: {}
[46.414829] (-) TimerEvent: {}
[46.515557] (-) TimerEvent: {}
[46.616352] (-) TimerEvent: {}
[46.717092] (-) TimerEvent: {}
[46.817802] (-) TimerEvent: {}
[46.918559] (-) TimerEvent: {}
[47.019243] (-) TimerEvent: {}
[47.120075] (-) TimerEvent: {}
[47.223180] (-) TimerEvent: {}
[47.323925] (-) TimerEvent: {}
[47.424621] (-) TimerEvent: {}
[47.525687] (-) TimerEvent: {}
[47.626381] (-) TimerEvent: {}
[47.727134] (-) TimerEvent: {}
[47.828146] (-) TimerEvent: {}
[47.928960] (-) TimerEvent: {}
[48.029848] (-) TimerEvent: {}
[48.130564] (-) TimerEvent: {}
[48.231252] (-) TimerEvent: {}
[48.331967] (-) TimerEvent: {}
[48.432791] (-) TimerEvent: {}
[48.533797] (-) TimerEvent: {}
[48.634563] (-) TimerEvent: {}
[48.735448] (-) TimerEvent: {}
[48.836256] (-) TimerEvent: {}
[48.937754] (-) TimerEvent: {}
[49.038964] (-) TimerEvent: {}
[49.140703] (-) TimerEvent: {}
[49.241504] (-) TimerEvent: {}
[49.342380] (-) TimerEvent: {}
[49.443536] (-) TimerEvent: {}
[49.544637] (-) TimerEvent: {}
[49.645910] (-) TimerEvent: {}
[49.746820] (-) TimerEvent: {}
[49.848296] (-) TimerEvent: {}
[49.949407] (-) TimerEvent: {}
[50.050658] (-) TimerEvent: {}
[50.152514] (-) TimerEvent: {}
[50.255132] (-) TimerEvent: {}
[50.355870] (-) TimerEvent: {}
[50.456626] (-) TimerEvent: {}
[50.557332] (-) TimerEvent: {}
[50.658514] (-) TimerEvent: {}
[50.759819] (-) TimerEvent: {}
[50.861323] (-) TimerEvent: {}
[50.962079] (-) TimerEvent: {}
[51.062781] (-) TimerEvent: {}
[51.163535] (-) TimerEvent: {}
[51.264211] (-) TimerEvent: {}
[51.364890] (-) TimerEvent: {}
[51.465848] (-) TimerEvent: {}
[51.566584] (-) TimerEvent: {}
[51.667649] (-) TimerEvent: {}
[51.768722] (-) TimerEvent: {}
[51.869532] (-) TimerEvent: {}
[51.970745] (-) TimerEvent: {}
[52.071466] (-) TimerEvent: {}
[52.172566] (-) TimerEvent: {}
[52.273233] (-) TimerEvent: {}
[52.373940] (-) TimerEvent: {}
[52.474592] (-) TimerEvent: {}
[52.575516] (-) TimerEvent: {}
[52.676307] (-) TimerEvent: {}
[52.777186] (-) TimerEvent: {}
[52.877870] (-) TimerEvent: {}
[52.980212] (-) TimerEvent: {}
[53.080918] (-) TimerEvent: {}
[53.181641] (-) TimerEvent: {}
[53.282721] (-) TimerEvent: {}
[53.383707] (-) TimerEvent: {}
[53.485150] (-) TimerEvent: {}
[53.585926] (-) TimerEvent: {}
[53.687023] (-) TimerEvent: {}
[53.787701] (-) TimerEvent: {}
[53.888639] (-) TimerEvent: {}
[53.989407] (-) TimerEvent: {}
[54.090132] (-) TimerEvent: {}
[54.190842] (-) TimerEvent: {}
[54.291527] (-) TimerEvent: {}
[54.392481] (-) TimerEvent: {}
[54.493513] (-) TimerEvent: {}
[54.594200] (-) TimerEvent: {}
[54.694922] (-) TimerEvent: {}
[54.796091] (-) TimerEvent: {}
[54.896803] (-) TimerEvent: {}
[54.997822] (-) TimerEvent: {}
[55.100001] (-) TimerEvent: {}
[55.204024] (-) TimerEvent: {}
[55.304705] (-) TimerEvent: {}
[55.405367] (-) TimerEvent: {}
[55.506028] (-) TimerEvent: {}
[55.606684] (-) TimerEvent: {}
[55.707584] (-) TimerEvent: {}
[55.808616] (-) TimerEvent: {}
[55.909457] (-) TimerEvent: {}
[56.010509] (-) TimerEvent: {}
[56.111436] (-) TimerEvent: {}
[56.212590] (-) TimerEvent: {}
[56.313897] (-) TimerEvent: {}
[56.415486] (-) TimerEvent: {}
[56.518878] (-) TimerEvent: {}
[56.622610] (-) TimerEvent: {}
[56.723281] (-) TimerEvent: {}
[56.823958] (-) TimerEvent: {}
[56.924799] (-) TimerEvent: {}
[57.026230] (-) TimerEvent: {}
[57.127463] (-) TimerEvent: {}
[57.228983] (-) TimerEvent: {}
[57.330032] (-) TimerEvent: {}
[57.431090] (-) TimerEvent: {}
[57.532228] (-) TimerEvent: {}
[57.633392] (-) TimerEvent: {}
[57.734533] (-) TimerEvent: {}
[57.835685] (-) TimerEvent: {}
[57.936677] (-) TimerEvent: {}
[58.037385] (-) TimerEvent: {}
[58.138079] (-) TimerEvent: {}
[58.238767] (-) TimerEvent: {}
[58.339476] (-) TimerEvent: {}
[58.440173] (-) TimerEvent: {}
[58.540887] (-) TimerEvent: {}
[58.641615] (-) TimerEvent: {}
[58.742327] (-) TimerEvent: {}
[58.844337] (-) TimerEvent: {}
[58.944952] (-) TimerEvent: {}
[59.045852] (-) TimerEvent: {}
[59.146546] (-) TimerEvent: {}
[59.247227] (-) TimerEvent: {}
[59.347952] (-) TimerEvent: {}
[59.448684] (-) TimerEvent: {}
[59.549368] (-) TimerEvent: {}
[59.650102] (-) TimerEvent: {}
[59.760029] (-) TimerEvent: {}
[59.861247] (-) TimerEvent: {}
[59.961916] (-) TimerEvent: {}
[60.062735] (-) TimerEvent: {}
[60.163414] (-) TimerEvent: {}
[60.264158] (-) TimerEvent: {}
[60.364910] (-) TimerEvent: {}
[60.465672] (-) TimerEvent: {}
[60.566372] (-) TimerEvent: {}
[60.667101] (-) TimerEvent: {}
[60.767938] (-) TimerEvent: {}
[60.868640] (-) TimerEvent: {}
[60.969636] (-) TimerEvent: {}
[61.070510] (-) TimerEvent: {}
[61.171702] (-) TimerEvent: {}
[61.272758] (-) TimerEvent: {}
[61.373443] (-) TimerEvent: {}
[61.474348] (-) TimerEvent: {}
[61.575234] (-) TimerEvent: {}
[61.675932] (-) TimerEvent: {}
[61.776611] (-) TimerEvent: {}
[61.877292] (-) TimerEvent: {}
[61.978061] (-) TimerEvent: {}
[62.078802] (-) TimerEvent: {}
[62.179626] (-) TimerEvent: {}
[62.280810] (-) TimerEvent: {}
[62.381507] (-) TimerEvent: {}
[62.482331] (-) TimerEvent: {}
[62.583274] (-) TimerEvent: {}
[62.684362] (-) TimerEvent: {}
[62.785060] (-) TimerEvent: {}
[62.886049] (-) TimerEvent: {}
[62.987010] (-) TimerEvent: {}
[63.088393] (-) TimerEvent: {}
[63.189769] (-) TimerEvent: {}
[63.290941] (-) TimerEvent: {}
[63.391975] (-) TimerEvent: {}
[63.493218] (-) TimerEvent: {}
[63.594356] (-) TimerEvent: {}
[63.695048] (-) TimerEvent: {}
[63.795713] (-) TimerEvent: {}
[63.896560] (-) TimerEvent: {}
[64.011749] (-) TimerEvent: {}
[64.112886] (-) TimerEvent: {}
[64.213600] (-) TimerEvent: {}
[64.314664] (-) TimerEvent: {}
[64.416481] (-) TimerEvent: {}
[64.518467] (-) TimerEvent: {}
[64.619649] (-) TimerEvent: {}
[64.721274] (-) TimerEvent: {}
[64.822825] (-) TimerEvent: {}
[64.923547] (-) TimerEvent: {}
[65.024264] (-) TimerEvent: {}
[65.125023] (-) TimerEvent: {}
[65.225713] (-) TimerEvent: {}
[65.326443] (-) TimerEvent: {}
[65.427242] (-) TimerEvent: {}
[65.528012] (-) TimerEvent: {}
[65.628859] (-) TimerEvent: {}
[65.729814] (-) TimerEvent: {}
[65.830537] (-) TimerEvent: {}
[65.931213] (-) TimerEvent: {}
[66.032348] (-) TimerEvent: {}
[66.133032] (-) TimerEvent: {}
[66.233745] (-) TimerEvent: {}
[66.334430] (-) TimerEvent: {}
[66.435134] (-) TimerEvent: {}
[66.535881] (-) TimerEvent: {}
[66.636593] (-) TimerEvent: {}
[66.737371] (-) TimerEvent: {}
[66.838495] (-) TimerEvent: {}
[66.939965] (-) TimerEvent: {}
[67.040662] (-) TimerEvent: {}
[67.141393] (-) TimerEvent: {}
[67.242076] (-) TimerEvent: {}
[67.342744] (-) TimerEvent: {}
[67.443458] (-) TimerEvent: {}
[67.544209] (-) TimerEvent: {}
[67.644910] (-) TimerEvent: {}
[67.745971] (-) TimerEvent: {}
[67.847206] (-) TimerEvent: {}
[67.947924] (-) TimerEvent: {}
[68.048582] (-) TimerEvent: {}
[68.149505] (-) TimerEvent: {}
[68.250566] (-) TimerEvent: {}
[68.351757] (-) TimerEvent: {}
[68.452412] (-) TimerEvent: {}
[68.553292] (-) TimerEvent: {}
[68.653964] (-) TimerEvent: {}
[68.754654] (-) TimerEvent: {}
[68.855987] (-) TimerEvent: {}
[68.956866] (-) TimerEvent: {}
[69.057607] (-) TimerEvent: {}
[69.158755] (-) TimerEvent: {}
[69.259897] (-) TimerEvent: {}
[69.360578] (-) TimerEvent: {}
[69.461657] (-) TimerEvent: {}
[69.562324] (-) TimerEvent: {}
[69.662995] (-) TimerEvent: {}
[69.765658] (-) TimerEvent: {}
[69.866543] (-) TimerEvent: {}
[69.967232] (-) TimerEvent: {}
[70.068315] (-) TimerEvent: {}
[70.169011] (-) TimerEvent: {}
[70.269701] (-) TimerEvent: {}
[70.370987] (-) TimerEvent: {}
[70.472934] (-) TimerEvent: {}
[70.574327] (-) TimerEvent: {}
[70.675556] (-) TimerEvent: {}
[70.776260] (-) TimerEvent: {}
[70.877193] (-) TimerEvent: {}
[70.978300] (-) TimerEvent: {}
[71.079724] (-) TimerEvent: {}
[71.181363] (-) TimerEvent: {}
[71.282056] (-) TimerEvent: {}
[71.382698] (-) TimerEvent: {}
[71.483387] (-) TimerEvent: {}
[71.584113] (-) TimerEvent: {}
[71.692033] (-) TimerEvent: {}
[71.792720] (-) TimerEvent: {}
[71.893403] (-) TimerEvent: {}
[71.994198] (-) TimerEvent: {}
[72.094871] (-) TimerEvent: {}
[72.195632] (-) TimerEvent: {}
[72.296470] (-) TimerEvent: {}
[72.397190] (-) TimerEvent: {}
[72.497857] (-) TimerEvent: {}
[72.598504] (-) TimerEvent: {}
[72.699534] (-) TimerEvent: {}
[72.802334] (-) TimerEvent: {}
[72.903035] (-) TimerEvent: {}
[73.003692] (-) TimerEvent: {}
[73.104768] (-) TimerEvent: {}
[73.205522] (-) TimerEvent: {}
[73.306344] (-) TimerEvent: {}
[73.407106] (-) TimerEvent: {}
[73.507959] (-) TimerEvent: {}
[73.608657] (-) TimerEvent: {}
[73.709498] (-) TimerEvent: {}
[73.810859] (-) TimerEvent: {}
[73.911983] (-) TimerEvent: {}
[74.013036] (-) TimerEvent: {}
[74.113923] (-) TimerEvent: {}
[74.214946] (-) TimerEvent: {}
[74.315954] (-) TimerEvent: {}
[74.416912] (-) TimerEvent: {}
[74.517628] (-) TimerEvent: {}
[74.618299] (-) TimerEvent: {}
[74.718956] (-) TimerEvent: {}
[74.819902] (-) TimerEvent: {}
[74.921329] (-) TimerEvent: {}
[75.022018] (-) TimerEvent: {}
[75.122703] (-) TimerEvent: {}
[75.223748] (-) TimerEvent: {}
[75.324560] (-) TimerEvent: {}
[75.425235] (-) TimerEvent: {}
[75.525964] (-) TimerEvent: {}
[75.627026] (-) TimerEvent: {}
[75.727908] (-) TimerEvent: {}
[75.829167] (-) TimerEvent: {}
[75.930048] (-) TimerEvent: {}
[76.030710] (-) TimerEvent: {}
[76.131419] (-) TimerEvent: {}
[76.232114] (-) TimerEvent: {}
[76.332959] (-) TimerEvent: {}
[76.433634] (-) TimerEvent: {}
[76.534676] (-) TimerEvent: {}
[76.635414] (-) TimerEvent: {}
[76.736134] (-) TimerEvent: {}
[76.836795] (-) TimerEvent: {}
[76.937464] (-) TimerEvent: {}
[77.038171] (-) TimerEvent: {}
[77.138838] (-) TimerEvent: {}
[77.239528] (-) TimerEvent: {}
[77.340278] (-) TimerEvent: {}
[77.440995] (-) TimerEvent: {}
[77.542100] (-) TimerEvent: {}
[77.642745] (-) TimerEvent: {}
[77.743957] (-) TimerEvent: {}
[77.844996] (-) TimerEvent: {}
[77.945682] (-) TimerEvent: {}
[78.046401] (-) TimerEvent: {}
[78.147231] (-) TimerEvent: {}
[78.247954] (-) TimerEvent: {}
[78.348698] (-) TimerEvent: {}
[78.450115] (-) TimerEvent: {}
[78.551183] (-) TimerEvent: {}
[78.652371] (-) TimerEvent: {}
[78.753509] (-) TimerEvent: {}
[78.854241] (-) TimerEvent: {}
[78.954969] (-) TimerEvent: {}
[79.055798] (-) TimerEvent: {}
[79.156499] (-) TimerEvent: {}
[79.257682] (-) TimerEvent: {}
[79.360002] (-) TimerEvent: {}
[79.460709] (-) TimerEvent: {}
[79.561876] (-) TimerEvent: {}
[79.662606] (-) TimerEvent: {}
[79.763309] (-) TimerEvent: {}
[79.864064] (-) TimerEvent: {}
[79.964825] (-) TimerEvent: {}
[80.065538] (-) TimerEvent: {}
[80.166291] (-) TimerEvent: {}
[80.266981] (-) TimerEvent: {}
[80.367702] (-) TimerEvent: {}
[80.468458] (-) TimerEvent: {}
[80.569163] (-) TimerEvent: {}
[80.669854] (-) TimerEvent: {}
[80.770843] (-) TimerEvent: {}
[80.871526] (-) TimerEvent: {}
[80.972593] (-) TimerEvent: {}
[81.073324] (-) TimerEvent: {}
[81.174180] (-) TimerEvent: {}
[81.274906] (-) TimerEvent: {}
[81.375594] (-) TimerEvent: {}
[81.476278] (-) TimerEvent: {}
[81.576983] (-) TimerEvent: {}
[81.677710] (-) TimerEvent: {}
[81.778406] (-) TimerEvent: {}
[81.879218] (-) TimerEvent: {}
[81.980282] (-) TimerEvent: {}
[82.081418] (-) TimerEvent: {}
[82.182158] (-) TimerEvent: {}
[82.283871] (-) TimerEvent: {}
[82.385539] (-) TimerEvent: {}
[82.488208] (-) TimerEvent: {}
[82.589127] (-) TimerEvent: {}
[82.689849] (-) TimerEvent: {}
[82.790744] (-) TimerEvent: {}
[82.892690] (-) TimerEvent: {}
[82.994080] (-) TimerEvent: {}
[83.095025] (-) TimerEvent: {}
[83.195935] (-) TimerEvent: {}
[83.296615] (-) TimerEvent: {}
[83.399454] (-) TimerEvent: {}
[83.500738] (-) TimerEvent: {}
[83.601433] (-) TimerEvent: {}
[83.702123] (-) TimerEvent: {}
[83.802885] (-) TimerEvent: {}
[83.904020] (-) TimerEvent: {}
[84.005450] (-) TimerEvent: {}
[84.106147] (-) TimerEvent: {}
[84.206818] (-) TimerEvent: {}
[84.307483] (-) TimerEvent: {}
[84.408397] (-) TimerEvent: {}
[84.509451] (-) TimerEvent: {}
[84.610149] (-) TimerEvent: {}
[84.710962] (-) TimerEvent: {}
[84.811697] (-) TimerEvent: {}
[84.912571] (-) TimerEvent: {}
[85.013273] (-) TimerEvent: {}
[85.116015] (-) TimerEvent: {}
[85.216718] (-) TimerEvent: {}
[85.317444] (-) TimerEvent: {}
[85.418329] (-) TimerEvent: {}
[85.519091] (-) TimerEvent: {}
[85.619798] (-) TimerEvent: {}
[85.720637] (-) TimerEvent: {}
[85.822199] (-) TimerEvent: {}
[85.923154] (-) TimerEvent: {}
[86.023940] (-) TimerEvent: {}
[86.124708] (-) TimerEvent: {}
[86.225672] (-) TimerEvent: {}
[86.326365] (-) TimerEvent: {}
[86.427047] (-) TimerEvent: {}
[86.527738] (-) TimerEvent: {}
[86.628437] (-) TimerEvent: {}
[86.729178] (-) TimerEvent: {}
[86.830091] (-) TimerEvent: {}
[86.930817] (-) TimerEvent: {}
[87.031498] (-) TimerEvent: {}
[87.132218] (-) TimerEvent: {}
[87.232911] (-) TimerEvent: {}
[87.333669] (-) TimerEvent: {}
[87.434373] (-) TimerEvent: {}
[87.535104] (-) TimerEvent: {}
[87.635807] (-) TimerEvent: {}
[87.736511] (-) TimerEvent: {}
[87.837245] (-) TimerEvent: {}
[87.937979] (-) TimerEvent: {}
[88.038683] (-) TimerEvent: {}
[88.139357] (-) TimerEvent: {}
[88.240146] (-) TimerEvent: {}
[88.343116] (-) TimerEvent: {}
[88.444096] (-) TimerEvent: {}
[88.545444] (-) TimerEvent: {}
[88.646567] (-) TimerEvent: {}
[88.747495] (-) TimerEvent: {}
[88.848189] (-) TimerEvent: {}
[88.949010] (-) TimerEvent: {}
[89.049723] (-) TimerEvent: {}
[89.150384] (-) TimerEvent: {}
[89.251050] (-) TimerEvent: {}
[89.352106] (-) TimerEvent: {}
[89.453313] (-) TimerEvent: {}
[89.554379] (-) TimerEvent: {}
[89.655122] (-) TimerEvent: {}
[89.760028] (-) TimerEvent: {}
[89.864015] (-) TimerEvent: {}
[89.965502] (-) TimerEvent: {}
[90.067437] (-) TimerEvent: {}
[90.168563] (-) TimerEvent: {}
[90.277855] (-) TimerEvent: {}
[90.378791] (-) TimerEvent: {}
[90.479702] (-) TimerEvent: {}
[90.580930] (-) TimerEvent: {}
[90.681885] (-) TimerEvent: {}
[90.782736] (-) TimerEvent: {}
[90.883571] (-) TimerEvent: {}
[90.984609] (-) TimerEvent: {}
[91.085311] (-) TimerEvent: {}
[91.186062] (-) TimerEvent: {}
[91.287050] (-) TimerEvent: {}
[91.388977] (-) TimerEvent: {}
[91.489687] (-) TimerEvent: {}
[91.590508] (-) TimerEvent: {}
[91.691269] (-) TimerEvent: {}
[91.791993] (-) TimerEvent: {}
[91.892716] (-) TimerEvent: {}
[91.994073] (-) TimerEvent: {}
[92.096015] (-) TimerEvent: {}
[92.196743] (-) TimerEvent: {}
[92.297508] (-) TimerEvent: {}
[92.398182] (-) TimerEvent: {}
[92.500003] (-) TimerEvent: {}
[92.603570] (-) TimerEvent: {}
[92.704196] (-) TimerEvent: {}
[92.804917] (-) TimerEvent: {}
[92.905654] (-) TimerEvent: {}
[93.013157] (-) TimerEvent: {}
[93.113837] (-) TimerEvent: {}
[93.214585] (-) TimerEvent: {}
[93.315743] (-) TimerEvent: {}
[93.416791] (-) TimerEvent: {}
[93.517640] (-) TimerEvent: {}
[93.618432] (-) TimerEvent: {}
[93.719172] (-) TimerEvent: {}
[93.819942] (-) TimerEvent: {}
[93.920653] (-) TimerEvent: {}
[94.021466] (-) TimerEvent: {}
[94.122914] (-) TimerEvent: {}
[94.223938] (-) TimerEvent: {}
[94.324659] (-) TimerEvent: {}
[94.425363] (-) TimerEvent: {}
[94.526040] (-) TimerEvent: {}
[94.626774] (-) TimerEvent: {}
[94.727455] (-) TimerEvent: {}
[94.828185] (-) TimerEvent: {}
[94.928901] (-) TimerEvent: {}
[95.029972] (-) TimerEvent: {}
[95.130796] (-) TimerEvent: {}
[95.231631] (-) TimerEvent: {}
[95.332485] (-) TimerEvent: {}
[95.433188] (-) TimerEvent: {}
[95.533909] (-) TimerEvent: {}
[95.634636] (-) TimerEvent: {}
[95.735664] (-) TimerEvent: {}
[95.836684] (-) TimerEvent: {}
[95.937333] (-) TimerEvent: {}
[96.037966] (-) TimerEvent: {}
[96.138719] (-) TimerEvent: {}
[96.239406] (-) TimerEvent: {}
[96.340142] (-) TimerEvent: {}
[96.440847] (-) TimerEvent: {}
[96.541833] (-) TimerEvent: {}
[96.642854] (-) TimerEvent: {}
[96.743704] (-) TimerEvent: {}
[96.844866] (-) TimerEvent: {}
[96.945700] (-) TimerEvent: {}
[97.046738] (-) TimerEvent: {}
[97.148014] (-) TimerEvent: {}
[97.249158] (-) TimerEvent: {}
[97.349849] (-) TimerEvent: {}
[97.451410] (-) TimerEvent: {}
[97.552108] (-) TimerEvent: {}
[97.652842] (-) TimerEvent: {}
[97.753498] (-) TimerEvent: {}
[97.789071] (grab_demo) StderrLine: {'line': b'\x1b[01m\x1b[K/home/dxf/wheeltec_lebai_humble_2024_7_17/src/grab_demo/src/grab_service_node.cpp:\x1b[m\x1b[K In member function \xe2\x80\x98\x1b[01m\x1b[Kvoid obj_grab::start_grab(std::shared_ptr<grab_demo::srv::GrabObject_Request_<std::allocator<void> > >, std::shared_ptr<grab_demo::srv::GrabObject_Response_<std::allocator<void> > >)\x1b[m\x1b[K\xe2\x80\x99:\n'}
[97.807056] (grab_demo) StderrLine: {'line': b'\x1b[01m\x1b[K/home/dxf/wheeltec_lebai_humble_2024_7_17/src/grab_demo/src/grab_service_node.cpp:49:144:\x1b[m\x1b[K \x1b[01;35m\x1b[Kwarning: \x1b[m\x1b[Kunused parameter \xe2\x80\x98\x1b[01m\x1b[Kres\x1b[m\x1b[K\xe2\x80\x99 [\x1b[01;35m\x1b[K\x1b]8;;https://gcc.gnu.org/onlinedocs/gcc/Warning-Options.html#index-Wunused-parameter\x07-Wunused-parameter\x1b]8;;\x07\x1b[m\x1b[K]\n'}
[97.807963] (grab_demo) StderrLine: {'line': b'   49 | void obj_grab::start_grab(const std::shared_ptr<grab_demo::srv::GrabObject::Request> req,\x1b[01;35m\x1b[Kstd::shared_ptr<grab_demo::srv::GrabObject::Response> res\x1b[m\x1b[K)\n'}
[97.809331] (grab_demo) StderrLine: {'line': b'      |                                                                                          \x1b[01;35m\x1b[K~~~~~~~~~~~~~~~~~~~~~~~~~~~~~~~~~~~~~~~~~~~~~~~~~~~~~~^~~\x1b[m\x1b[K\n'}
[97.853663] (-) TimerEvent: {}
[97.954300] (-) TimerEvent: {}
[98.054919] (-) TimerEvent: {}
[98.155545] (-) TimerEvent: {}
[98.256573] (-) TimerEvent: {}
[98.357366] (-) TimerEvent: {}
[98.458285] (-) TimerEvent: {}
[98.559038] (-) TimerEvent: {}
[98.660033] (-) TimerEvent: {}
[98.760934] (-) TimerEvent: {}
[98.861673] (-) TimerEvent: {}
[98.962417] (-) TimerEvent: {}
[99.063113] (-) TimerEvent: {}
[99.163816] (-) TimerEvent: {}
[99.264527] (-) TimerEvent: {}
[99.365454] (-) TimerEvent: {}
[99.466065] (-) TimerEvent: {}
[99.566711] (-) TimerEvent: {}
[99.667501] (-) TimerEvent: {}
[99.768318] (-) TimerEvent: {}
[99.869009] (-) TimerEvent: {}
[99.969721] (-) TimerEvent: {}
[100.070395] (-) TimerEvent: {}
[100.171069] (-) TimerEvent: {}
[100.271739] (-) TimerEvent: {}
[100.372497] (-) TimerEvent: {}
[100.473186] (-) TimerEvent: {}
[100.573846] (-) TimerEvent: {}
[100.674510] (-) TimerEvent: {}
[100.775165] (-) TimerEvent: {}
[100.875818] (-) TimerEvent: {}
[100.976534] (-) TimerEvent: {}
[101.077248] (-) TimerEvent: {}
[101.178200] (-) TimerEvent: {}
[101.279265] (-) TimerEvent: {}
[101.379984] (-) TimerEvent: {}
[101.480653] (-) TimerEvent: {}
[101.581499] (-) TimerEvent: {}
[101.682220] (-) TimerEvent: {}
[101.782890] (-) TimerEvent: {}
[101.883609] (-) TimerEvent: {}
[101.984528] (-) TimerEvent: {}
[102.085210] (-) TimerEvent: {}
[102.185870] (-) TimerEvent: {}
[102.286626] (-) TimerEvent: {}
[102.387273] (-) TimerEvent: {}
[102.488005] (-) TimerEvent: {}
[102.588722] (-) TimerEvent: {}
[102.689419] (-) TimerEvent: {}
[102.791405] (-) TimerEvent: {}
[102.892109] (-) TimerEvent: {}
[102.992775] (-) TimerEvent: {}
[103.093493] (-) TimerEvent: {}
[103.194236] (-) TimerEvent: {}
[103.295244] (-) TimerEvent: {}
[103.395997] (-) TimerEvent: {}
[103.496835] (-) TimerEvent: {}
[103.597829] (-) TimerEvent: {}
[103.698491] (-) TimerEvent: {}
[103.799149] (-) TimerEvent: {}
[103.899816] (-) TimerEvent: {}
[104.000601] (-) TimerEvent: {}
[104.105097] (-) TimerEvent: {}
[104.205825] (-) TimerEvent: {}
[104.306571] (-) TimerEvent: {}
[104.407587] (-) TimerEvent: {}
[104.508826] (-) TimerEvent: {}
[104.609935] (-) TimerEvent: {}
[104.711025] (-) TimerEvent: {}
[104.812017] (-) TimerEvent: {}
[104.912722] (-) TimerEvent: {}
[105.013390] (-) TimerEvent: {}
[105.114033] (-) TimerEvent: {}
[105.214746] (-) TimerEvent: {}
[105.315817] (-) TimerEvent: {}
[105.416661] (-) TimerEvent: {}
[105.517640] (-) TimerEvent: {}
[105.618510] (-) TimerEvent: {}
[105.719195] (-) TimerEvent: {}
[105.819959] (-) TimerEvent: {}
[105.920748] (-) TimerEvent: {}
[106.021414] (-) TimerEvent: {}
[106.122092] (-) TimerEvent: {}
[106.222893] (-) TimerEvent: {}
[106.323809] (-) TimerEvent: {}
[106.424919] (-) TimerEvent: {}
[106.525668] (-) TimerEvent: {}
[106.626906] (-) TimerEvent: {}
[106.728197] (-) TimerEvent: {}
[106.829179] (-) TimerEvent: {}
[106.930211] (-) TimerEvent: {}
[107.030923] (-) TimerEvent: {}
[107.131587] (-) TimerEvent: {}
[107.232335] (-) TimerEvent: {}
[107.333064] (-) TimerEvent: {}
[107.433782] (-) TimerEvent: {}
[107.534537] (-) TimerEvent: {}
[107.635858] (-) TimerEvent: {}
[107.736609] (-) TimerEvent: {}
[107.837306] (-) TimerEvent: {}
[107.938025] (-) TimerEvent: {}
[108.038833] (-) TimerEvent: {}
[108.139574] (-) TimerEvent: {}
[108.240275] (-) TimerEvent: {}
[108.340950] (-) TimerEvent: {}
[108.441612] (-) TimerEvent: {}
[108.542320] (-) TimerEvent: {}
[108.643010] (-) TimerEvent: {}
[108.743691] (-) TimerEvent: {}
[108.844456] (-) TimerEvent: {}
[108.945116] (-) TimerEvent: {}
[109.045815] (-) TimerEvent: {}
[109.146523] (-) TimerEvent: {}
[109.247243] (-) TimerEvent: {}
[109.348014] (-) TimerEvent: {}
[109.448695] (-) TimerEvent: {}
[109.549384] (-) TimerEvent: {}
[109.650104] (-) TimerEvent: {}
[109.750844] (-) TimerEvent: {}
[109.851556] (-) TimerEvent: {}
[109.952256] (-) TimerEvent: {}
[110.052919] (-) TimerEvent: {}
[110.153966] (-) TimerEvent: {}
[110.254651] (-) TimerEvent: {}
[110.355950] (-) TimerEvent: {}
[110.456693] (-) TimerEvent: {}
[110.557462] (-) TimerEvent: {}
[110.659020] (-) TimerEvent: {}
[110.759942] (-) TimerEvent: {}
[110.860947] (-) TimerEvent: {}
[110.961618] (-) TimerEvent: {}
[111.062389] (-) TimerEvent: {}
[111.163045] (-) TimerEvent: {}
[111.263700] (-) TimerEvent: {}
[111.364435] (-) TimerEvent: {}
[111.465064] (-) TimerEvent: {}
[111.565801] (-) TimerEvent: {}
[111.666623] (-) TimerEvent: {}
[111.767308] (-) TimerEvent: {}
[111.867993] (-) TimerEvent: {}
[111.968680] (-) TimerEvent: {}
[112.069377] (-) TimerEvent: {}
[112.170096] (-) TimerEvent: {}
[112.307749] (-) TimerEvent: {}
[112.408496] (-) TimerEvent: {}
[112.509203] (-) TimerEvent: {}
[112.609904] (-) TimerEvent: {}
[112.710600] (-) TimerEvent: {}
[112.811330] (-) TimerEvent: {}
[112.914162] (-) TimerEvent: {}
[113.014897] (-) TimerEvent: {}
[113.115573] (-) TimerEvent: {}
[113.216345] (-) TimerEvent: {}
[113.317064] (-) TimerEvent: {}
[113.417733] (-) TimerEvent: {}
[113.520602] (-) TimerEvent: {}
[113.621286] (-) TimerEvent: {}
[113.722004] (-) TimerEvent: {}
[113.822929] (-) TimerEvent: {}
[113.923713] (-) TimerEvent: {}
[114.028030] (-) TimerEvent: {}
[114.128754] (-) TimerEvent: {}
[114.229403] (-) TimerEvent: {}
[114.330095] (-) TimerEvent: {}
[114.430921] (-) TimerEvent: {}
[114.531579] (-) TimerEvent: {}
[114.632337] (-) TimerEvent: {}
[114.733122] (-) TimerEvent: {}
[114.833797] (-) TimerEvent: {}
[114.934910] (-) TimerEvent: {}
[115.036104] (-) TimerEvent: {}
[115.136815] (-) TimerEvent: {}
[115.237478] (-) TimerEvent: {}
[115.338177] (-) TimerEvent: {}
[115.438860] (-) TimerEvent: {}
[115.539550] (-) TimerEvent: {}
[115.640255] (-) TimerEvent: {}
[115.740983] (-) TimerEvent: {}
[115.841946] (-) TimerEvent: {}
[115.942641] (-) TimerEvent: {}
[116.043331] (-) TimerEvent: {}
[116.143984] (-) TimerEvent: {}
[116.244669] (-) TimerEvent: {}
[116.345531] (-) TimerEvent: {}
[116.446311] (-) TimerEvent: {}
[116.547039] (-) TimerEvent: {}
[116.647776] (-) TimerEvent: {}
[116.748610] (-) TimerEvent: {}
[116.849331] (-) TimerEvent: {}
[116.950038] (-) TimerEvent: {}
[117.051398] (-) TimerEvent: {}
[117.152587] (-) TimerEvent: {}
[117.253877] (-) TimerEvent: {}
[117.355069] (-) TimerEvent: {}
[117.456044] (-) TimerEvent: {}
[117.556810] (-) TimerEvent: {}
[117.657774] (-) TimerEvent: {}
[117.758590] (-) TimerEvent: {}
[117.859691] (-) TimerEvent: {}
[117.963372] (-) TimerEvent: {}
[118.064538] (-) TimerEvent: {}
[118.168755] (-) TimerEvent: {}
[118.270452] (-) TimerEvent: {}
[118.371495] (-) TimerEvent: {}
[118.473158] (-) TimerEvent: {}
[118.573942] (-) TimerEvent: {}
[118.674621] (-) TimerEvent: {}
[118.775352] (-) TimerEvent: {}
[118.876140] (-) TimerEvent: {}
[118.976834] (-) TimerEvent: {}
[119.077525] (-) TimerEvent: {}
[119.178273] (-) TimerEvent: {}
[119.279040] (-) TimerEvent: {}
[119.379782] (-) TimerEvent: {}
[119.480493] (-) TimerEvent: {}
[119.581187] (-) TimerEvent: {}
[119.681863] (-) TimerEvent: {}
[119.782556] (-) TimerEvent: {}
[119.883218] (-) TimerEvent: {}
[119.984177] (-) TimerEvent: {}
[120.085339] (-) TimerEvent: {}
[120.186006] (-) TimerEvent: {}
[120.286699] (-) TimerEvent: {}
[120.387379] (-) TimerEvent: {}
[120.488145] (-) TimerEvent: {}
[120.588891] (-) TimerEvent: {}
[120.689661] (-) TimerEvent: {}
[120.790387] (-) TimerEvent: {}
[120.891104] (-) TimerEvent: {}
[120.991889] (-) TimerEvent: {}
[121.092562] (-) TimerEvent: {}
[121.193387] (-) TimerEvent: {}
[121.294189] (-) TimerEvent: {}
[121.395285] (-) TimerEvent: {}
[121.495994] (-) TimerEvent: {}
[121.596807] (-) TimerEvent: {}
[121.697935] (-) TimerEvent: {}
[121.798625] (-) TimerEvent: {}
[121.899330] (-) TimerEvent: {}
[122.000186] (-) TimerEvent: {}
[122.100953] (-) TimerEvent: {}
[122.201721] (-) TimerEvent: {}
[122.302408] (-) TimerEvent: {}
[122.403393] (-) TimerEvent: {}
[122.507226] (-) TimerEvent: {}
[122.608602] (-) TimerEvent: {}
[122.709728] (-) TimerEvent: {}
[122.810437] (-) TimerEvent: {}
[122.911169] (-) TimerEvent: {}
[123.011895] (-) TimerEvent: {}
[123.112548] (-) TimerEvent: {}
[123.213375] (-) TimerEvent: {}
[123.314269] (-) TimerEvent: {}
[123.414961] (-) TimerEvent: {}
[123.515680] (-) TimerEvent: {}
[123.616481] (-) TimerEvent: {}
[123.717217] (-) TimerEvent: {}
[123.817889] (-) TimerEvent: {}
[123.918549] (-) TimerEvent: {}
[124.019212] (-) TimerEvent: {}
[124.119900] (-) TimerEvent: {}
[124.220565] (-) TimerEvent: {}
[124.321222] (-) TimerEvent: {}
[124.422260] (-) TimerEvent: {}
[124.524383] (-) TimerEvent: {}
[124.625651] (-) TimerEvent: {}
[124.726679] (-) TimerEvent: {}
[124.828608] (-) TimerEvent: {}
[124.929586] (-) TimerEvent: {}
[125.030651] (-) TimerEvent: {}
[125.131643] (-) TimerEvent: {}
[125.232633] (-) TimerEvent: {}
[125.333379] (-) TimerEvent: {}
[125.434085] (-) TimerEvent: {}
[125.534838] (-) TimerEvent: {}
[125.635501] (-) TimerEvent: {}
[125.736287] (-) TimerEvent: {}
[125.837033] (-) TimerEvent: {}
[125.937696] (-) TimerEvent: {}
[126.038364] (-) TimerEvent: {}
[126.139053] (-) TimerEvent: {}
[126.239751] (-) TimerEvent: {}
[126.342189] (-) TimerEvent: {}
[126.442881] (-) TimerEvent: {}
[126.543651] (-) TimerEvent: {}
[126.645268] (-) TimerEvent: {}
[126.747177] (-) TimerEvent: {}
[126.847999] (-) TimerEvent: {}
[126.949103] (-) TimerEvent: {}
[127.049816] (-) TimerEvent: {}
[127.150802] (-) TimerEvent: {}
[127.252471] (-) TimerEvent: {}
[127.353457] (-) TimerEvent: {}
[127.454363] (-) TimerEvent: {}
[127.555436] (-) TimerEvent: {}
[127.657775] (-) TimerEvent: {}
[127.758919] (-) TimerEvent: {}
[127.860405] (-) TimerEvent: {}
[127.961628] (-) TimerEvent: {}
[128.062428] (-) TimerEvent: {}
[128.163150] (-) TimerEvent: {}
[128.263965] (-) TimerEvent: {}
[128.364770] (-) TimerEvent: {}
[128.465435] (-) TimerEvent: {}
[128.566295] (-) TimerEvent: {}
[128.666953] (-) TimerEvent: {}
[128.767742] (-) TimerEvent: {}
[128.868540] (-) TimerEvent: {}
[128.969245] (-) TimerEvent: {}
[129.069903] (-) TimerEvent: {}
[129.170576] (-) TimerEvent: {}
[129.271253] (-) TimerEvent: {}
[129.371937] (-) TimerEvent: {}
[129.472637] (-) TimerEvent: {}
[129.573376] (-) TimerEvent: {}
[129.674046] (-) TimerEvent: {}
[129.774736] (-) TimerEvent: {}
[129.875448] (-) TimerEvent: {}
[129.976145] (-) TimerEvent: {}
[130.076862] (-) TimerEvent: {}
[130.177615] (-) TimerEvent: {}
[130.278310] (-) TimerEvent: {}
[130.378994] (-) TimerEvent: {}
[130.479679] (-) TimerEvent: {}
[130.580589] (-) TimerEvent: {}
[130.681296] (-) TimerEvent: {}
[130.782082] (-) TimerEvent: {}
[130.882786] (-) TimerEvent: {}
[130.983449] (-) TimerEvent: {}
[131.084148] (-) TimerEvent: {}
[131.184816] (-) TimerEvent: {}
[131.285472] (-) TimerEvent: {}
[131.386154] (-) TimerEvent: {}
[131.486809] (-) TimerEvent: {}
[131.587478] (-) TimerEvent: {}
[131.688189] (-) TimerEvent: {}
[131.788863] (-) TimerEvent: {}
[131.889534] (-) TimerEvent: {}
[131.990198] (-) TimerEvent: {}
[132.090898] (-) TimerEvent: {}
[132.191882] (-) TimerEvent: {}
[132.295917] (-) TimerEvent: {}
[132.397193] (-) TimerEvent: {}
[132.497880] (-) TimerEvent: {}
[132.598625] (-) TimerEvent: {}
[132.699392] (-) TimerEvent: {}
[132.800348] (-) TimerEvent: {}
[132.901311] (-) TimerEvent: {}
[133.002008] (-) TimerEvent: {}
[133.102691] (-) TimerEvent: {}
[133.203361] (-) TimerEvent: {}
[133.304011] (-) TimerEvent: {}
[133.405074] (-) TimerEvent: {}
[133.505773] (-) TimerEvent: {}
[133.606457] (-) TimerEvent: {}
[133.707284] (-) TimerEvent: {}
[133.808272] (-) TimerEvent: {}
[133.908948] (-) TimerEvent: {}
[134.009655] (-) TimerEvent: {}
[134.110303] (-) TimerEvent: {}
[134.211108] (-) TimerEvent: {}
[134.311773] (-) TimerEvent: {}
[134.412501] (-) TimerEvent: {}
[134.513164] (-) TimerEvent: {}
[134.613834] (-) TimerEvent: {}
[134.714636] (-) TimerEvent: {}
[134.815326] (-) TimerEvent: {}
[134.916079] (-) TimerEvent: {}
[135.017212] (-) TimerEvent: {}
[135.118096] (-) TimerEvent: {}
[135.218848] (-) TimerEvent: {}
[135.319533] (-) TimerEvent: {}
[135.420210] (-) TimerEvent: {}
[135.520854] (-) TimerEvent: {}
[135.621797] (-) TimerEvent: {}
[135.722483] (-) TimerEvent: {}
[135.823502] (-) TimerEvent: {}
[135.924488] (-) TimerEvent: {}
[136.025720] (-) TimerEvent: {}
[136.126589] (-) TimerEvent: {}
[136.227754] (-) TimerEvent: {}
[136.328447] (-) TimerEvent: {}
[136.429280] (-) TimerEvent: {}
[136.529998] (-) TimerEvent: {}
[136.630950] (-) TimerEvent: {}
[136.731641] (-) TimerEvent: {}
[136.832378] (-) TimerEvent: {}
[136.933051] (-) TimerEvent: {}
[137.033706] (-) TimerEvent: {}
[137.134499] (-) TimerEvent: {}
[137.235225] (-) TimerEvent: {}
[137.336199] (-) TimerEvent: {}
[137.436849] (-) TimerEvent: {}
[137.537732] (-) TimerEvent: {}
[137.638439] (-) TimerEvent: {}
[137.739180] (-) TimerEvent: {}
[137.840160] (-) TimerEvent: {}
[137.940924] (-) TimerEvent: {}
[138.042178] (-) TimerEvent: {}
[138.142990] (-) TimerEvent: {}
[138.243806] (-) TimerEvent: {}
[138.344519] (-) TimerEvent: {}
[138.445239] (-) TimerEvent: {}
[138.545942] (-) TimerEvent: {}
[138.646677] (-) TimerEvent: {}
[138.747445] (-) TimerEvent: {}
[138.848198] (-) TimerEvent: {}
[138.949010] (-) TimerEvent: {}
[139.049702] (-) TimerEvent: {}
[139.150403] (-) TimerEvent: {}
[139.251179] (-) TimerEvent: {}
[139.352373] (-) TimerEvent: {}
[139.453078] (-) TimerEvent: {}
[139.553759] (-) TimerEvent: {}
[139.654440] (-) TimerEvent: {}
[139.755160] (-) TimerEvent: {}
[139.855898] (-) TimerEvent: {}
[139.956824] (-) TimerEvent: {}
[140.057856] (-) TimerEvent: {}
[140.158535] (-) TimerEvent: {}
[140.259535] (-) TimerEvent: {}
[140.360341] (-) TimerEvent: {}
[140.461049] (-) TimerEvent: {}
[140.561750] (-) TimerEvent: {}
[140.662672] (-) TimerEvent: {}
[140.763406] (-) TimerEvent: {}
[140.864150] (-) TimerEvent: {}
[140.964909] (-) TimerEvent: {}
[141.065693] (-) TimerEvent: {}
[141.166495] (-) TimerEvent: {}
[141.267188] (-) TimerEvent: {}
[141.367993] (-) TimerEvent: {}
[141.468685] (-) TimerEvent: {}
[141.569380] (-) TimerEvent: {}
[141.670306] (-) TimerEvent: {}
[141.771059] (-) TimerEvent: {}
[141.871763] (-) TimerEvent: {}
[141.972466] (-) TimerEvent: {}
[142.073193] (-) TimerEvent: {}
[142.173895] (-) TimerEvent: {}
[142.274596] (-) TimerEvent: {}
[142.375326] (-) TimerEvent: {}
[142.476092] (-) TimerEvent: {}
[142.577156] (-) TimerEvent: {}
[142.677972] (-) TimerEvent: {}
[142.779021] (-) TimerEvent: {}
[142.880806] (-) TimerEvent: {}
[142.982053] (-) TimerEvent: {}
[143.082733] (-) TimerEvent: {}
[143.183434] (-) TimerEvent: {}
[143.284146] (-) TimerEvent: {}
[143.385122] (-) TimerEvent: {}
[143.485957] (-) TimerEvent: {}
[143.586740] (-) TimerEvent: {}
[143.687429] (-) TimerEvent: {}
[143.788158] (-) TimerEvent: {}
[143.889085] (-) TimerEvent: {}
[143.989745] (-) TimerEvent: {}
[144.090462] (-) TimerEvent: {}
[144.191161] (-) TimerEvent: {}
[144.291937] (-) TimerEvent: {}
[144.392612] (-) TimerEvent: {}
[144.493309] (-) TimerEvent: {}
[144.594200] (-) TimerEvent: {}
[144.695005] (-) TimerEvent: {}
[144.796147] (-) TimerEvent: {}
[144.896816] (-) TimerEvent: {}
[144.997526] (-) TimerEvent: {}
[145.098471] (-) TimerEvent: {}
[145.199920] (-) TimerEvent: {}
[145.300568] (-) TimerEvent: {}
[145.401274] (-) TimerEvent: {}
[145.502179] (-) TimerEvent: {}
[145.603399] (-) TimerEvent: {}
[145.704435] (-) TimerEvent: {}
[145.805286] (-) TimerEvent: {}
[145.905947] (-) TimerEvent: {}
[146.006673] (-) TimerEvent: {}
[146.107349] (-) TimerEvent: {}
[146.208050] (-) TimerEvent: {}
[146.308885] (-) TimerEvent: {}
[146.409704] (-) TimerEvent: {}
[146.510539] (-) TimerEvent: {}
[146.611208] (-) TimerEvent: {}
[146.711871] (-) TimerEvent: {}
[146.812528] (-) TimerEvent: {}
[146.913212] (-) TimerEvent: {}
[147.013900] (-) TimerEvent: {}
[147.114613] (-) TimerEvent: {}
[147.215293] (-) TimerEvent: {}
[147.315993] (-) TimerEvent: {}
[147.416661] (-) TimerEvent: {}
[147.517339] (-) TimerEvent: {}
[147.618074] (-) TimerEvent: {}
[147.718962] (-) TimerEvent: {}
[147.819714] (-) TimerEvent: {}
[147.924030] (-) TimerEvent: {}
[148.024697] (-) TimerEvent: {}
[148.125373] (-) TimerEvent: {}
[148.226048] (-) TimerEvent: {}
[148.326794] (-) TimerEvent: {}
[148.427649] (-) TimerEvent: {}
[148.528451] (-) TimerEvent: {}
[148.629516] (-) TimerEvent: {}
[148.730249] (-) TimerEvent: {}
[148.831029] (-) TimerEvent: {}
[148.931748] (-) TimerEvent: {}
[149.032684] (-) TimerEvent: {}
[149.133374] (-) TimerEvent: {}
[149.234070] (-) TimerEvent: {}
[149.334760] (-) TimerEvent: {}
[149.435418] (-) TimerEvent: {}
[149.536175] (-) TimerEvent: {}
[149.636835] (-) TimerEvent: {}
[149.737542] (-) TimerEvent: {}
[149.838238] (-) TimerEvent: {}
[149.938970] (-) TimerEvent: {}
[150.039680] (-) TimerEvent: {}
[150.140359] (-) TimerEvent: {}
[150.241168] (-) TimerEvent: {}
[150.342071] (-) TimerEvent: {}
[150.442786] (-) TimerEvent: {}
[150.543562] (-) TimerEvent: {}
[150.644449] (-) TimerEvent: {}
[150.745194] (-) TimerEvent: {}
[150.845888] (-) TimerEvent: {}
[150.946823] (-) TimerEvent: {}
[151.047806] (-) TimerEvent: {}
[151.148578] (-) TimerEvent: {}
[151.249461] (-) TimerEvent: {}
[151.350271] (-) TimerEvent: {}
[151.450957] (-) TimerEvent: {}
[151.551653] (-) TimerEvent: {}
[151.652340] (-) TimerEvent: {}
[151.753043] (-) TimerEvent: {}
[151.853899] (-) TimerEvent: {}
[151.954669] (-) TimerEvent: {}
[152.055370] (-) TimerEvent: {}
[152.156099] (-) TimerEvent: {}
[152.256795] (-) TimerEvent: {}
[152.357527] (-) TimerEvent: {}
[152.458305] (-) TimerEvent: {}
[152.559094] (-) TimerEvent: {}
[152.659805] (-) TimerEvent: {}
[152.760603] (-) TimerEvent: {}
[152.861306] (-) TimerEvent: {}
[152.962092] (-) TimerEvent: {}
[153.062845] (-) TimerEvent: {}
[153.163486] (-) TimerEvent: {}
[153.264443] (-) TimerEvent: {}
[153.365312] (-) TimerEvent: {}
[153.466010] (-) TimerEvent: {}
[153.566815] (-) TimerEvent: {}
[153.667495] (-) TimerEvent: {}
[153.768224] (-) TimerEvent: {}
[153.868913] (-) TimerEvent: {}
[153.969779] (-) TimerEvent: {}
[154.071040] (-) TimerEvent: {}
[154.171698] (-) TimerEvent: {}
[154.272438] (-) TimerEvent: {}
[154.373123] (-) TimerEvent: {}
[154.473889] (-) TimerEvent: {}
[154.580665] (-) TimerEvent: {}
[154.681378] (-) TimerEvent: {}
[154.782058] (-) TimerEvent: {}
[154.882749] (-) TimerEvent: {}
[154.983456] (-) TimerEvent: {}
[155.084176] (-) TimerEvent: {}
[155.185223] (-) TimerEvent: {}
[155.285906] (-) TimerEvent: {}
[155.386585] (-) TimerEvent: {}
[155.487378] (-) TimerEvent: {}
[155.588360] (-) TimerEvent: {}
[155.689496] (-) TimerEvent: {}
[155.790386] (-) TimerEvent: {}
[155.891154] (-) TimerEvent: {}
[155.991896] (-) TimerEvent: {}
[156.092574] (-) TimerEvent: {}
[156.193241] (-) TimerEvent: {}
[156.293896] (-) TimerEvent: {}
[156.394701] (-) TimerEvent: {}
[156.495482] (-) TimerEvent: {}
[156.596189] (-) TimerEvent: {}
[156.696872] (-) TimerEvent: {}
[156.797573] (-) TimerEvent: {}
[156.898383] (-) TimerEvent: {}
[156.999096] (-) TimerEvent: {}
[157.099876] (-) TimerEvent: {}
[157.200558] (-) TimerEvent: {}
[157.301236] (-) TimerEvent: {}
[157.401917] (-) TimerEvent: {}
[157.502591] (-) TimerEvent: {}
[157.603288] (-) TimerEvent: {}
[157.704148] (-) TimerEvent: {}
[157.805060] (-) TimerEvent: {}
[157.905954] (-) TimerEvent: {}
[158.006788] (-) TimerEvent: {}
[158.107923] (-) TimerEvent: {}
[158.208704] (-) TimerEvent: {}
[158.309371] (-) TimerEvent: {}
[158.410491] (-) TimerEvent: {}
[158.511271] (-) TimerEvent: {}
[158.612099] (-) TimerEvent: {}
[158.712782] (-) TimerEvent: {}
[158.813406] (-) TimerEvent: {}
[158.914069] (-) TimerEvent: {}
[159.014837] (-) TimerEvent: {}
[159.115570] (-) TimerEvent: {}
[159.216383] (-) TimerEvent: {}
[159.317130] (-) TimerEvent: {}
[159.417802] (-) TimerEvent: {}
[159.518516] (-) TimerEvent: {}
[159.619443] (-) TimerEvent: {}
[159.720190] (-) TimerEvent: {}
[159.820920] (-) TimerEvent: {}
[159.921947] (-) TimerEvent: {}
[160.022640] (-) TimerEvent: {}
[160.123673] (-) TimerEvent: {}
[160.224705] (-) TimerEvent: {}
[160.325370] (-) TimerEvent: {}
[160.426099] (-) TimerEvent: {}
[160.526831] (-) TimerEvent: {}
[160.627522] (-) TimerEvent: {}
[160.728289] (-) TimerEvent: {}
[160.829073] (-) TimerEvent: {}
[160.929774] (-) TimerEvent: {}
[161.030440] (-) TimerEvent: {}
[161.131075] (-) TimerEvent: {}
[161.231803] (-) TimerEvent: {}
[161.332575] (-) TimerEvent: {}
[161.433251] (-) TimerEvent: {}
[161.533950] (-) TimerEvent: {}
[161.634664] (-) TimerEvent: {}
[161.735567] (-) TimerEvent: {}
[161.836532] (-) TimerEvent: {}
[161.937284] (-) TimerEvent: {}
[162.037961] (-) TimerEvent: {}
[162.138767] (-) TimerEvent: {}
[162.239527] (-) TimerEvent: {}
[162.340456] (-) TimerEvent: {}
[162.441668] (-) TimerEvent: {}
[162.542509] (-) TimerEvent: {}
[162.643335] (-) TimerEvent: {}
[162.744189] (-) TimerEvent: {}
[162.844932] (-) TimerEvent: {}
[162.945621] (-) TimerEvent: {}
[163.046427] (-) TimerEvent: {}
[163.147172] (-) TimerEvent: {}
[163.247938] (-) TimerEvent: {}
[163.348624] (-) TimerEvent: {}
[163.449362] (-) TimerEvent: {}
[163.550117] (-) TimerEvent: {}
[163.650859] (-) TimerEvent: {}
[163.751544] (-) TimerEvent: {}
[163.852242] (-) TimerEvent: {}
[163.952949] (-) TimerEvent: {}
[164.054076] (-) TimerEvent: {}
[164.154773] (-) TimerEvent: {}
[164.255876] (-) TimerEvent: {}
[164.356568] (-) TimerEvent: {}
[164.457258] (-) TimerEvent: {}
[164.557958] (-) TimerEvent: {}
[164.658886] (-) TimerEvent: {}
[164.759730] (-) TimerEvent: {}
[164.860450] (-) TimerEvent: {}
[164.961128] (-) TimerEvent: {}
[165.061873] (-) TimerEvent: {}
[165.162578] (-) TimerEvent: {}
[165.263260] (-) TimerEvent: {}
[165.364758] (-) TimerEvent: {}
[165.466758] (-) TimerEvent: {}
[165.567765] (-) TimerEvent: {}
[165.668555] (-) TimerEvent: {}
[165.769244] (-) TimerEvent: {}
[165.869925] (-) TimerEvent: {}
[165.970639] (-) TimerEvent: {}
[166.071386] (-) TimerEvent: {}
[166.172299] (-) TimerEvent: {}
[166.272997] (-) TimerEvent: {}
[166.373668] (-) TimerEvent: {}
[166.474380] (-) TimerEvent: {}
[166.575090] (-) TimerEvent: {}
[166.675781] (-) TimerEvent: {}
[166.776485] (-) TimerEvent: {}
[166.877157] (-) TimerEvent: {}
[166.977798] (-) TimerEvent: {}
[167.078487] (-) TimerEvent: {}
[167.179154] (-) TimerEvent: {}
[167.279816] (-) TimerEvent: {}
[167.380468] (-) TimerEvent: {}
[167.481150] (-) TimerEvent: {}
[167.581808] (-) TimerEvent: {}
[167.682472] (-) TimerEvent: {}
[167.783171] (-) TimerEvent: {}
[167.883908] (-) TimerEvent: {}
[167.984568] (-) TimerEvent: {}
[168.085270] (-) TimerEvent: {}
[168.185984] (-) TimerEvent: {}
[168.286648] (-) TimerEvent: {}
[168.387331] (-) TimerEvent: {}
[168.488018] (-) TimerEvent: {}
[168.588703] (-) TimerEvent: {}
[168.689390] (-) TimerEvent: {}
[168.790553] (-) TimerEvent: {}
[168.891304] (-) TimerEvent: {}
[168.992009] (-) TimerEvent: {}
[169.092700] (-) TimerEvent: {}
[169.194082] (-) TimerEvent: {}
[169.294878] (-) TimerEvent: {}
[169.395567] (-) TimerEvent: {}
[169.496474] (-) TimerEvent: {}
[169.597190] (-) TimerEvent: {}
[169.697865] (-) TimerEvent: {}
[169.798522] (-) TimerEvent: {}
[169.899170] (-) TimerEvent: {}
[169.999886] (-) TimerEvent: {}
[170.100560] (-) TimerEvent: {}
[170.201369] (-) TimerEvent: {}
[170.302062] (-) TimerEvent: {}
[170.402751] (-) TimerEvent: {}
[170.503610] (-) TimerEvent: {}
[170.604493] (-) TimerEvent: {}
[170.705237] (-) TimerEvent: {}
[170.806012] (-) TimerEvent: {}
[170.906694] (-) TimerEvent: {}
[171.007328] (-) TimerEvent: {}
[171.107963] (-) TimerEvent: {}
[171.208633] (-) TimerEvent: {}
[171.309334] (-) TimerEvent: {}
[171.410007] (-) TimerEvent: {}
[171.510775] (-) TimerEvent: {}
[171.611457] (-) TimerEvent: {}
[171.712252] (-) TimerEvent: {}
[171.812980] (-) TimerEvent: {}
[171.915253] (-) TimerEvent: {}
[172.016274] (-) TimerEvent: {}
[172.117925] (-) TimerEvent: {}
[172.219053] (-) TimerEvent: {}
[172.319790] (-) TimerEvent: {}
[172.420505] (-) TimerEvent: {}
[172.521282] (-) TimerEvent: {}
[172.622285] (-) TimerEvent: {}
[172.723528] (-) TimerEvent: {}
[172.824692] (-) TimerEvent: {}
[172.926701] (-) TimerEvent: {}
[173.028365] (-) TimerEvent: {}
[173.130243] (-) TimerEvent: {}
[173.231751] (-) TimerEvent: {}
[173.333629] (-) TimerEvent: {}
[173.434791] (-) TimerEvent: {}
[173.536051] (-) TimerEvent: {}
[173.636757] (-) TimerEvent: {}
[173.737406] (-) TimerEvent: {}
[173.838093] (-) TimerEvent: {}
[173.938824] (-) TimerEvent: {}
[174.039522] (-) TimerEvent: {}
[174.140225] (-) TimerEvent: {}
[174.241133] (-) TimerEvent: {}
[174.341805] (-) TimerEvent: {}
[174.442510] (-) TimerEvent: {}
[174.543209] (-) TimerEvent: {}
[174.643967] (-) TimerEvent: {}
[174.744679] (-) TimerEvent: {}
[174.845388] (-) TimerEvent: {}
[174.946160] (-) TimerEvent: {}
[175.046978] (-) TimerEvent: {}
[175.147740] (-) TimerEvent: {}
[175.248470] (-) TimerEvent: {}
[175.349144] (-) TimerEvent: {}
[175.449817] (-) TimerEvent: {}
[175.550526] (-) TimerEvent: {}
[175.651228] (-) TimerEvent: {}
[175.751906] (-) TimerEvent: {}
[175.852620] (-) TimerEvent: {}
[175.953329] (-) TimerEvent: {}
[176.054098] (-) TimerEvent: {}
[176.154864] (-) TimerEvent: {}
[176.255590] (-) TimerEvent: {}
[176.356297] (-) TimerEvent: {}
[176.456974] (-) TimerEvent: {}
[176.559015] (-) TimerEvent: {}
[176.659855] (-) TimerEvent: {}
[176.760554] (-) TimerEvent: {}
[176.861251] (-) TimerEvent: {}
[176.961944] (-) TimerEvent: {}
[177.062643] (-) TimerEvent: {}
[177.163364] (-) TimerEvent: {}
[177.264000] (-) TimerEvent: {}
[177.364655] (-) TimerEvent: {}
[177.465311] (-) TimerEvent: {}
[177.565994] (-) TimerEvent: {}
[177.666652] (-) TimerEvent: {}
[177.767384] (-) TimerEvent: {}
[177.868303] (-) TimerEvent: {}
[177.968997] (-) TimerEvent: {}
[178.069681] (-) TimerEvent: {}
[178.170383] (-) TimerEvent: {}
[178.271222] (-) TimerEvent: {}
[178.371866] (-) TimerEvent: {}
[178.472493] (-) TimerEvent: {}
[178.573166] (-) TimerEvent: {}
[178.673874] (-) TimerEvent: {}
[178.774657] (-) TimerEvent: {}
[178.875501] (-) TimerEvent: {}
[178.976204] (-) TimerEvent: {}
[179.076873] (-) TimerEvent: {}
[179.177616] (-) TimerEvent: {}
[179.278319] (-) TimerEvent: {}
[179.379005] (-) TimerEvent: {}
[179.479720] (-) TimerEvent: {}
[179.580505] (-) TimerEvent: {}
[179.681220] (-) TimerEvent: {}
[179.781965] (-) TimerEvent: {}
[179.883011] (-) TimerEvent: {}
[179.983720] (-) TimerEvent: {}
[180.100033] (-) TimerEvent: {}
[180.200796] (-) TimerEvent: {}
[180.301595] (-) TimerEvent: {}
[180.402364] (-) TimerEvent: {}
[180.503121] (-) TimerEvent: {}
[180.603805] (-) TimerEvent: {}
[180.704493] (-) TimerEvent: {}
[180.805187] (-) TimerEvent: {}
[180.905843] (-) TimerEvent: {}
[181.006522] (-) TimerEvent: {}
[181.107206] (-) TimerEvent: {}
[181.207907] (-) TimerEvent: {}
[181.308642] (-) TimerEvent: {}
[181.409358] (-) TimerEvent: {}
[181.511777] (-) TimerEvent: {}
[181.612475] (-) TimerEvent: {}
[181.713170] (-) TimerEvent: {}
[181.813847] (-) TimerEvent: {}
[181.914510] (-) TimerEvent: {}
[182.015162] (-) TimerEvent: {}
[182.115814] (-) TimerEvent: {}
[182.217027] (-) TimerEvent: {}
[182.317688] (-) TimerEvent: {}
[182.418364] (-) TimerEvent: {}
[182.519497] (-) TimerEvent: {}
[182.620148] (-) TimerEvent: {}
[182.720769] (-) TimerEvent: {}
[182.821503] (-) TimerEvent: {}
[182.922164] (-) TimerEvent: {}
[183.022842] (-) TimerEvent: {}
[183.123551] (-) TimerEvent: {}
[183.224272] (-) TimerEvent: {}
[183.324996] (-) TimerEvent: {}
[183.425681] (-) TimerEvent: {}
[183.526361] (-) TimerEvent: {}
[183.627039] (-) TimerEvent: {}
[183.727776] (-) TimerEvent: {}
[183.828567] (-) TimerEvent: {}
[183.929318] (-) TimerEvent: {}
[184.030453] (-) TimerEvent: {}
[184.131934] (-) TimerEvent: {}
[184.232867] (-) TimerEvent: {}
[184.333612] (-) TimerEvent: {}
[184.434305] (-) TimerEvent: {}
[184.534951] (-) TimerEvent: {}
[184.635570] (-) TimerEvent: {}
[184.736521] (-) TimerEvent: {}
[184.837313] (-) TimerEvent: {}
[184.938087] (-) TimerEvent: {}
[185.038830] (-) TimerEvent: {}
[185.139680] (-) TimerEvent: {}
[185.240401] (-) TimerEvent: {}
[185.341130] (-) TimerEvent: {}
[185.441912] (-) TimerEvent: {}
[185.542670] (-) TimerEvent: {}
[185.643400] (-) TimerEvent: {}
[185.744089] (-) TimerEvent: {}
[185.844939] (-) TimerEvent: {}
[185.945685] (-) TimerEvent: {}
[186.046504] (-) TimerEvent: {}
[186.147236] (-) TimerEvent: {}
[186.247967] (-) TimerEvent: {}
[186.348702] (-) TimerEvent: {}
[186.449396] (-) TimerEvent: {}
[186.550118] (-) TimerEvent: {}
[186.650937] (-) TimerEvent: {}
[186.751733] (-) TimerEvent: {}
[186.852461] (-) TimerEvent: {}
[186.953162] (-) TimerEvent: {}
[187.053805] (-) TimerEvent: {}
[187.154828] (-) TimerEvent: {}
[187.255518] (-) TimerEvent: {}
[187.356200] (-) TimerEvent: {}
[187.456930] (-) TimerEvent: {}
[187.557685] (-) TimerEvent: {}
[187.658367] (-) TimerEvent: {}
[187.759083] (-) TimerEvent: {}
[187.859752] (-) TimerEvent: {}
[187.960481] (-) TimerEvent: {}
[188.061127] (-) TimerEvent: {}
[188.161772] (-) TimerEvent: {}
[188.262457] (-) TimerEvent: {}
[188.363359] (-) TimerEvent: {}
[188.464035] (-) TimerEvent: {}
[188.564711] (-) TimerEvent: {}
[188.666927] (-) TimerEvent: {}
[188.767751] (-) TimerEvent: {}
[188.868939] (-) TimerEvent: {}
[188.970093] (-) TimerEvent: {}
[189.070896] (-) TimerEvent: {}
[189.172102] (-) TimerEvent: {}
[189.273126] (-) TimerEvent: {}
[189.373845] (-) TimerEvent: {}
[189.474503] (-) TimerEvent: {}
[189.575227] (-) TimerEvent: {}
[189.675997] (-) TimerEvent: {}
[189.776690] (-) TimerEvent: {}
[189.877426] (-) TimerEvent: {}
[189.978108] (-) TimerEvent: {}
[190.078774] (-) TimerEvent: {}
[190.179475] (-) TimerEvent: {}
[190.280156] (-) TimerEvent: {}
[190.380854] (-) TimerEvent: {}
[190.481516] (-) TimerEvent: {}
[190.582219] (-) TimerEvent: {}
[190.682892] (-) TimerEvent: {}
[190.783544] (-) TimerEvent: {}
[190.884416] (-) TimerEvent: {}
[190.985413] (-) TimerEvent: {}
[191.086042] (-) TimerEvent: {}
[191.186669] (-) TimerEvent: {}
[191.287338] (-) TimerEvent: {}
[191.388003] (-) TimerEvent: {}
[191.488663] (-) TimerEvent: {}
[191.589397] (-) TimerEvent: {}
[191.690072] (-) TimerEvent: {}
[191.790734] (-) TimerEvent: {}
[191.891412] (-) TimerEvent: {}
[191.992173] (-) TimerEvent: {}
[192.092922] (-) TimerEvent: {}
[192.193594] (-) TimerEvent: {}
[192.295142] (-) TimerEvent: {}
[192.395771] (-) TimerEvent: {}
[192.496494] (-) TimerEvent: {}
[192.597358] (-) TimerEvent: {}
[192.698096] (-) TimerEvent: {}
[192.798790] (-) TimerEvent: {}
[192.899501] (-) TimerEvent: {}
[193.000189] (-) TimerEvent: {}
[193.100863] (-) TimerEvent: {}
[193.201567] (-) TimerEvent: {}
[193.302213] (-) TimerEvent: {}
[193.403015] (-) TimerEvent: {}
[193.503692] (-) TimerEvent: {}
[193.604341] (-) TimerEvent: {}
[193.704996] (-) TimerEvent: {}
[193.806032] (-) TimerEvent: {}
[193.907055] (-) TimerEvent: {}
[194.008119] (-) TimerEvent: {}
[194.108791] (-) TimerEvent: {}
[194.209735] (-) TimerEvent: {}
[194.310906] (-) TimerEvent: {}
[194.411579] (-) TimerEvent: {}
[194.512257] (-) TimerEvent: {}
[194.612967] (-) TimerEvent: {}
[194.713649] (-) TimerEvent: {}
[194.814297] (-) TimerEvent: {}
[194.914955] (-) TimerEvent: {}
[195.015650] (-) TimerEvent: {}
[195.116773] (-) TimerEvent: {}
[195.217449] (-) TimerEvent: {}
[195.318120] (-) TimerEvent: {}
[195.419123] (-) TimerEvent: {}
[195.519765] (-) TimerEvent: {}
[195.620468] (-) TimerEvent: {}
[195.721116] (-) TimerEvent: {}
[195.822023] (-) TimerEvent: {}
[195.923185] (-) TimerEvent: {}
[196.023926] (-) TimerEvent: {}
[196.124798] (-) TimerEvent: {}
[196.225600] (-) TimerEvent: {}
[196.326306] (-) TimerEvent: {}
[196.426989] (-) TimerEvent: {}
[196.527657] (-) TimerEvent: {}
[196.628358] (-) TimerEvent: {}
[196.729041] (-) TimerEvent: {}
[196.829735] (-) TimerEvent: {}
[196.930478] (-) TimerEvent: {}
[197.031151] (-) TimerEvent: {}
[197.131818] (-) TimerEvent: {}
[197.232544] (-) TimerEvent: {}
[197.333212] (-) TimerEvent: {}
[197.433891] (-) TimerEvent: {}
[197.534538] (-) TimerEvent: {}
[197.635195] (-) TimerEvent: {}
[197.735938] (-) TimerEvent: {}
[197.836673] (-) TimerEvent: {}
[197.937394] (-) TimerEvent: {}
[198.040024] (-) TimerEvent: {}
[198.140914] (-) TimerEvent: {}
[198.241538] (-) TimerEvent: {}
[198.342283] (-) TimerEvent: {}
[198.442950] (-) TimerEvent: {}
[198.543630] (-) TimerEvent: {}
[198.644760] (-) TimerEvent: {}
[198.745471] (-) TimerEvent: {}
[198.846386] (-) TimerEvent: {}
[198.947080] (-) TimerEvent: {}
[199.047983] (-) TimerEvent: {}
[199.148731] (-) TimerEvent: {}
[199.249430] (-) TimerEvent: {}
[199.350137] (-) TimerEvent: {}
[199.450874] (-) TimerEvent: {}
[199.551617] (-) TimerEvent: {}
[199.652490] (-) TimerEvent: {}
[199.753227] (-) TimerEvent: {}
[199.853922] (-) TimerEvent: {}
[199.954664] (-) TimerEvent: {}
[200.055427] (-) TimerEvent: {}
[200.156261] (-) TimerEvent: {}
[200.257002] (-) TimerEvent: {}
[200.357675] (-) TimerEvent: {}
[200.458429] (-) TimerEvent: {}
[200.559170] (-) TimerEvent: {}
[200.659895] (-) TimerEvent: {}
[200.760593] (-) TimerEvent: {}
[200.861475] (-) TimerEvent: {}
[200.962215] (-) TimerEvent: {}
[201.062942] (-) TimerEvent: {}
[201.163695] (-) TimerEvent: {}
[201.264459] (-) TimerEvent: {}
[201.365152] (-) TimerEvent: {}
[201.465896] (-) TimerEvent: {}
[201.566626] (-) TimerEvent: {}
[201.667282] (-) TimerEvent: {}
[201.767989] (-) TimerEvent: {}
[201.868693] (-) TimerEvent: {}
[201.969392] (-) TimerEvent: {}
[202.070097] (-) TimerEvent: {}
[202.170782] (-) TimerEvent: {}
[202.271475] (-) TimerEvent: {}
[202.372197] (-) TimerEvent: {}
[202.472898] (-) TimerEvent: {}
[202.573614] (-) TimerEvent: {}
[202.674287] (-) TimerEvent: {}
[202.774969] (-) TimerEvent: {}
[202.875782] (-) TimerEvent: {}
[202.976584] (-) TimerEvent: {}
[203.077257] (-) TimerEvent: {}
[203.177956] (-) TimerEvent: {}
[203.278656] (-) TimerEvent: {}
[203.379381] (-) TimerEvent: {}
[203.480188] (-) TimerEvent: {}
[203.580981] (-) TimerEvent: {}
[203.681734] (-) TimerEvent: {}
[203.783301] (-) TimerEvent: {}
[203.883985] (-) TimerEvent: {}
[203.984887] (-) TimerEvent: {}
[204.085551] (-) TimerEvent: {}
[204.186510] (-) TimerEvent: {}
[204.288045] (-) TimerEvent: {}
[204.388701] (-) TimerEvent: {}
[204.489378] (-) TimerEvent: {}
[204.590101] (-) TimerEvent: {}
[204.690792] (-) TimerEvent: {}
[204.791435] (-) TimerEvent: {}
[204.892124] (-) TimerEvent: {}
[204.992801] (-) TimerEvent: {}
[205.093470] (-) TimerEvent: {}
[205.194148] (-) TimerEvent: {}
[205.294843] (-) TimerEvent: {}
[205.395575] (-) TimerEvent: {}
[205.496450] (-) TimerEvent: {}
[205.597106] (-) TimerEvent: {}
[205.697873] (-) TimerEvent: {}
[205.798525] (-) TimerEvent: {}
[205.899188] (-) TimerEvent: {}
[205.999895] (-) TimerEvent: {}
[206.100573] (-) TimerEvent: {}
[206.201248] (-) TimerEvent: {}
[206.301917] (-) TimerEvent: {}
[206.402573] (-) TimerEvent: {}
[206.503243] (-) TimerEvent: {}
[206.603938] (-) TimerEvent: {}
[206.704628] (-) TimerEvent: {}
[206.805353] (-) TimerEvent: {}
[206.906048] (-) TimerEvent: {}
[207.006789] (-) TimerEvent: {}
[207.107509] (-) TimerEvent: {}
[207.208231] (-) TimerEvent: {}
[207.308949] (-) TimerEvent: {}
[207.409724] (-) TimerEvent: {}
[207.510422] (-) TimerEvent: {}
[207.611110] (-) TimerEvent: {}
[207.711795] (-) TimerEvent: {}
[207.812779] (-) TimerEvent: {}
[207.913434] (-) TimerEvent: {}
[208.014152] (-) TimerEvent: {}
[208.114805] (-) TimerEvent: {}
[208.215486] (-) TimerEvent: {}
[208.316201] (-) TimerEvent: {}
[208.416868] (-) TimerEvent: {}
[208.517555] (-) TimerEvent: {}
[208.618215] (-) TimerEvent: {}
[208.718876] (-) TimerEvent: {}
[208.819596] (-) TimerEvent: {}
[208.920285] (-) TimerEvent: {}
[209.020980] (-) TimerEvent: {}
[209.121667] (-) TimerEvent: {}
[209.222322] (-) TimerEvent: {}
[209.323003] (-) TimerEvent: {}
[209.423702] (-) TimerEvent: {}
[209.524708] (-) TimerEvent: {}
[209.625629] (-) TimerEvent: {}
[209.726359] (-) TimerEvent: {}
[209.827046] (-) TimerEvent: {}
[209.927761] (-) TimerEvent: {}
[210.028586] (-) TimerEvent: {}
[210.129260] (-) TimerEvent: {}
[210.229960] (-) TimerEvent: {}
[210.330631] (-) TimerEvent: {}
[210.431300] (-) TimerEvent: {}
[210.532126] (-) TimerEvent: {}
[210.632965] (-) TimerEvent: {}
[210.734267] (-) TimerEvent: {}
[210.835249] (-) TimerEvent: {}
[210.935985] (-) TimerEvent: {}
[211.037064] (-) TimerEvent: {}
[211.137790] (-) TimerEvent: {}
[211.238455] (-) TimerEvent: {}
[211.339360] (-) TimerEvent: {}
[211.440180] (-) TimerEvent: {}
[211.540880] (-) TimerEvent: {}
[211.641550] (-) TimerEvent: {}
[211.742206] (-) TimerEvent: {}
[211.842895] (-) TimerEvent: {}
[211.943604] (-) TimerEvent: {}
[212.044330] (-) TimerEvent: {}
[212.145028] (-) TimerEvent: {}
[212.245719] (-) TimerEvent: {}
[212.346433] (-) TimerEvent: {}
[212.447114] (-) TimerEvent: {}
[212.547783] (-) TimerEvent: {}
[212.648441] (-) TimerEvent: {}
[212.749096] (-) TimerEvent: {}
[212.849760] (-) TimerEvent: {}
[212.950433] (-) TimerEvent: {}
[213.051122] (-) TimerEvent: {}
[213.151866] (-) TimerEvent: {}
[213.252535] (-) TimerEvent: {}
[213.353220] (-) TimerEvent: {}
[213.453853] (-) TimerEvent: {}
[213.554622] (-) TimerEvent: {}
[213.656042] (-) TimerEvent: {}
[213.757126] (-) TimerEvent: {}
[213.858171] (-) TimerEvent: {}
[213.959084] (-) TimerEvent: {}
[214.064058] (-) TimerEvent: {}
[214.164841] (-) TimerEvent: {}
[214.265666] (-) TimerEvent: {}
[214.366359] (-) TimerEvent: {}
[214.467073] (-) TimerEvent: {}
[214.567953] (-) TimerEvent: {}
[214.668690] (-) TimerEvent: {}
[214.769405] (-) TimerEvent: {}
[214.870116] (-) TimerEvent: {}
[214.970808] (-) TimerEvent: {}
[215.071507] (-) TimerEvent: {}
[215.172369] (-) TimerEvent: {}
[215.273114] (-) TimerEvent: {}
[215.373827] (-) TimerEvent: {}
[215.474552] (-) TimerEvent: {}
[215.575331] (-) TimerEvent: {}
[215.675997] (-) TimerEvent: {}
[215.776703] (-) TimerEvent: {}
[215.877425] (-) TimerEvent: {}
[215.978159] (-) TimerEvent: {}
[216.080314] (-) TimerEvent: {}
[216.184027] (-) TimerEvent: {}
[216.284884] (-) TimerEvent: {}
[216.385580] (-) TimerEvent: {}
[216.486267] (-) TimerEvent: {}
[216.586971] (-) TimerEvent: {}
[216.687642] (-) TimerEvent: {}
[216.788384] (-) TimerEvent: {}
[216.889075] (-) TimerEvent: {}
[216.989777] (-) TimerEvent: {}
[217.090438] (-) TimerEvent: {}
[217.191185] (-) TimerEvent: {}
[217.291855] (-) TimerEvent: {}
[217.392512] (-) TimerEvent: {}
[217.493204] (-) TimerEvent: {}
[217.595133] (-) TimerEvent: {}
[217.695751] (-) TimerEvent: {}
[217.796501] (-) TimerEvent: {}
[217.897181] (-) TimerEvent: {}
[217.997853] (-) TimerEvent: {}
[218.098551] (-) TimerEvent: {}
[218.199265] (-) TimerEvent: {}
[218.300236] (-) TimerEvent: {}
[218.401012] (-) TimerEvent: {}
[218.501727] (-) TimerEvent: {}
[218.602398] (-) TimerEvent: {}
[218.703070] (-) TimerEvent: {}
[218.803720] (-) TimerEvent: {}
[218.904612] (-) TimerEvent: {}
[219.005470] (-) TimerEvent: {}
[219.106984] (-) TimerEvent: {}
[219.209745] (-) TimerEvent: {}
[219.311028] (-) TimerEvent: {}
[219.411699] (-) TimerEvent: {}
[219.512586] (-) TimerEvent: {}
[219.613553] (-) TimerEvent: {}
[219.715369] (-) TimerEvent: {}
[219.817892] (-) TimerEvent: {}
[219.919615] (-) TimerEvent: {}
[220.020795] (-) TimerEvent: {}
[220.121894] (-) TimerEvent: {}
[220.222592] (-) TimerEvent: {}
[220.323342] (-) TimerEvent: {}
[220.424061] (-) TimerEvent: {}
[220.524709] (-) TimerEvent: {}
[220.626095] (-) TimerEvent: {}
[220.728343] (-) TimerEvent: {}
[220.829433] (-) TimerEvent: {}
[220.931018] (-) TimerEvent: {}
[221.032309] (-) TimerEvent: {}
[221.133512] (-) TimerEvent: {}
[221.235252] (-) TimerEvent: {}
[221.336959] (-) TimerEvent: {}
[221.437617] (-) TimerEvent: {}
[221.538259] (-) TimerEvent: {}
[221.638911] (-) TimerEvent: {}
[221.739577] (-) TimerEvent: {}
[221.840256] (-) TimerEvent: {}
[221.940905] (-) TimerEvent: {}
[222.041596] (-) TimerEvent: {}
[222.142327] (-) TimerEvent: {}
[222.243000] (-) TimerEvent: {}
[222.343666] (-) TimerEvent: {}
[222.445218] (-) TimerEvent: {}
[222.547681] (-) TimerEvent: {}
[222.648667] (-) TimerEvent: {}
[222.750084] (-) TimerEvent: {}
[222.851413] (-) TimerEvent: {}
[222.952461] (-) TimerEvent: {}
[223.054165] (-) TimerEvent: {}
[223.157247] (-) TimerEvent: {}
[223.261232] (-) TimerEvent: {}
[223.364311] (-) TimerEvent: {}
[223.465612] (-) TimerEvent: {}
[223.566966] (-) TimerEvent: {}
[223.668176] (-) TimerEvent: {}
[223.769764] (-) TimerEvent: {}
[223.875168] (-) TimerEvent: {}
[223.976757] (-) TimerEvent: {}
[224.077411] (-) TimerEvent: {}
[224.178045] (-) TimerEvent: {}
[224.278916] (-) TimerEvent: {}
[224.380110] (-) TimerEvent: {}
[224.481512] (-) TimerEvent: {}
[224.582188] (-) TimerEvent: {}
[224.682872] (-) TimerEvent: {}
[224.783568] (-) TimerEvent: {}
[224.884305] (-) TimerEvent: {}
[224.984954] (-) TimerEvent: {}
[225.085627] (-) TimerEvent: {}
[225.186356] (-) TimerEvent: {}
[225.287042] (-) TimerEvent: {}
[225.387928] (-) TimerEvent: {}
[225.488807] (-) TimerEvent: {}
[225.590289] (-) TimerEvent: {}
[225.693439] (-) TimerEvent: {}
[225.795418] (-) TimerEvent: {}
[225.898301] (-) TimerEvent: {}
[225.999590] (-) TimerEvent: {}
[226.100845] (-) TimerEvent: {}
[226.202094] (-) TimerEvent: {}
[226.304319] (-) TimerEvent: {}
[226.404990] (-) TimerEvent: {}
[226.505697] (-) TimerEvent: {}
[226.606372] (-) TimerEvent: {}
[226.707064] (-) TimerEvent: {}
[226.807769] (-) TimerEvent: {}
[226.908541] (-) TimerEvent: {}
[227.009200] (-) TimerEvent: {}
[227.109871] (-) TimerEvent: {}
[227.210646] (-) TimerEvent: {}
[227.311386] (-) TimerEvent: {}
[227.412207] (-) TimerEvent: {}
[227.513113] (-) TimerEvent: {}
[227.617533] (-) TimerEvent: {}
[227.718170] (-) TimerEvent: {}
[227.819252] (-) TimerEvent: {}
[227.920027] (-) TimerEvent: {}
[228.020730] (-) TimerEvent: {}
[228.121422] (-) TimerEvent: {}
[228.222099] (-) TimerEvent: {}
[228.322776] (-) TimerEvent: {}
[228.423477] (-) TimerEvent: {}
[228.524168] (-) TimerEvent: {}
[228.624939] (-) TimerEvent: {}
[228.725703] (-) TimerEvent: {}
[228.826391] (-) TimerEvent: {}
[228.927148] (-) TimerEvent: {}
[229.027912] (-) TimerEvent: {}
[229.128648] (-) TimerEvent: {}
[229.229444] (-) TimerEvent: {}
[229.330267] (-) TimerEvent: {}
[229.431010] (-) TimerEvent: {}
[229.531717] (-) TimerEvent: {}
[229.632527] (-) TimerEvent: {}
[229.733570] (-) TimerEvent: {}
[229.834379] (-) TimerEvent: {}
[229.935316] (-) TimerEvent: {}
[230.036040] (-) TimerEvent: {}
[230.136765] (-) TimerEvent: {}
[230.237430] (-) TimerEvent: {}
[230.338250] (-) TimerEvent: {}
[230.439013] (-) TimerEvent: {}
[230.539771] (-) TimerEvent: {}
[230.640431] (-) TimerEvent: {}
[230.741146] (-) TimerEvent: {}
[230.841888] (-) TimerEvent: {}
[230.942796] (-) TimerEvent: {}
[231.043682] (-) TimerEvent: {}
[231.144438] (-) TimerEvent: {}
[231.245172] (-) TimerEvent: {}
[231.345955] (-) TimerEvent: {}
[231.446809] (-) TimerEvent: {}
[231.547711] (-) TimerEvent: {}
[231.648413] (-) TimerEvent: {}
[231.749121] (-) TimerEvent: {}
[231.849805] (-) TimerEvent: {}
[231.950539] (-) TimerEvent: {}
[232.051292] (-) TimerEvent: {}
[232.152054] (-) TimerEvent: {}
[232.252782] (-) TimerEvent: {}
[232.353494] (-) TimerEvent: {}
[232.454168] (-) TimerEvent: {}
[232.554848] (-) TimerEvent: {}
[232.655610] (-) TimerEvent: {}
[232.756918] (-) TimerEvent: {}
[232.858218] (-) TimerEvent: {}
[232.959021] (-) TimerEvent: {}
[233.059897] (-) TimerEvent: {}
[233.160560] (-) TimerEvent: {}
[233.261261] (-) TimerEvent: {}
[233.362021] (-) TimerEvent: {}
[233.462709] (-) TimerEvent: {}
[233.563415] (-) TimerEvent: {}
[233.664159] (-) TimerEvent: {}
[233.764848] (-) TimerEvent: {}
[233.865556] (-) TimerEvent: {}
[233.966222] (-) TimerEvent: {}
[234.066923] (-) TimerEvent: {}
[234.167594] (-) TimerEvent: {}
[234.268324] (-) TimerEvent: {}
[234.369044] (-) TimerEvent: {}
[234.469886] (-) TimerEvent: {}
[234.570613] (-) TimerEvent: {}
[234.671334] (-) TimerEvent: {}
[234.772004] (-) TimerEvent: {}
[234.872722] (-) TimerEvent: {}
[234.973414] (-) TimerEvent: {}
[235.074084] (-) TimerEvent: {}
[235.174880] (-) TimerEvent: {}
[235.275622] (-) TimerEvent: {}
[235.376341] (-) TimerEvent: {}
[235.477330] (-) TimerEvent: {}
[235.578453] (-) TimerEvent: {}
[235.679134] (-) TimerEvent: {}
[235.779891] (-) TimerEvent: {}
[235.880611] (-) TimerEvent: {}
[235.981292] (-) TimerEvent: {}
[236.081982] (-) TimerEvent: {}
[236.182650] (-) TimerEvent: {}
[236.283643] (-) TimerEvent: {}
[236.384377] (-) TimerEvent: {}
[236.485067] (-) TimerEvent: {}
[236.585769] (-) TimerEvent: {}
[236.686442] (-) TimerEvent: {}
[236.787109] (-) TimerEvent: {}
[236.888190] (-) TimerEvent: {}
[236.990002] (-) TimerEvent: {}
[237.090849] (-) TimerEvent: {}
[237.192224] (-) TimerEvent: {}
[237.298387] (-) TimerEvent: {}
[237.400177] (-) TimerEvent: {}
[237.501236] (-) TimerEvent: {}
[237.602495] (-) TimerEvent: {}
[237.703667] (-) TimerEvent: {}
[237.804578] (-) TimerEvent: {}
[237.905951] (-) TimerEvent: {}
[238.007164] (-) TimerEvent: {}
[238.108012] (-) TimerEvent: {}
[238.208876] (-) TimerEvent: {}
[238.309868] (-) TimerEvent: {}
[238.411095] (-) TimerEvent: {}
[238.512396] (-) TimerEvent: {}
[238.614254] (-) TimerEvent: {}
[238.716616] (-) TimerEvent: {}
[238.817320] (-) TimerEvent: {}
[238.917983] (-) TimerEvent: {}
[239.019230] (-) TimerEvent: {}
[239.119932] (-) TimerEvent: {}
[239.220596] (-) TimerEvent: {}
[239.321292] (-) TimerEvent: {}
[239.422119] (-) TimerEvent: {}
[239.522934] (-) TimerEvent: {}
[239.623778] (-) TimerEvent: {}
[239.724490] (-) TimerEvent: {}
[239.825319] (-) TimerEvent: {}
[239.926463] (-) TimerEvent: {}
[240.028389] (-) TimerEvent: {}
[240.129769] (-) TimerEvent: {}
[240.232084] (-) TimerEvent: {}
[240.333174] (-) TimerEvent: {}
[240.439724] (-) TimerEvent: {}
[240.551936] (-) TimerEvent: {}
[240.652589] (-) TimerEvent: {}
[240.753256] (-) TimerEvent: {}
[240.853938] (-) TimerEvent: {}
[240.954614] (-) TimerEvent: {}
[241.055378] (-) TimerEvent: {}
[241.156038] (-) TimerEvent: {}
[241.256657] (-) TimerEvent: {}
[241.357351] (-) TimerEvent: {}
[241.458035] (-) TimerEvent: {}
[241.558774] (-) TimerEvent: {}
[241.659441] (-) TimerEvent: {}
[241.760154] (-) TimerEvent: {}
[241.865385] (-) TimerEvent: {}
[241.966064] (-) TimerEvent: {}
[242.066869] (-) TimerEvent: {}
[242.167534] (-) TimerEvent: {}
[242.268436] (-) TimerEvent: {}
[242.369127] (-) TimerEvent: {}
[242.469897] (-) TimerEvent: {}
[242.570592] (-) TimerEvent: {}
[242.671262] (-) TimerEvent: {}
[242.771999] (-) TimerEvent: {}
[242.872677] (-) TimerEvent: {}
[242.973409] (-) TimerEvent: {}
[243.074108] (-) TimerEvent: {}
[243.174783] (-) TimerEvent: {}
[243.275471] (-) TimerEvent: {}
[243.376294] (-) TimerEvent: {}
[243.477022] (-) TimerEvent: {}
[243.577710] (-) TimerEvent: {}
[243.678386] (-) TimerEvent: {}
[243.779102] (-) TimerEvent: {}
[243.879795] (-) TimerEvent: {}
[243.980495] (-) TimerEvent: {}
[244.081215] (-) TimerEvent: {}
[244.181982] (-) TimerEvent: {}
[244.282664] (-) TimerEvent: {}
[244.383337] (-) TimerEvent: {}
[244.484061] (-) TimerEvent: {}
[244.584821] (-) TimerEvent: {}
[244.685705] (-) TimerEvent: {}
[244.786486] (-) TimerEvent: {}
[244.888017] (-) TimerEvent: {}
[244.988689] (-) TimerEvent: {}
[245.089687] (-) TimerEvent: {}
[245.190504] (-) TimerEvent: {}
[245.291193] (-) TimerEvent: {}
[245.391930] (-) TimerEvent: {}
[245.492635] (-) TimerEvent: {}
[245.593383] (-) TimerEvent: {}
[245.694106] (-) TimerEvent: {}
[245.794787] (-) TimerEvent: {}
[245.895445] (-) TimerEvent: {}
[245.996162] (-) TimerEvent: {}
[246.096863] (-) TimerEvent: {}
[246.197514] (-) TimerEvent: {}
[246.298189] (-) TimerEvent: {}
[246.398865] (-) TimerEvent: {}
[246.499589] (-) TimerEvent: {}
[246.600310] (-) TimerEvent: {}
[246.701086] (-) TimerEvent: {}
[246.802163] (-) TimerEvent: {}
[246.902847] (-) TimerEvent: {}
[247.003520] (-) TimerEvent: {}
[247.104209] (-) TimerEvent: {}
[247.204881] (-) TimerEvent: {}
[247.305552] (-) TimerEvent: {}
[247.406212] (-) TimerEvent: {}
[247.506898] (-) TimerEvent: {}
[247.607586] (-) TimerEvent: {}
[247.708271] (-) TimerEvent: {}
[247.808975] (-) TimerEvent: {}
[247.909640] (-) TimerEvent: {}
[248.010547] (-) TimerEvent: {}
[248.111254] (-) TimerEvent: {}
[248.211946] (-) TimerEvent: {}
[248.312595] (-) TimerEvent: {}
[248.413349] (-) TimerEvent: {}
[248.514265] (-) TimerEvent: {}
[248.615029] (-) TimerEvent: {}
[248.716409] (-) TimerEvent: {}
[248.817880] (-) TimerEvent: {}
[248.918562] (-) TimerEvent: {}
[249.019431] (-) TimerEvent: {}
[249.120123] (-) TimerEvent: {}
[249.220792] (-) TimerEvent: {}
[249.321492] (-) TimerEvent: {}
[249.422227] (-) TimerEvent: {}
[249.523048] (-) TimerEvent: {}
[249.623735] (-) TimerEvent: {}
[249.724889] (-) TimerEvent: {}
[249.826499] (-) TimerEvent: {}
[249.927815] (-) TimerEvent: {}
[250.028671] (-) TimerEvent: {}
[250.130015] (-) TimerEvent: {}
[250.231148] (-) TimerEvent: {}
[250.332012] (-) TimerEvent: {}
[250.433273] (-) TimerEvent: {}
[250.534382] (-) TimerEvent: {}
[250.635401] (-) TimerEvent: {}
[250.736199] (-) TimerEvent: {}
[250.836874] (-) TimerEvent: {}
[250.937775] (-) TimerEvent: {}
[251.038438] (-) TimerEvent: {}
[251.139080] (-) TimerEvent: {}
[251.239724] (-) TimerEvent: {}
[251.340443] (-) TimerEvent: {}
[251.441179] (-) TimerEvent: {}
[251.541863] (-) TimerEvent: {}
[251.642513] (-) TimerEvent: {}
[251.743210] (-) TimerEvent: {}
[251.843918] (-) TimerEvent: {}
[251.944584] (-) TimerEvent: {}
[252.045263] (-) TimerEvent: {}
[252.146304] (-) TimerEvent: {}
[252.248690] (-) TimerEvent: {}
[252.349498] (-) TimerEvent: {}
[252.451077] (-) TimerEvent: {}
[252.552709] (-) TimerEvent: {}
[252.655274] (-) TimerEvent: {}
[252.756431] (-) TimerEvent: {}
[252.857469] (-) TimerEvent: {}
[252.958787] (-) TimerEvent: {}
[253.059454] (-) TimerEvent: {}
[253.160245] (-) TimerEvent: {}
[253.260967] (-) TimerEvent: {}
[253.361625] (-) TimerEvent: {}
[253.462507] (-) TimerEvent: {}
[253.563394] (-) TimerEvent: {}
[253.664125] (-) TimerEvent: {}
[253.764787] (-) TimerEvent: {}
[253.865481] (-) TimerEvent: {}
[253.966169] (-) TimerEvent: {}
[254.066899] (-) TimerEvent: {}
[254.167581] (-) TimerEvent: {}
[254.268344] (-) TimerEvent: {}
[254.369029] (-) TimerEvent: {}
[254.469699] (-) TimerEvent: {}
[254.570445] (-) TimerEvent: {}
[254.671081] (-) TimerEvent: {}
[254.771754] (-) TimerEvent: {}
[254.872672] (-) TimerEvent: {}
[254.973888] (-) TimerEvent: {}
[255.076809] (-) TimerEvent: {}
[255.178170] (-) TimerEvent: {}
[255.279382] (-) TimerEvent: {}
[255.380745] (-) TimerEvent: {}
[255.482002] (-) TimerEvent: {}
[255.582728] (-) TimerEvent: {}
[255.683416] (-) TimerEvent: {}
[255.784081] (-) TimerEvent: {}
[255.884740] (-) TimerEvent: {}
[255.985410] (-) TimerEvent: {}
[256.086121] (-) TimerEvent: {}
[256.186818] (-) TimerEvent: {}
[256.287503] (-) TimerEvent: {}
[256.388162] (-) TimerEvent: {}
[256.488812] (-) TimerEvent: {}
[256.589635] (-) TimerEvent: {}
[256.690332] (-) TimerEvent: {}
[256.791004] (-) TimerEvent: {}
[256.891668] (-) TimerEvent: {}
[256.992525] (-) TimerEvent: {}
[257.093176] (-) TimerEvent: {}
[257.193814] (-) TimerEvent: {}
[257.294475] (-) TimerEvent: {}
[257.395125] (-) TimerEvent: {}
[257.495770] (-) TimerEvent: {}
[257.596490] (-) TimerEvent: {}
[257.697205] (-) TimerEvent: {}
[257.797910] (-) TimerEvent: {}
[257.898751] (-) TimerEvent: {}
[258.004366] (-) TimerEvent: {}
[258.116078] (-) TimerEvent: {}
[258.216799] (-) TimerEvent: {}
[258.317465] (-) TimerEvent: {}
[258.418126] (-) TimerEvent: {}
[258.518776] (-) TimerEvent: {}
[258.619889] (-) TimerEvent: {}
[258.720611] (-) TimerEvent: {}
[258.821272] (-) TimerEvent: {}
[258.921994] (-) TimerEvent: {}
[259.023005] (-) TimerEvent: {}
[259.123672] (-) TimerEvent: {}
[259.224534] (-) TimerEvent: {}
[259.325938] (-) TimerEvent: {}
[259.426940] (-) TimerEvent: {}
[259.527648] (-) TimerEvent: {}
[259.628731] (-) TimerEvent: {}
[259.729862] (-) TimerEvent: {}
[259.830862] (-) TimerEvent: {}
[259.931920] (-) TimerEvent: {}
[260.033655] (-) TimerEvent: {}
[260.134797] (-) TimerEvent: {}
[260.235743] (-) TimerEvent: {}
[260.336520] (-) TimerEvent: {}
[260.437187] (-) TimerEvent: {}
[260.537835] (-) TimerEvent: {}
[260.638471] (-) TimerEvent: {}
[260.739475] (-) TimerEvent: {}
[260.840816] (-) TimerEvent: {}
[260.942317] (-) TimerEvent: {}
[261.043541] (-) TimerEvent: {}
[261.144696] (-) TimerEvent: {}
[261.245429] (-) TimerEvent: {}
[261.346111] (-) TimerEvent: {}
[261.446768] (-) TimerEvent: {}
[261.547656] (-) TimerEvent: {}
[261.648350] (-) TimerEvent: {}
[261.748990] (-) TimerEvent: {}
[261.849636] (-) TimerEvent: {}
[261.950477] (-) TimerEvent: {}
[262.051469] (-) TimerEvent: {}
[262.152355] (-) TimerEvent: {}
[262.253355] (-) TimerEvent: {}
[262.354220] (-) TimerEvent: {}
[262.455152] (-) TimerEvent: {}
[262.555984] (-) TimerEvent: {}
[262.664054] (-) TimerEvent: {}
[262.764895] (-) TimerEvent: {}
[262.866250] (-) TimerEvent: {}
[262.967547] (-) TimerEvent: {}
[263.068475] (-) TimerEvent: {}
[263.169445] (-) TimerEvent: {}
[263.270153] (-) TimerEvent: {}
[263.370821] (-) TimerEvent: {}
[263.471501] (-) TimerEvent: {}
[263.572242] (-) TimerEvent: {}
[263.673149] (-) TimerEvent: {}
[263.773806] (-) TimerEvent: {}
[263.874469] (-) TimerEvent: {}
[263.975103] (-) TimerEvent: {}
[264.075758] (-) TimerEvent: {}
[264.176448] (-) TimerEvent: {}
[264.277120] (-) TimerEvent: {}
[264.377767] (-) TimerEvent: {}
[264.478408] (-) TimerEvent: {}
[264.579084] (-) TimerEvent: {}
[264.679898] (-) TimerEvent: {}
[264.781441] (-) TimerEvent: {}
[264.882227] (-) TimerEvent: {}
[264.983549] (-) TimerEvent: {}
[265.084643] (-) TimerEvent: {}
[265.185443] (-) TimerEvent: {}
[265.286248] (-) TimerEvent: {}
[265.386913] (-) TimerEvent: {}
[265.487620] (-) TimerEvent: {}
[265.588430] (-) TimerEvent: {}
[265.689567] (-) TimerEvent: {}
[265.790765] (-) TimerEvent: {}
[265.823026] (grab_demo) StdoutLine: {'line': b'[ 95%] \x1b[32m\x1b[1mLinking CXX executable start_grab\x1b[0m\n'}
[265.890946] (-) TimerEvent: {}
[265.991745] (-) TimerEvent: {}
[266.092447] (-) TimerEvent: {}
[266.193356] (-) TimerEvent: {}
[266.294065] (-) TimerEvent: {}
[266.394774] (-) TimerEvent: {}
[266.495436] (-) TimerEvent: {}
[266.596093] (-) TimerEvent: {}
[266.696817] (-) TimerEvent: {}
[266.797492] (-) TimerEvent: {}
[266.898188] (-) TimerEvent: {}
[266.956953] (grab_demo) StdoutLine: {'line': b'[ 95%] Built target start_grab\n'}
[266.998365] (-) TimerEvent: {}
[267.099072] (-) TimerEvent: {}
[267.199816] (-) TimerEvent: {}
[267.300493] (-) TimerEvent: {}
[267.401144] (-) TimerEvent: {}
[267.501811] (-) TimerEvent: {}
[267.602651] (-) TimerEvent: {}
[267.703500] (-) TimerEvent: {}
[267.804397] (-) TimerEvent: {}
[267.905116] (-) TimerEvent: {}
[268.006148] (-) TimerEvent: {}
[268.107125] (-) TimerEvent: {}
[268.207874] (-) TimerEvent: {}
[268.308578] (-) TimerEvent: {}
[268.409241] (-) TimerEvent: {}
[268.509939] (-) TimerEvent: {}
[268.610699] (-) TimerEvent: {}
[268.711918] (-) TimerEvent: {}
[268.812880] (-) TimerEvent: {}
[268.913634] (-) TimerEvent: {}
[269.014479] (-) TimerEvent: {}
[269.115183] (-) TimerEvent: {}
[269.216082] (-) TimerEvent: {}
[269.317030] (-) TimerEvent: {}
[269.417946] (-) TimerEvent: {}
[269.518710] (-) TimerEvent: {}
[269.619612] (-) TimerEvent: {}
[269.720483] (-) TimerEvent: {}
[269.821461] (-) TimerEvent: {}
[269.922578] (-) TimerEvent: {}
[270.023562] (-) TimerEvent: {}
[270.124458] (-) TimerEvent: {}
[270.225406] (-) TimerEvent: {}
[270.326385] (-) TimerEvent: {}
[270.427337] (-) TimerEvent: {}
[270.528058] (-) TimerEvent: {}
[270.628804] (-) TimerEvent: {}
[270.729479] (-) TimerEvent: {}
[270.830148] (-) TimerEvent: {}
[270.930955] (-) TimerEvent: {}
[271.031759] (-) TimerEvent: {}
[271.132551] (-) TimerEvent: {}
[271.233191] (-) TimerEvent: {}
[271.333825] (-) TimerEvent: {}
[271.434479] (-) TimerEvent: {}
[271.535152] (-) TimerEvent: {}
[271.636016] (-) TimerEvent: {}
[271.736809] (-) TimerEvent: {}
[271.837938] (-) TimerEvent: {}
[271.938677] (-) TimerEvent: {}
[272.039587] (-) TimerEvent: {}
[272.140288] (-) TimerEvent: {}
[272.241069] (-) TimerEvent: {}
[272.341707] (-) TimerEvent: {}
[272.442336] (-) TimerEvent: {}
[272.543043] (-) TimerEvent: {}
[272.643693] (-) TimerEvent: {}
[272.744362] (-) TimerEvent: {}
[272.845042] (-) TimerEvent: {}
[272.946210] (-) TimerEvent: {}
[273.046895] (-) TimerEvent: {}
[273.147583] (-) TimerEvent: {}
[273.248706] (-) TimerEvent: {}
[273.349537] (-) TimerEvent: {}
[273.450335] (-) TimerEvent: {}
[273.551160] (-) TimerEvent: {}
[273.651889] (-) TimerEvent: {}
[273.752757] (-) TimerEvent: {}
[273.853422] (-) TimerEvent: {}
[273.954091] (-) TimerEvent: {}
[274.054818] (-) TimerEvent: {}
[274.155456] (-) TimerEvent: {}
[274.256238] (-) TimerEvent: {}
[274.357234] (-) TimerEvent: {}
[274.458113] (-) TimerEvent: {}
[274.558791] (-) TimerEvent: {}
[274.659743] (-) TimerEvent: {}
[274.760683] (-) TimerEvent: {}
[274.861393] (-) TimerEvent: {}
[274.962303] (-) TimerEvent: {}
[275.063564] (-) TimerEvent: {}
[275.164443] (-) TimerEvent: {}
[275.265170] (-) TimerEvent: {}
[275.365913] (-) TimerEvent: {}
[275.466731] (-) TimerEvent: {}
[275.567518] (-) TimerEvent: {}
[275.668292] (-) TimerEvent: {}
[275.769086] (-) TimerEvent: {}
[275.831736] (grab_demo) StdoutLine: {'line': b'[ 97%] \x1b[32m\x1b[1mLinking CXX executable grab_service_node\x1b[0m\n'}
[275.869543] (-) TimerEvent: {}
[275.970352] (-) TimerEvent: {}
[276.071289] (-) TimerEvent: {}
[276.172316] (-) TimerEvent: {}
[276.273002] (-) TimerEvent: {}
[276.373697] (-) TimerEvent: {}
[276.474400] (-) TimerEvent: {}
[276.575103] (-) TimerEvent: {}
[276.675812] (-) TimerEvent: {}
[276.776492] (-) TimerEvent: {}
[276.877157] (-) TimerEvent: {}
[276.977827] (-) TimerEvent: {}
[277.078462] (-) TimerEvent: {}
[277.179394] (-) TimerEvent: {}
[277.250834] (grab_demo) StdoutLine: {'line': b'[ 97%] Built target grab_service_node\n'}
[277.279607] (-) TimerEvent: {}
[277.380546] (-) TimerEvent: {}
[277.481351] (-) TimerEvent: {}
[277.582204] (-) TimerEvent: {}
[277.683203] (-) TimerEvent: {}
[277.784132] (-) TimerEvent: {}
[277.884959] (-) TimerEvent: {}
[277.985649] (-) TimerEvent: {}
[278.086567] (-) TimerEvent: {}
[278.187414] (-) TimerEvent: {}
[278.288387] (-) TimerEvent: {}
[278.389310] (-) TimerEvent: {}
[278.490235] (-) TimerEvent: {}
[278.591179] (-) TimerEvent: {}
[278.692030] (-) TimerEvent: {}
[278.792826] (-) TimerEvent: {}
[278.893705] (-) TimerEvent: {}
[278.994645] (-) TimerEvent: {}
[279.095647] (-) TimerEvent: {}
[279.196613] (-) TimerEvent: {}
[279.297409] (-) TimerEvent: {}
[279.398382] (-) TimerEvent: {}
[279.499220] (-) TimerEvent: {}
[279.600004] (-) TimerEvent: {}
[279.700790] (-) TimerEvent: {}
[279.801765] (-) TimerEvent: {}
[279.902415] (-) TimerEvent: {}
[280.003108] (-) TimerEvent: {}
[280.104112] (-) TimerEvent: {}
[280.204943] (-) TimerEvent: {}
[280.305739] (-) TimerEvent: {}
[280.406518] (-) TimerEvent: {}
[280.507286] (-) TimerEvent: {}
[280.608114] (-) TimerEvent: {}
[280.708930] (-) TimerEvent: {}
[280.809710] (-) TimerEvent: {}
[280.910486] (-) TimerEvent: {}
[281.011221] (-) TimerEvent: {}
[281.112014] (-) TimerEvent: {}
[281.212748] (-) TimerEvent: {}
[281.313404] (-) TimerEvent: {}
[281.414067] (-) TimerEvent: {}
[281.514889] (-) TimerEvent: {}
[281.615668] (-) TimerEvent: {}
[281.716490] (-) TimerEvent: {}
[281.817261] (-) TimerEvent: {}
[281.917929] (-) TimerEvent: {}
[282.018588] (-) TimerEvent: {}
[282.119236] (-) TimerEvent: {}
[282.219912] (-) TimerEvent: {}
[282.320592] (-) TimerEvent: {}
[282.421336] (-) TimerEvent: {}
[282.522043] (-) TimerEvent: {}
[282.622858] (-) TimerEvent: {}
[282.723695] (-) TimerEvent: {}
[282.824480] (-) TimerEvent: {}
[282.925305] (-) TimerEvent: {}
[283.026040] (-) TimerEvent: {}
[283.126817] (-) TimerEvent: {}
[283.227617] (-) TimerEvent: {}
[283.328445] (-) TimerEvent: {}
[283.429106] (-) TimerEvent: {}
[283.529739] (-) TimerEvent: {}
[283.630370] (-) TimerEvent: {}
[283.731020] (-) TimerEvent: {}
[283.831702] (-) TimerEvent: {}
[283.932391] (-) TimerEvent: {}
[284.033078] (-) TimerEvent: {}
[284.133787] (-) TimerEvent: {}
[284.234626] (-) TimerEvent: {}
[284.335322] (-) TimerEvent: {}
[284.436234] (-) TimerEvent: {}
[284.536886] (-) TimerEvent: {}
[284.637557] (-) TimerEvent: {}
[284.738440] (-) TimerEvent: {}
[284.839257] (-) TimerEvent: {}
[284.939982] (-) TimerEvent: {}
[285.040722] (-) TimerEvent: {}
[285.141495] (-) TimerEvent: {}
[285.242219] (-) TimerEvent: {}
[285.343032] (-) TimerEvent: {}
[285.443864] (-) TimerEvent: {}
[285.544573] (-) TimerEvent: {}
[285.645284] (-) TimerEvent: {}
[285.745919] (-) TimerEvent: {}
[285.846553] (-) TimerEvent: {}
[285.947220] (-) TimerEvent: {}
[286.047910] (-) TimerEvent: {}
[286.148725] (-) TimerEvent: {}
[286.249542] (-) TimerEvent: {}
[286.350319] (-) TimerEvent: {}
[286.451103] (-) TimerEvent: {}
[286.551915] (-) TimerEvent: {}
[286.652672] (-) TimerEvent: {}
[286.753570] (-) TimerEvent: {}
[286.854479] (-) TimerEvent: {}
[286.955143] (-) TimerEvent: {}
[287.055943] (-) TimerEvent: {}
[287.156707] (-) TimerEvent: {}
[287.257682] (-) TimerEvent: {}
[287.358384] (-) TimerEvent: {}
[287.459178] (-) TimerEvent: {}
[287.559972] (-) TimerEvent: {}
[287.660833] (-) TimerEvent: {}
[287.761713] (-) TimerEvent: {}
[287.862627] (-) TimerEvent: {}
[287.963344] (-) TimerEvent: {}
[288.063989] (-) TimerEvent: {}
[288.164931] (-) TimerEvent: {}
[288.265860] (-) TimerEvent: {}
[288.366597] (-) TimerEvent: {}
[288.467385] (-) TimerEvent: {}
[288.568130] (-) TimerEvent: {}
[288.668891] (-) TimerEvent: {}
[288.769701] (-) TimerEvent: {}
[288.870454] (-) TimerEvent: {}
[288.971100] (-) TimerEvent: {}
[289.071899] (-) TimerEvent: {}
[289.172927] (-) TimerEvent: {}
[289.273837] (-) TimerEvent: {}
[289.374683] (-) TimerEvent: {}
[289.475404] (-) TimerEvent: {}
[289.576213] (-) TimerEvent: {}
[289.676954] (-) TimerEvent: {}
[289.777768] (-) TimerEvent: {}
[289.878565] (-) TimerEvent: {}
[289.979254] (-) TimerEvent: {}
[290.079964] (-) TimerEvent: {}
[290.180602] (-) TimerEvent: {}
[290.281294] (-) TimerEvent: {}
[290.382093] (-) TimerEvent: {}
[290.482787] (-) TimerEvent: {}
[290.583572] (-) TimerEvent: {}
[290.684399] (-) TimerEvent: {}
[290.785149] (-) TimerEvent: {}
[290.885960] (-) TimerEvent: {}
[290.986763] (-) TimerEvent: {}
[291.087529] (-) TimerEvent: {}
[291.188318] (-) TimerEvent: {}
[291.289216] (-) TimerEvent: {}
[291.389932] (-) TimerEvent: {}
[291.490665] (-) TimerEvent: {}
[291.591438] (-) TimerEvent: {}
[291.692119] (-) TimerEvent: {}
[291.792913] (-) TimerEvent: {}
[291.893894] (-) TimerEvent: {}
[291.994900] (-) TimerEvent: {}
[292.095854] (-) TimerEvent: {}
[292.196551] (-) TimerEvent: {}
[292.297195] (-) TimerEvent: {}
[292.397866] (-) TimerEvent: {}
[292.498660] (-) TimerEvent: {}
[292.599447] (-) TimerEvent: {}
[292.700314] (-) TimerEvent: {}
[292.801125] (-) TimerEvent: {}
[292.901940] (-) TimerEvent: {}
[293.002750] (-) TimerEvent: {}
[293.103542] (-) TimerEvent: {}
[293.204383] (-) TimerEvent: {}
[293.305180] (-) TimerEvent: {}
[293.405992] (-) TimerEvent: {}
[293.507004] (-) TimerEvent: {}
[293.607790] (-) TimerEvent: {}
[293.708589] (-) TimerEvent: {}
[293.809267] (-) TimerEvent: {}
[293.910033] (-) TimerEvent: {}
[294.010828] (-) TimerEvent: {}
[294.111661] (-) TimerEvent: {}
[294.212462] (-) TimerEvent: {}
[294.313110] (-) TimerEvent: {}
[294.413792] (-) TimerEvent: {}
[294.514464] (-) TimerEvent: {}
[294.615213] (-) TimerEvent: {}
[294.715902] (-) TimerEvent: {}
[294.816670] (-) TimerEvent: {}
[294.917380] (-) TimerEvent: {}
[295.018047] (-) TimerEvent: {}
[295.118734] (-) TimerEvent: {}
[295.219537] (-) TimerEvent: {}
[295.320393] (-) TimerEvent: {}
[295.421172] (-) TimerEvent: {}
[295.521969] (-) TimerEvent: {}
[295.622710] (-) TimerEvent: {}
[295.723506] (-) TimerEvent: {}
[295.824328] (-) TimerEvent: {}
[295.925089] (-) TimerEvent: {}
[296.025804] (-) TimerEvent: {}
[296.127207] (-) TimerEvent: {}
[296.228002] (-) TimerEvent: {}
[296.328770] (-) TimerEvent: {}
[296.429450] (-) TimerEvent: {}
[296.530120] (-) TimerEvent: {}
[296.630780] (-) TimerEvent: {}
[296.731445] (-) TimerEvent: {}
[296.832418] (-) TimerEvent: {}
[296.933216] (-) TimerEvent: {}
[297.033995] (-) TimerEvent: {}
[297.134968] (-) TimerEvent: {}
[297.235683] (-) TimerEvent: {}
[297.336482] (-) TimerEvent: {}
[297.437235] (-) TimerEvent: {}
[297.537905] (-) TimerEvent: {}
[297.638669] (-) TimerEvent: {}
[297.739398] (-) TimerEvent: {}
[297.840056] (-) TimerEvent: {}
[297.940678] (-) TimerEvent: {}
[298.041338] (-) TimerEvent: {}
[298.142072] (-) TimerEvent: {}
[298.242793] (-) TimerEvent: {}
[298.343578] (-) TimerEvent: {}
[298.444417] (-) TimerEvent: {}
[298.545179] (-) TimerEvent: {}
[298.645910] (-) TimerEvent: {}
[298.746656] (-) TimerEvent: {}
[298.847369] (-) TimerEvent: {}
[298.948165] (-) TimerEvent: {}
[299.049615] (-) TimerEvent: {}
[299.150449] (-) TimerEvent: {}
[299.251176] (-) TimerEvent: {}
[299.351941] (-) TimerEvent: {}
[299.452726] (-) TimerEvent: {}
[299.553499] (-) TimerEvent: {}
[299.654185] (-) TimerEvent: {}
[299.754911] (-) TimerEvent: {}
[299.855746] (-) TimerEvent: {}
[299.956714] (-) TimerEvent: {}
[300.057596] (-) TimerEvent: {}
[300.158611] (-) TimerEvent: {}
[300.259355] (-) TimerEvent: {}
[300.360014] (-) TimerEvent: {}
[300.460770] (-) TimerEvent: {}
[300.561478] (-) TimerEvent: {}
[300.662237] (-) TimerEvent: {}
[300.763099] (-) TimerEvent: {}
[300.864028] (-) TimerEvent: {}
[300.964769] (-) TimerEvent: {}
[301.065477] (-) TimerEvent: {}
[301.166157] (-) TimerEvent: {}
[301.266965] (-) TimerEvent: {}
[301.367781] (-) TimerEvent: {}
[301.468577] (-) TimerEvent: {}
[301.569346] (-) TimerEvent: {}
[301.670119] (-) TimerEvent: {}
[301.770950] (-) TimerEvent: {}
[301.871737] (-) TimerEvent: {}
[301.972550] (-) TimerEvent: {}
[302.073348] (-) TimerEvent: {}
[302.174124] (-) TimerEvent: {}
[302.275620] (-) TimerEvent: {}
[302.376681] (-) TimerEvent: {}
[302.477489] (-) TimerEvent: {}
[302.578223] (-) TimerEvent: {}
[302.679035] (-) TimerEvent: {}
[302.779689] (-) TimerEvent: {}
[302.880408] (-) TimerEvent: {}
[302.981200] (-) TimerEvent: {}
[303.081846] (-) TimerEvent: {}
[303.182469] (-) TimerEvent: {}
[303.283122] (-) TimerEvent: {}
[303.383810] (-) TimerEvent: {}
[303.484558] (-) TimerEvent: {}
[303.585217] (-) TimerEvent: {}
[303.685851] (-) TimerEvent: {}
[303.786471] (-) TimerEvent: {}
[303.887093] (-) TimerEvent: {}
[303.987716] (-) TimerEvent: {}
[304.088365] (-) TimerEvent: {}
[304.189068] (-) TimerEvent: {}
[304.289766] (-) TimerEvent: {}
[304.390473] (-) TimerEvent: {}
[304.491180] (-) TimerEvent: {}
[304.591908] (-) TimerEvent: {}
[304.692603] (-) TimerEvent: {}
[304.793559] (-) TimerEvent: {}
[304.894359] (-) TimerEvent: {}
[304.995009] (-) TimerEvent: {}
[305.096076] (-) TimerEvent: {}
[305.196728] (-) TimerEvent: {}
[305.297364] (-) TimerEvent: {}
[305.398189] (-) TimerEvent: {}
[305.499110] (-) TimerEvent: {}
[305.600004] (-) TimerEvent: {}
[305.700807] (-) TimerEvent: {}
[305.801626] (-) TimerEvent: {}
[305.902465] (-) TimerEvent: {}
[306.003218] (-) TimerEvent: {}
[306.103866] (-) TimerEvent: {}
[306.204497] (-) TimerEvent: {}
[306.305122] (-) TimerEvent: {}
[306.405769] (-) TimerEvent: {}
[306.506593] (-) TimerEvent: {}
[306.607382] (-) TimerEvent: {}
[306.708124] (-) TimerEvent: {}
[306.808925] (-) TimerEvent: {}
[306.909827] (-) TimerEvent: {}
[307.010684] (-) TimerEvent: {}
[307.111460] (-) TimerEvent: {}
[307.212205] (-) TimerEvent: {}
[307.313075] (-) TimerEvent: {}
[307.413981] (-) TimerEvent: {}
[307.514675] (-) TimerEvent: {}
[307.562285] (grab_demo) StdoutLine: {'line': b'[100%] \x1b[32m\x1b[1mLinking CXX executable hand_eye\x1b[0m\n'}
[307.614835] (-) TimerEvent: {}
[307.715484] (-) TimerEvent: {}
[307.816225] (-) TimerEvent: {}
[307.916971] (-) TimerEvent: {}
[308.017659] (-) TimerEvent: {}
[308.118488] (-) TimerEvent: {}
[308.219253] (-) TimerEvent: {}
[308.320027] (-) TimerEvent: {}
[308.420797] (-) TimerEvent: {}
[308.521505] (-) TimerEvent: {}
[308.622182] (-) TimerEvent: {}
[308.722971] (-) TimerEvent: {}
[308.823741] (-) TimerEvent: {}
[308.924584] (-) TimerEvent: {}
[309.025301] (-) TimerEvent: {}
[309.125996] (-) TimerEvent: {}
[309.226658] (-) TimerEvent: {}
[309.327303] (-) TimerEvent: {}
[309.427934] (-) TimerEvent: {}
[309.528598] (-) TimerEvent: {}
[309.629275] (-) TimerEvent: {}
[309.730193] (-) TimerEvent: {}
[309.831089] (-) TimerEvent: {}
[309.931751] (-) TimerEvent: {}
[310.032712] (-) TimerEvent: {}
[310.133388] (-) TimerEvent: {}
[310.234106] (-) TimerEvent: {}
[310.334781] (-) TimerEvent: {}
[310.354371] (grab_demo) StdoutLine: {'line': b'[100%] Built target hand_eye\n'}
[310.444165] (-) TimerEvent: {}
[310.476270] (grab_demo) CommandEnded: {'returncode': 0}
[310.522216] (grab_demo) JobProgress: {'identifier': 'grab_demo', 'progress': 'install'}
[310.544336] (-) TimerEvent: {}
[310.572705] (grab_demo) Command: {'cmd': ['/usr/bin/cmake', '--install', '/home/dxf/wheeltec_lebai_humble_2024_7_17/build/grab_demo'], 'cwd': '/home/dxf/wheeltec_lebai_humble_2024_7_17/build/grab_demo', 'env': OrderedDict([('PYTHON_BASIC_REPL', '1'), ('LESSOPEN', '| /usr/bin/lesspipe %s'), ('LANGUAGE', 'zh_CN:en_US:en'), ('USER', 'dxf'), ('SSH_CLIENT', '192.168.0.66 60207 22'), ('LC_TIME', 'zh_CN.UTF-8'), ('XDG_SESSION_TYPE', 'tty'), ('GIT_ASKPASS', '/home/dxf/.vscode-server/cli/servers/Stable-6f17636121051a53c88d3e605c491d22af2ba755/server/extensions/git/dist/askpass.sh'), ('SHLVL', '2'), ('LD_LIBRARY_PATH', '/home/dxf/wheeltec_lebai_humble_2024_7_17/install/lebai_interfaces/lib:/home/dxf/wheeltec_lebai_humble_2024_7_17/install/grab_demo/lib:/usr/local/opencv410/lib:/usr/local/lib:/usr/local/cuda-12.6/lib64:/usr/local/opencv410/lib:/usr/local/lib:/opt/ros/humble/opt/rviz_ogre_vendor/lib:/opt/ros/humble/lib/aarch64-linux-gnu:/opt/ros/humble/lib:/usr/local/cuda-12.6/lib64:'), ('BROWSER', '/home/dxf/.vscode-server/cli/servers/Stable-6f17636121051a53c88d3e605c491d22af2ba755/server/bin/helpers/browser.sh'), ('MOTD_SHOWN', 'pam'), ('HOME', '/home/dxf'), ('TERM_PROGRAM_VERSION', '1.103.2'), ('VSCODE_IPC_HOOK_CLI', '/run/user/1000/vscode-ipc-4a76855e-149f-4c07-8ef9-0ec7c8919919.sock'), ('ROS_PYTHON_VERSION', '3'), ('VSCODE_GIT_ASKPASS_MAIN', '/home/dxf/.vscode-server/cli/servers/Stable-6f17636121051a53c88d3e605c491d22af2ba755/server/extensions/git/dist/askpass-main.js'), ('LC_MONETARY', 'zh_CN.UTF-8'), ('VSCODE_GIT_ASKPASS_NODE', '/home/dxf/.vscode-server/cli/servers/Stable-6f17636121051a53c88d3e605c491d22af2ba755/server/node'), ('SSL_CERT_FILE', '/usr/lib/ssl/certs/ca-certificates.crt'), ('PYDEVD_DISABLE_FILE_VALIDATION', '1'), ('BUNDLED_DEBUGPY_PATH', '/home/dxf/.vscode-server/extensions/ms-python.debugpy-2025.14.1-linux-arm64/bundled/libs/debugpy'), ('DBUS_SESSION_BUS_ADDRESS', 'unix:path=/run/user/1000/bus'), ('COLORTERM', 'truecolor'), ('COLCON_PREFIX_PATH', '/home/dxf/wheeltec_lebai_humble_2024_7_17/install'), ('ROS_DISTRO', 'humble'), ('LOGNAME', 'dxf'), ('_', '/usr/bin/colcon'), ('ROS_VERSION', '2'), ('PKG_CONFIG_PATH', '/usr/local/opencv410/lib/pkgconfig:/usr/local/opencv410/lib/pkgconfig:'), ('XDG_SESSION_CLASS', 'user'), ('TERM', 'xterm-256color'), ('XDG_SESSION_ID', '29'), ('ROS_LOCALHOST_ONLY', '0'), ('PATH', '/usr/local/cuda-12.6/bin:/home/dxf/.vscode-server/cli/servers/Stable-6f17636121051a53c88d3e605c491d22af2ba755/server/bin/remote-cli:/opt/ros/humble/bin:/usr/local/cuda-12.6/bin:/usr/local/sbin:/usr/local/bin:/usr/sbin:/usr/bin:/sbin:/bin:/usr/games:/usr/local/games:/snap/bin:/home/dxf/.vscode-server/extensions/ms-python.debugpy-2025.14.1-linux-arm64/bundled/scripts/noConfigScripts'), ('PAPERSIZE', 'a4'), ('LC_ADDRESS', 'zh_CN.UTF-8'), ('XDG_RUNTIME_DIR', '/run/user/1000'), ('SSL_CERT_DIR', '/usr/lib/ssl/certs'), ('DISPLAY', 'localhost:10.0'), ('VSCODE_DEBUGPY_ADAPTER_ENDPOINTS', '/home/dxf/.vscode-server/extensions/ms-python.debugpy-2025.14.1-linux-arm64/.noConfigDebugAdapterEndpoints/endpoint-8b23ef7f21be4a2f.txt'), ('LANG', 'zh_CN.UTF-8'), ('PYTHONSTARTUP', '/home/dxf/.vscode-server/data/User/workspaceStorage/4ecfe97e1d690ce6b205eecd25d67bdf/ms-python.python/pythonrc.py'), ('LC_TELEPHONE', 'zh_CN.UTF-8'), ('LS_COLORS', 'rs=0:di=01;34:ln=01;36:mh=00:pi=40;33:so=01;35:do=01;35:bd=40;33;01:cd=40;33;01:or=40;31;01:mi=00:su=37;41:sg=30;43:ca=30;41:tw=30;42:ow=34;42:st=37;44:ex=01;32:*.tar=01;31:*.tgz=01;31:*.arc=01;31:*.arj=01;31:*.taz=01;31:*.lha=01;31:*.lz4=01;31:*.lzh=01;31:*.lzma=01;31:*.tlz=01;31:*.txz=01;31:*.tzo=01;31:*.t7z=01;31:*.zip=01;31:*.z=01;31:*.dz=01;31:*.gz=01;31:*.lrz=01;31:*.lz=01;31:*.lzo=01;31:*.xz=01;31:*.zst=01;31:*.tzst=01;31:*.bz2=01;31:*.bz=01;31:*.tbz=01;31:*.tbz2=01;31:*.tz=01;31:*.deb=01;31:*.rpm=01;31:*.jar=01;31:*.war=01;31:*.ear=01;31:*.sar=01;31:*.rar=01;31:*.alz=01;31:*.ace=01;31:*.zoo=01;31:*.cpio=01;31:*.7z=01;31:*.rz=01;31:*.cab=01;31:*.wim=01;31:*.swm=01;31:*.dwm=01;31:*.esd=01;31:*.jpg=01;35:*.jpeg=01;35:*.mjpg=01;35:*.mjpeg=01;35:*.gif=01;35:*.bmp=01;35:*.pbm=01;35:*.pgm=01;35:*.ppm=01;35:*.tga=01;35:*.xbm=01;35:*.xpm=01;35:*.tif=01;35:*.tiff=01;35:*.png=01;35:*.svg=01;35:*.svgz=01;35:*.mng=01;35:*.pcx=01;35:*.mov=01;35:*.mpg=01;35:*.mpeg=01;35:*.m2v=01;35:*.mkv=01;35:*.webm=01;35:*.webp=01;35:*.ogm=01;35:*.mp4=01;35:*.m4v=01;35:*.mp4v=01;35:*.vob=01;35:*.qt=01;35:*.nuv=01;35:*.wmv=01;35:*.asf=01;35:*.rm=01;35:*.rmvb=01;35:*.flc=01;35:*.avi=01;35:*.fli=01;35:*.flv=01;35:*.gl=01;35:*.dl=01;35:*.xcf=01;35:*.xwd=01;35:*.yuv=01;35:*.cgm=01;35:*.emf=01;35:*.ogv=01;35:*.ogx=01;35:*.aac=00;36:*.au=00;36:*.flac=00;36:*.m4a=00;36:*.mid=00;36:*.midi=00;36:*.mka=00;36:*.mp3=00;36:*.mpc=00;36:*.ogg=00;36:*.ra=00;36:*.wav=00;36:*.oga=00;36:*.opus=00;36:*.spx=00;36:*.xspf=00;36:'), ('VSCODE_GIT_IPC_HANDLE', '/run/user/1000/vscode-git-42a3dc7ec5.sock'), ('TERM_PROGRAM', 'vscode'), ('AMENT_PREFIX_PATH', '/home/dxf/wheeltec_lebai_humble_2024_7_17/install/lebai_tutorials:/home/dxf/wheeltec_lebai_humble_2024_7_17/install/lebai_resources:/home/dxf/wheeltec_lebai_humble_2024_7_17/install/lebai_lm3_moveit_config:/home/dxf/wheeltec_lebai_humble_2024_7_17/install/lebai_lm3_support:/home/dxf/wheeltec_lebai_humble_2024_7_17/install/lebai_interfaces:/home/dxf/wheeltec_lebai_humble_2024_7_17/install/lebai_driver:/home/dxf/wheeltec_lebai_humble_2024_7_17/install/grab_demo:/home/dxf/wheeltec_lebai_humble_2024_7_17/install/arm_demo:/opt/ros/humble'), ('SHELL', '/bin/bash'), ('LC_NAME', 'zh_CN.UTF-8'), ('LESSCLOSE', '/usr/bin/lesspipe %s %s'), ('LC_MEASUREMENT', 'zh_CN.UTF-8'), ('OpenCV_DIR', '/usr/local/opencv410/lib/cmake/opencv4'), ('LC_IDENTIFICATION', 'zh_CN.UTF-8'), ('VSCODE_GIT_ASKPASS_EXTRA_ARGS', ''), ('PWD', '/home/dxf/wheeltec_lebai_humble_2024_7_17/build/grab_demo'), ('SSH_CONNECTION', '192.168.0.66 60207 192.168.0.100 22'), ('XDG_DATA_DIRS', '/usr/share/gnome:/usr/local/share:/usr/share:/var/lib/snapd/desktop'), ('PYTHONPATH', '/home/dxf/wheeltec_lebai_humble_2024_7_17/install/lebai_interfaces/local/lib/python3.10/dist-packages:/home/dxf/wheeltec_lebai_humble_2024_7_17/install/lebai_driver/lib/python3.10/site-packages:/home/dxf/wheeltec_lebai_humble_2024_7_17/install/grab_demo/local/lib/python3.10/dist-packages:/opt/ros/humble/lib/python3.10/site-packages:/opt/ros/humble/local/lib/python3.10/dist-packages'), ('LC_NUMERIC', 'zh_CN.UTF-8'), ('LC_PAPER', 'zh_CN.UTF-8'), ('COLCON', '1'), ('CMAKE_PREFIX_PATH', '/home/dxf/wheeltec_lebai_humble_2024_7_17/install/lebai_tutorials:/home/dxf/wheeltec_lebai_humble_2024_7_17/install/lebai_resources:/home/dxf/wheeltec_lebai_humble_2024_7_17/install/lebai_lm3_moveit_config:/home/dxf/wheeltec_lebai_humble_2024_7_17/install/lebai_lm3_support:/home/dxf/wheeltec_lebai_humble_2024_7_17/install/lebai_interfaces:/home/dxf/wheeltec_lebai_humble_2024_7_17/install/grab_demo:/home/dxf/wheeltec_lebai_humble_2024_7_17/install/arm_demo:/usr/local/opencv410:/usr/local/opencv410::/home/dxf/wheeltec_lebai_humble_2024_7_17/install/lebai_driver:/opt/ros/humble')]), 'shell': False}
[310.598882] (grab_demo) StdoutLine: {'line': b'-- Install configuration: "Debug"\n'}
[310.600302] (grab_demo) StdoutLine: {'line': b'-- Up-to-date: /home/dxf/wheeltec_lebai_humble_2024_7_17/install/grab_demo/share/ament_index/resource_index/rosidl_interfaces/grab_demo\n'}
[310.601679] (grab_demo) StdoutLine: {'line': b'-- Up-to-date: /home/dxf/wheeltec_lebai_humble_2024_7_17/install/grab_demo/include/grab_demo/grab_demo\n'}
[310.602762] (grab_demo) StdoutLine: {'line': b'-- Up-to-date: /home/dxf/wheeltec_lebai_humble_2024_7_17/install/grab_demo/include/grab_demo/grab_demo/msg\n'}
[310.603036] (grab_demo) StdoutLine: {'line': b'-- Up-to-date: /home/dxf/wheeltec_lebai_humble_2024_7_17/install/grab_demo/include/grab_demo/grab_demo/msg/rosidl_generator_c__visibility_control.h\n'}
[310.603415] (grab_demo) StdoutLine: {'line': b'-- Up-to-date: /home/dxf/wheeltec_lebai_humble_2024_7_17/install/grab_demo/include/grab_demo/grab_demo/srv\n'}
[310.604102] (grab_demo) StdoutLine: {'line': b'-- Up-to-date: /home/dxf/wheeltec_lebai_humble_2024_7_17/install/grab_demo/include/grab_demo/grab_demo/srv/grab_object.h\n'}
[310.604544] (grab_demo) StdoutLine: {'line': b'-- Up-to-date: /home/dxf/wheeltec_lebai_humble_2024_7_17/install/grab_demo/include/grab_demo/grab_demo/srv/detail\n'}
[310.605294] (grab_demo) StdoutLine: {'line': b'-- Up-to-date: /home/dxf/wheeltec_lebai_humble_2024_7_17/install/grab_demo/include/grab_demo/grab_demo/srv/detail/grab_object__struct.h\n'}
[310.605730] (grab_demo) StdoutLine: {'line': b'-- Up-to-date: /home/dxf/wheeltec_lebai_humble_2024_7_17/install/grab_demo/include/grab_demo/grab_demo/srv/detail/grab_object__type_support.h\n'}
[310.605935] (grab_demo) StdoutLine: {'line': b'-- Up-to-date: /home/dxf/wheeltec_lebai_humble_2024_7_17/install/grab_demo/include/grab_demo/grab_demo/srv/detail/grab_object__functions.c\n'}
[310.606263] (grab_demo) StdoutLine: {'line': b'-- Up-to-date: /home/dxf/wheeltec_lebai_humble_2024_7_17/install/grab_demo/include/grab_demo/grab_demo/srv/detail/grab_object__functions.h\n'}
[310.607962] (grab_demo) StdoutLine: {'line': b'-- Up-to-date: /home/dxf/wheeltec_lebai_humble_2024_7_17/install/grab_demo/share/grab_demo/environment/library_path.sh\n'}
[310.608783] (grab_demo) StdoutLine: {'line': b'-- Installing: /home/dxf/wheeltec_lebai_humble_2024_7_17/install/grab_demo/share/grab_demo/environment/library_path.dsv\n'}
[310.610505] (grab_demo) StdoutLine: {'line': b'-- Up-to-date: /home/dxf/wheeltec_lebai_humble_2024_7_17/install/grab_demo/lib/libgrab_demo__rosidl_generator_c.so\n'}
[310.610990] (grab_demo) StdoutLine: {'line': b'-- Up-to-date: /home/dxf/wheeltec_lebai_humble_2024_7_17/install/grab_demo/include/grab_demo/grab_demo\n'}
[310.611285] (grab_demo) StdoutLine: {'line': b'-- Up-to-date: /home/dxf/wheeltec_lebai_humble_2024_7_17/install/grab_demo/include/grab_demo/grab_demo/msg\n'}
[310.611782] (grab_demo) StdoutLine: {'line': b'-- Up-to-date: /home/dxf/wheeltec_lebai_humble_2024_7_17/install/grab_demo/include/grab_demo/grab_demo/msg/rosidl_typesupport_fastrtps_c__visibility_control.h\n'}
[310.612036] (grab_demo) StdoutLine: {'line': b'-- Up-to-date: /home/dxf/wheeltec_lebai_humble_2024_7_17/install/grab_demo/include/grab_demo/grab_demo/srv\n'}
[310.612685] (grab_demo) StdoutLine: {'line': b'-- Up-to-date: /home/dxf/wheeltec_lebai_humble_2024_7_17/install/grab_demo/include/grab_demo/grab_demo/srv/detail\n'}
[310.612834] (grab_demo) StdoutLine: {'line': b'-- Up-to-date: /home/dxf/wheeltec_lebai_humble_2024_7_17/install/grab_demo/include/grab_demo/grab_demo/srv/detail/grab_object__rosidl_typesupport_fastrtps_c.h\n'}
[310.613393] (grab_demo) StdoutLine: {'line': b'-- Up-to-date: /home/dxf/wheeltec_lebai_humble_2024_7_17/install/grab_demo/lib/libgrab_demo__rosidl_typesupport_fastrtps_c.so\n'}
[310.613817] (grab_demo) StdoutLine: {'line': b'-- Up-to-date: /home/dxf/wheeltec_lebai_humble_2024_7_17/install/grab_demo/include/grab_demo/grab_demo\n'}
[310.614659] (grab_demo) StdoutLine: {'line': b'-- Up-to-date: /home/dxf/wheeltec_lebai_humble_2024_7_17/install/grab_demo/include/grab_demo/grab_demo/msg\n'}
[310.615200] (grab_demo) StdoutLine: {'line': b'-- Up-to-date: /home/dxf/wheeltec_lebai_humble_2024_7_17/install/grab_demo/include/grab_demo/grab_demo/msg/rosidl_generator_cpp__visibility_control.hpp\n'}
[310.615560] (grab_demo) StdoutLine: {'line': b'-- Up-to-date: /home/dxf/wheeltec_lebai_humble_2024_7_17/install/grab_demo/include/grab_demo/grab_demo/srv\n'}
[310.615864] (grab_demo) StdoutLine: {'line': b'-- Up-to-date: /home/dxf/wheeltec_lebai_humble_2024_7_17/install/grab_demo/include/grab_demo/grab_demo/srv/detail\n'}
[310.616484] (grab_demo) StdoutLine: {'line': b'-- Up-to-date: /home/dxf/wheeltec_lebai_humble_2024_7_17/install/grab_demo/include/grab_demo/grab_demo/srv/detail/grab_object__traits.hpp\n'}
[310.617461] (grab_demo) StdoutLine: {'line': b'-- Up-to-date: /home/dxf/wheeltec_lebai_humble_2024_7_17/install/grab_demo/include/grab_demo/grab_demo/srv/detail/grab_object__type_support.hpp\n'}
[310.618941] (grab_demo) StdoutLine: {'line': b'-- Up-to-date: /home/dxf/wheeltec_lebai_humble_2024_7_17/install/grab_demo/include/grab_demo/grab_demo/srv/detail/grab_object__builder.hpp\n'}
[310.619581] (grab_demo) StdoutLine: {'line': b'-- Up-to-date: /home/dxf/wheeltec_lebai_humble_2024_7_17/install/grab_demo/include/grab_demo/grab_demo/srv/detail/grab_object__struct.hpp\n'}
[310.620477] (grab_demo) StdoutLine: {'line': b'-- Up-to-date: /home/dxf/wheeltec_lebai_humble_2024_7_17/install/grab_demo/include/grab_demo/grab_demo/srv/grab_object.hpp\n'}
[310.620940] (grab_demo) StdoutLine: {'line': b'-- Up-to-date: /home/dxf/wheeltec_lebai_humble_2024_7_17/install/grab_demo/include/grab_demo/grab_demo\n'}
[310.621339] (grab_demo) StdoutLine: {'line': b'-- Up-to-date: /home/dxf/wheeltec_lebai_humble_2024_7_17/install/grab_demo/include/grab_demo/grab_demo/msg\n'}
[310.622335] (grab_demo) StdoutLine: {'line': b'-- Up-to-date: /home/dxf/wheeltec_lebai_humble_2024_7_17/install/grab_demo/include/grab_demo/grab_demo/msg/rosidl_typesupport_fastrtps_cpp__visibility_control.h\n'}
[310.622561] (grab_demo) StdoutLine: {'line': b'-- Up-to-date: /home/dxf/wheeltec_lebai_humble_2024_7_17/install/grab_demo/include/grab_demo/grab_demo/srv\n'}
[310.622833] (grab_demo) StdoutLine: {'line': b'-- Up-to-date: /home/dxf/wheeltec_lebai_humble_2024_7_17/install/grab_demo/include/grab_demo/grab_demo/srv/detail\n'}
[310.623054] (grab_demo) StdoutLine: {'line': b'-- Up-to-date: /home/dxf/wheeltec_lebai_humble_2024_7_17/install/grab_demo/include/grab_demo/grab_demo/srv/detail/dds_fastrtps\n'}
[310.623270] (grab_demo) StdoutLine: {'line': b'-- Up-to-date: /home/dxf/wheeltec_lebai_humble_2024_7_17/install/grab_demo/include/grab_demo/grab_demo/srv/detail/grab_object__rosidl_typesupport_fastrtps_cpp.hpp\n'}
[310.623412] (grab_demo) StdoutLine: {'line': b'-- Up-to-date: /home/dxf/wheeltec_lebai_humble_2024_7_17/install/grab_demo/lib/libgrab_demo__rosidl_typesupport_fastrtps_cpp.so\n'}
[310.623542] (grab_demo) StdoutLine: {'line': b'-- Up-to-date: /home/dxf/wheeltec_lebai_humble_2024_7_17/install/grab_demo/include/grab_demo/grab_demo\n'}
[310.623665] (grab_demo) StdoutLine: {'line': b'-- Up-to-date: /home/dxf/wheeltec_lebai_humble_2024_7_17/install/grab_demo/include/grab_demo/grab_demo/msg\n'}
[310.623783] (grab_demo) StdoutLine: {'line': b'-- Up-to-date: /home/dxf/wheeltec_lebai_humble_2024_7_17/install/grab_demo/include/grab_demo/grab_demo/msg/rosidl_typesupport_introspection_c__visibility_control.h\n'}
[310.623937] (grab_demo) StdoutLine: {'line': b'-- Up-to-date: /home/dxf/wheeltec_lebai_humble_2024_7_17/install/grab_demo/include/grab_demo/grab_demo/srv\n'}
[310.624055] (grab_demo) StdoutLine: {'line': b'-- Up-to-date: /home/dxf/wheeltec_lebai_humble_2024_7_17/install/grab_demo/include/grab_demo/grab_demo/srv/detail\n'}
[310.624167] (grab_demo) StdoutLine: {'line': b'-- Up-to-date: /home/dxf/wheeltec_lebai_humble_2024_7_17/install/grab_demo/include/grab_demo/grab_demo/srv/detail/grab_object__type_support.c\n'}
[310.624559] (grab_demo) StdoutLine: {'line': b'-- Up-to-date: /home/dxf/wheeltec_lebai_humble_2024_7_17/install/grab_demo/include/grab_demo/grab_demo/srv/detail/grab_object__rosidl_typesupport_introspection_c.h\n'}
[310.624687] (grab_demo) StdoutLine: {'line': b'-- Up-to-date: /home/dxf/wheeltec_lebai_humble_2024_7_17/install/grab_demo/lib/libgrab_demo__rosidl_typesupport_introspection_c.so\n'}
[310.626016] (grab_demo) StdoutLine: {'line': b'-- Up-to-date: /home/dxf/wheeltec_lebai_humble_2024_7_17/install/grab_demo/lib/libgrab_demo__rosidl_typesupport_c.so\n'}
[310.626754] (grab_demo) StdoutLine: {'line': b'-- Up-to-date: /home/dxf/wheeltec_lebai_humble_2024_7_17/install/grab_demo/include/grab_demo/grab_demo\n'}
[310.627109] (grab_demo) StdoutLine: {'line': b'-- Up-to-date: /home/dxf/wheeltec_lebai_humble_2024_7_17/install/grab_demo/include/grab_demo/grab_demo/srv\n'}
[310.627455] (grab_demo) StdoutLine: {'line': b'-- Up-to-date: /home/dxf/wheeltec_lebai_humble_2024_7_17/install/grab_demo/include/grab_demo/grab_demo/srv/detail\n'}
[310.628867] (grab_demo) StdoutLine: {'line': b'-- Up-to-date: /home/dxf/wheeltec_lebai_humble_2024_7_17/install/grab_demo/include/grab_demo/grab_demo/srv/detail/grab_object__rosidl_typesupport_introspection_cpp.hpp\n'}
[310.629144] (grab_demo) StdoutLine: {'line': b'-- Up-to-date: /home/dxf/wheeltec_lebai_humble_2024_7_17/install/grab_demo/include/grab_demo/grab_demo/srv/detail/grab_object__type_support.cpp\n'}
[310.629528] (grab_demo) StdoutLine: {'line': b'-- Up-to-date: /home/dxf/wheeltec_lebai_humble_2024_7_17/install/grab_demo/lib/libgrab_demo__rosidl_typesupport_introspection_cpp.so\n'}
[310.631806] (grab_demo) StdoutLine: {'line': b'-- Up-to-date: /home/dxf/wheeltec_lebai_humble_2024_7_17/install/grab_demo/lib/libgrab_demo__rosidl_typesupport_cpp.so\n'}
[310.632110] (grab_demo) StdoutLine: {'line': b'-- Up-to-date: /home/dxf/wheeltec_lebai_humble_2024_7_17/install/grab_demo/share/grab_demo/environment/pythonpath.sh\n'}
[310.632263] (grab_demo) StdoutLine: {'line': b'-- Installing: /home/dxf/wheeltec_lebai_humble_2024_7_17/install/grab_demo/share/grab_demo/environment/pythonpath.dsv\n'}
[310.639234] (grab_demo) StdoutLine: {'line': b'-- Up-to-date: /home/dxf/wheeltec_lebai_humble_2024_7_17/install/grab_demo/local/lib/python3.10/dist-packages/grab_demo-0.0.0-py3.10.egg-info\n'}
[310.640167] (grab_demo) StdoutLine: {'line': b'-- Installing: /home/dxf/wheeltec_lebai_humble_2024_7_17/install/grab_demo/local/lib/python3.10/dist-packages/grab_demo-0.0.0-py3.10.egg-info/dependency_links.txt\n'}
[310.642105] (grab_demo) StdoutLine: {'line': b'-- Installing: /home/dxf/wheeltec_lebai_humble_2024_7_17/install/grab_demo/local/lib/python3.10/dist-packages/grab_demo-0.0.0-py3.10.egg-info/PKG-INFO\n'}
[310.642351] (grab_demo) StdoutLine: {'line': b'-- Installing: /home/dxf/wheeltec_lebai_humble_2024_7_17/install/grab_demo/local/lib/python3.10/dist-packages/grab_demo-0.0.0-py3.10.egg-info/top_level.txt\n'}
[310.642568] (grab_demo) StdoutLine: {'line': b'-- Installing: /home/dxf/wheeltec_lebai_humble_2024_7_17/install/grab_demo/local/lib/python3.10/dist-packages/grab_demo-0.0.0-py3.10.egg-info/SOURCES.txt\n'}
[310.643502] (grab_demo) StdoutLine: {'line': b'-- Up-to-date: /home/dxf/wheeltec_lebai_humble_2024_7_17/install/grab_demo/local/lib/python3.10/dist-packages/grab_demo\n'}
[310.644034] (grab_demo) StdoutLine: {'line': b'-- Up-to-date: /home/dxf/wheeltec_lebai_humble_2024_7_17/install/grab_demo/local/lib/python3.10/dist-packages/grab_demo/libgrab_demo__rosidl_generator_py.so\n'}
[310.644263] (grab_demo) StdoutLine: {'line': b'-- Up-to-date: /home/dxf/wheeltec_lebai_humble_2024_7_17/install/grab_demo/local/lib/python3.10/dist-packages/grab_demo/_grab_demo_s.ep.rosidl_typesupport_c.c\n'}
[310.644403] (-) TimerEvent: {}
[310.646122] (grab_demo) StdoutLine: {'line': b'-- Installing: /home/dxf/wheeltec_lebai_humble_2024_7_17/install/grab_demo/local/lib/python3.10/dist-packages/grab_demo/__init__.py\n'}
[310.646345] (grab_demo) StdoutLine: {'line': b'-- Up-to-date: /home/dxf/wheeltec_lebai_humble_2024_7_17/install/grab_demo/local/lib/python3.10/dist-packages/grab_demo/_grab_demo_s.ep.rosidl_typesupport_introspection_c.c\n'}
[310.646496] (grab_demo) StdoutLine: {'line': b'-- Up-to-date: /home/dxf/wheeltec_lebai_humble_2024_7_17/install/grab_demo/local/lib/python3.10/dist-packages/grab_demo/_grab_demo_s.ep.rosidl_typesupport_fastrtps_c.c\n'}
[310.646633] (grab_demo) StdoutLine: {'line': b'-- Up-to-date: /home/dxf/wheeltec_lebai_humble_2024_7_17/install/grab_demo/local/lib/python3.10/dist-packages/grab_demo/grab_demo_s__rosidl_typesupport_introspection_c.cpython-310-aarch64-linux-gnu.so\n'}
[310.647489] (grab_demo) StdoutLine: {'line': b'-- Up-to-date: /home/dxf/wheeltec_lebai_humble_2024_7_17/install/grab_demo/local/lib/python3.10/dist-packages/grab_demo/grab_demo_s__rosidl_typesupport_c.cpython-310-aarch64-linux-gnu.so\n'}
[310.647656] (grab_demo) StdoutLine: {'line': b'-- Up-to-date: /home/dxf/wheeltec_lebai_humble_2024_7_17/install/grab_demo/local/lib/python3.10/dist-packages/grab_demo/srv\n'}
[310.647786] (grab_demo) StdoutLine: {'line': b'-- Up-to-date: /home/dxf/wheeltec_lebai_humble_2024_7_17/install/grab_demo/local/lib/python3.10/dist-packages/grab_demo/srv/__init__.py\n'}
[310.648323] (grab_demo) StdoutLine: {'line': b'-- Up-to-date: /home/dxf/wheeltec_lebai_humble_2024_7_17/install/grab_demo/local/lib/python3.10/dist-packages/grab_demo/srv/_grab_object.py\n'}
[310.648471] (grab_demo) StdoutLine: {'line': b'-- Up-to-date: /home/dxf/wheeltec_lebai_humble_2024_7_17/install/grab_demo/local/lib/python3.10/dist-packages/grab_demo/srv/_grab_object_s.c\n'}
[310.648590] (grab_demo) StdoutLine: {'line': b'-- Up-to-date: /home/dxf/wheeltec_lebai_humble_2024_7_17/install/grab_demo/local/lib/python3.10/dist-packages/grab_demo/grab_demo_s__rosidl_typesupport_fastrtps_c.cpython-310-aarch64-linux-gnu.so\n'}
[310.744587] (-) TimerEvent: {}
[310.763520] (grab_demo) StdoutLine: {'line': b"Listing '/home/dxf/wheeltec_lebai_humble_2024_7_17/install/grab_demo/local/lib/python3.10/dist-packages/grab_demo'...\n"}
[310.764003] (grab_demo) StdoutLine: {'line': b"Compiling '/home/dxf/wheeltec_lebai_humble_2024_7_17/install/grab_demo/local/lib/python3.10/dist-packages/grab_demo/__init__.py'...\n"}
[310.764182] (grab_demo) StdoutLine: {'line': b"Listing '/home/dxf/wheeltec_lebai_humble_2024_7_17/install/grab_demo/local/lib/python3.10/dist-packages/grab_demo/srv'...\n"}
[310.778765] (grab_demo) StdoutLine: {'line': b'-- Up-to-date: /home/dxf/wheeltec_lebai_humble_2024_7_17/install/grab_demo/local/lib/python3.10/dist-packages/grab_demo/grab_demo_s__rosidl_typesupport_fastrtps_c.cpython-310-aarch64-linux-gnu.so\n'}
[310.780293] (grab_demo) StdoutLine: {'line': b'-- Up-to-date: /home/dxf/wheeltec_lebai_humble_2024_7_17/install/grab_demo/local/lib/python3.10/dist-packages/grab_demo/grab_demo_s__rosidl_typesupport_introspection_c.cpython-310-aarch64-linux-gnu.so\n'}
[310.782097] (grab_demo) StdoutLine: {'line': b'-- Up-to-date: /home/dxf/wheeltec_lebai_humble_2024_7_17/install/grab_demo/local/lib/python3.10/dist-packages/grab_demo/grab_demo_s__rosidl_typesupport_c.cpython-310-aarch64-linux-gnu.so\n'}
[310.784239] (grab_demo) StdoutLine: {'line': b'-- Up-to-date: /home/dxf/wheeltec_lebai_humble_2024_7_17/install/grab_demo/lib/libgrab_demo__rosidl_generator_py.so\n'}
[310.786208] (grab_demo) StdoutLine: {'line': b'-- Up-to-date: /home/dxf/wheeltec_lebai_humble_2024_7_17/install/grab_demo/share/grab_demo/srv/GrabObject.idl\n'}
[310.787201] (grab_demo) StdoutLine: {'line': b'-- Up-to-date: /home/dxf/wheeltec_lebai_humble_2024_7_17/install/grab_demo/share/grab_demo/srv/GrabObject.srv\n'}
[310.787785] (grab_demo) StdoutLine: {'line': b'-- Up-to-date: /home/dxf/wheeltec_lebai_humble_2024_7_17/install/grab_demo/share/grab_demo/srv/GrabObject_Request.msg\n'}
[310.788498] (grab_demo) StdoutLine: {'line': b'-- Up-to-date: /home/dxf/wheeltec_lebai_humble_2024_7_17/install/grab_demo/share/grab_demo/srv/GrabObject_Response.msg\n'}
[310.789972] (grab_demo) StdoutLine: {'line': b'-- Up-to-date: /home/dxf/wheeltec_lebai_humble_2024_7_17/install/grab_demo/lib/grab_demo/charuco_dectet_node\n'}
[310.791607] (grab_demo) StdoutLine: {'line': b'-- Installing: /home/dxf/wheeltec_lebai_humble_2024_7_17/install/grab_demo/lib/grab_demo/hand_eye\n'}
[310.844889] (-) TimerEvent: {}
[310.864520] (grab_demo) StdoutLine: {'line': b'-- Set runtime path of "/home/dxf/wheeltec_lebai_humble_2024_7_17/install/grab_demo/lib/grab_demo/hand_eye" to ""\n'}
[310.865753] (grab_demo) StdoutLine: {'line': b'-- Up-to-date: /home/dxf/wheeltec_lebai_humble_2024_7_17/install/grab_demo/lib/grab_demo/hsv_range\n'}
[310.867022] (grab_demo) StdoutLine: {'line': b'-- Up-to-date: /home/dxf/wheeltec_lebai_humble_2024_7_17/install/grab_demo/lib/grab_demo/aruco_dectet\n'}
[310.868766] (grab_demo) StdoutLine: {'line': b'-- Installing: /home/dxf/wheeltec_lebai_humble_2024_7_17/install/grab_demo/lib/grab_demo/grab_service_node\n'}
[310.905318] (grab_demo) StdoutLine: {'line': b'-- Set runtime path of "/home/dxf/wheeltec_lebai_humble_2024_7_17/install/grab_demo/lib/grab_demo/grab_service_node" to ""\n'}
[310.906101] (grab_demo) StdoutLine: {'line': b'-- Installing: /home/dxf/wheeltec_lebai_humble_2024_7_17/install/grab_demo/lib/grab_demo/start_grab\n'}
[310.933685] (grab_demo) StdoutLine: {'line': b'-- Set runtime path of "/home/dxf/wheeltec_lebai_humble_2024_7_17/install/grab_demo/lib/grab_demo/start_grab" to ""\n'}
[310.934765] (grab_demo) StdoutLine: {'line': b'-- Up-to-date: /home/dxf/wheeltec_lebai_humble_2024_7_17/install/grab_demo/lib/grab_demo/camera_info_node\n'}
[310.936106] (grab_demo) StdoutLine: {'line': b'-- Up-to-date: /home/dxf/wheeltec_lebai_humble_2024_7_17/install/grab_demo/lib/grab_demo/nav_grab\n'}
[310.936580] (grab_demo) StdoutLine: {'line': b'-- Up-to-date: /home/dxf/wheeltec_lebai_humble_2024_7_17/install/grab_demo/share/grab_demo/launch\n'}
[310.937037] (grab_demo) StdoutLine: {'line': b'-- Up-to-date: /home/dxf/wheeltec_lebai_humble_2024_7_17/install/grab_demo/share/grab_demo/launch/__pycache__\n'}
[310.937378] (grab_demo) StdoutLine: {'line': b'-- Up-to-date: /home/dxf/wheeltec_lebai_humble_2024_7_17/install/grab_demo/share/grab_demo/launch/__pycache__/start_grab.launch.cpython-310.pyc\n'}
[310.937632] (grab_demo) StdoutLine: {'line': b'-- Up-to-date: /home/dxf/wheeltec_lebai_humble_2024_7_17/install/grab_demo/share/grab_demo/launch/start_grab.launch.py\n'}
[310.937864] (grab_demo) StdoutLine: {'line': b'-- Up-to-date: /home/dxf/wheeltec_lebai_humble_2024_7_17/install/grab_demo/share/grab_demo/launch/hand_eye.launch.py\n'}
[310.938045] (grab_demo) StdoutLine: {'line': b'-- Up-to-date: /home/dxf/wheeltec_lebai_humble_2024_7_17/install/grab_demo/share/grab_demo/launch/color_grab.launch.py\n'}
[310.938182] (grab_demo) StdoutLine: {'line': b'-- Up-to-date: /home/dxf/wheeltec_lebai_humble_2024_7_17/install/grab_demo/share/grab_demo/launch/aruco_grab.launch.py\n'}
[310.938357] (grab_demo) StdoutLine: {'line': b'-- Up-to-date: /home/dxf/wheeltec_lebai_humble_2024_7_17/install/grab_demo/share/ament_index/resource_index/package_run_dependencies/grab_demo\n'}
[310.938569] (grab_demo) StdoutLine: {'line': b'-- Installing: /home/dxf/wheeltec_lebai_humble_2024_7_17/install/grab_demo/share/ament_index/resource_index/parent_prefix_path/grab_demo\n'}
[310.941634] (grab_demo) StdoutLine: {'line': b'-- Up-to-date: /home/dxf/wheeltec_lebai_humble_2024_7_17/install/grab_demo/share/grab_demo/environment/ament_prefix_path.sh\n'}
[310.943017] (grab_demo) StdoutLine: {'line': b'-- Installing: /home/dxf/wheeltec_lebai_humble_2024_7_17/install/grab_demo/share/grab_demo/environment/ament_prefix_path.dsv\n'}
[310.943769] (grab_demo) StdoutLine: {'line': b'-- Up-to-date: /home/dxf/wheeltec_lebai_humble_2024_7_17/install/grab_demo/share/grab_demo/environment/path.sh\n'}
[310.944100] (grab_demo) StdoutLine: {'line': b'-- Installing: /home/dxf/wheeltec_lebai_humble_2024_7_17/install/grab_demo/share/grab_demo/environment/path.dsv\n'}
[310.944484] (grab_demo) StdoutLine: {'line': b'-- Up-to-date: /home/dxf/wheeltec_lebai_humble_2024_7_17/install/grab_demo/share/grab_demo/local_setup.bash\n'}
[310.944810] (grab_demo) StdoutLine: {'line': b'-- Up-to-date: /home/dxf/wheeltec_lebai_humble_2024_7_17/install/grab_demo/share/grab_demo/local_setup.sh\n'}
[310.944957] (-) TimerEvent: {}
[310.945228] (grab_demo) StdoutLine: {'line': b'-- Up-to-date: /home/dxf/wheeltec_lebai_humble_2024_7_17/install/grab_demo/share/grab_demo/local_setup.zsh\n'}
[310.945398] (grab_demo) StdoutLine: {'line': b'-- Installing: /home/dxf/wheeltec_lebai_humble_2024_7_17/install/grab_demo/share/grab_demo/local_setup.dsv\n'}
[310.945962] (grab_demo) StdoutLine: {'line': b'-- Installing: /home/dxf/wheeltec_lebai_humble_2024_7_17/install/grab_demo/share/grab_demo/package.dsv\n'}
[310.946892] (grab_demo) StdoutLine: {'line': b'-- Up-to-date: /home/dxf/wheeltec_lebai_humble_2024_7_17/install/grab_demo/share/ament_index/resource_index/packages/grab_demo\n'}
[310.948388] (grab_demo) StdoutLine: {'line': b'-- Up-to-date: /home/dxf/wheeltec_lebai_humble_2024_7_17/install/grab_demo/share/grab_demo/cmake/export_grab_demo__rosidl_generator_cExport.cmake\n'}
[310.948694] (grab_demo) StdoutLine: {'line': b'-- Up-to-date: /home/dxf/wheeltec_lebai_humble_2024_7_17/install/grab_demo/share/grab_demo/cmake/export_grab_demo__rosidl_generator_cExport-debug.cmake\n'}
[310.949394] (grab_demo) StdoutLine: {'line': b'-- Up-to-date: /home/dxf/wheeltec_lebai_humble_2024_7_17/install/grab_demo/share/grab_demo/cmake/export_grab_demo__rosidl_typesupport_fastrtps_cExport.cmake\n'}
[310.949684] (grab_demo) StdoutLine: {'line': b'-- Up-to-date: /home/dxf/wheeltec_lebai_humble_2024_7_17/install/grab_demo/share/grab_demo/cmake/export_grab_demo__rosidl_typesupport_fastrtps_cExport-debug.cmake\n'}
[310.950949] (grab_demo) StdoutLine: {'line': b'-- Up-to-date: /home/dxf/wheeltec_lebai_humble_2024_7_17/install/grab_demo/share/grab_demo/cmake/export_grab_demo__rosidl_generator_cppExport.cmake\n'}
[310.953969] (grab_demo) StdoutLine: {'line': b'-- Up-to-date: /home/dxf/wheeltec_lebai_humble_2024_7_17/install/grab_demo/share/grab_demo/cmake/export_grab_demo__rosidl_typesupport_fastrtps_cppExport.cmake\n'}
[310.955061] (grab_demo) StdoutLine: {'line': b'-- Up-to-date: /home/dxf/wheeltec_lebai_humble_2024_7_17/install/grab_demo/share/grab_demo/cmake/export_grab_demo__rosidl_typesupport_fastrtps_cppExport-debug.cmake\n'}
[310.957858] (grab_demo) StdoutLine: {'line': b'-- Up-to-date: /home/dxf/wheeltec_lebai_humble_2024_7_17/install/grab_demo/share/grab_demo/cmake/grab_demo__rosidl_typesupport_introspection_cExport.cmake\n'}
[310.959030] (grab_demo) StdoutLine: {'line': b'-- Up-to-date: /home/dxf/wheeltec_lebai_humble_2024_7_17/install/grab_demo/share/grab_demo/cmake/grab_demo__rosidl_typesupport_introspection_cExport-debug.cmake\n'}
[310.961288] (grab_demo) StdoutLine: {'line': b'-- Up-to-date: /home/dxf/wheeltec_lebai_humble_2024_7_17/install/grab_demo/share/grab_demo/cmake/grab_demo__rosidl_typesupport_cExport.cmake\n'}
[310.962425] (grab_demo) StdoutLine: {'line': b'-- Up-to-date: /home/dxf/wheeltec_lebai_humble_2024_7_17/install/grab_demo/share/grab_demo/cmake/grab_demo__rosidl_typesupport_cExport-debug.cmake\n'}
[310.965404] (grab_demo) StdoutLine: {'line': b'-- Up-to-date: /home/dxf/wheeltec_lebai_humble_2024_7_17/install/grab_demo/share/grab_demo/cmake/grab_demo__rosidl_typesupport_introspection_cppExport.cmake\n'}
[310.966295] (grab_demo) StdoutLine: {'line': b'-- Up-to-date: /home/dxf/wheeltec_lebai_humble_2024_7_17/install/grab_demo/share/grab_demo/cmake/grab_demo__rosidl_typesupport_introspection_cppExport-debug.cmake\n'}
[310.968353] (grab_demo) StdoutLine: {'line': b'-- Up-to-date: /home/dxf/wheeltec_lebai_humble_2024_7_17/install/grab_demo/share/grab_demo/cmake/grab_demo__rosidl_typesupport_cppExport.cmake\n'}
[310.969433] (grab_demo) StdoutLine: {'line': b'-- Up-to-date: /home/dxf/wheeltec_lebai_humble_2024_7_17/install/grab_demo/share/grab_demo/cmake/grab_demo__rosidl_typesupport_cppExport-debug.cmake\n'}
[310.971641] (grab_demo) StdoutLine: {'line': b'-- Up-to-date: /home/dxf/wheeltec_lebai_humble_2024_7_17/install/grab_demo/share/grab_demo/cmake/export_grab_demo__rosidl_generator_pyExport.cmake\n'}
[310.972593] (grab_demo) StdoutLine: {'line': b'-- Up-to-date: /home/dxf/wheeltec_lebai_humble_2024_7_17/install/grab_demo/share/grab_demo/cmake/export_grab_demo__rosidl_generator_pyExport-debug.cmake\n'}
[310.973606] (grab_demo) StdoutLine: {'line': b'-- Up-to-date: /home/dxf/wheeltec_lebai_humble_2024_7_17/install/grab_demo/share/grab_demo/cmake/rosidl_cmake-extras.cmake\n'}
[310.974287] (grab_demo) StdoutLine: {'line': b'-- Up-to-date: /home/dxf/wheeltec_lebai_humble_2024_7_17/install/grab_demo/share/grab_demo/cmake/ament_cmake_export_include_directories-extras.cmake\n'}
[310.975204] (grab_demo) StdoutLine: {'line': b'-- Up-to-date: /home/dxf/wheeltec_lebai_humble_2024_7_17/install/grab_demo/share/grab_demo/cmake/ament_cmake_export_libraries-extras.cmake\n'}
[310.975998] (grab_demo) StdoutLine: {'line': b'-- Up-to-date: /home/dxf/wheeltec_lebai_humble_2024_7_17/install/grab_demo/share/grab_demo/cmake/ament_cmake_export_targets-extras.cmake\n'}
[310.976635] (grab_demo) StdoutLine: {'line': b'-- Up-to-date: /home/dxf/wheeltec_lebai_humble_2024_7_17/install/grab_demo/share/grab_demo/cmake/rosidl_cmake_export_typesupport_targets-extras.cmake\n'}
[310.977108] (grab_demo) StdoutLine: {'line': b'-- Up-to-date: /home/dxf/wheeltec_lebai_humble_2024_7_17/install/grab_demo/share/grab_demo/cmake/ament_cmake_export_dependencies-extras.cmake\n'}
[310.977787] (grab_demo) StdoutLine: {'line': b'-- Up-to-date: /home/dxf/wheeltec_lebai_humble_2024_7_17/install/grab_demo/share/grab_demo/cmake/rosidl_cmake_export_typesupport_libraries-extras.cmake\n'}
[310.977990] (grab_demo) StdoutLine: {'line': b'-- Up-to-date: /home/dxf/wheeltec_lebai_humble_2024_7_17/install/grab_demo/share/grab_demo/cmake/grab_demoConfig.cmake\n'}
[310.978209] (grab_demo) StdoutLine: {'line': b'-- Up-to-date: /home/dxf/wheeltec_lebai_humble_2024_7_17/install/grab_demo/share/grab_demo/cmake/grab_demoConfig-version.cmake\n'}
[310.978599] (grab_demo) StdoutLine: {'line': b'-- Up-to-date: /home/dxf/wheeltec_lebai_humble_2024_7_17/install/grab_demo/share/grab_demo/package.xml\n'}
[310.987802] (grab_demo) CommandEnded: {'returncode': 0}
[311.045391] (-) TimerEvent: {}
[311.141447] (grab_demo) JobEnded: {'identifier': 'grab_demo', 'rc': 0}
[311.150669] (-) TimerEvent: {}
[311.150983] (-) EventReactorShutdown: {}
