[0.000000] (-) TimerEvent: {}
[0.002274] (-) JobUnselected: {'identifier': 'arm_demo'}
[0.002534] (-) JobUnselected: {'identifier': 'lebai_driver'}
[0.002734] (-) JobUnselected: {'identifier': 'lebai_interfaces'}
[0.003492] (-) JobUnselected: {'identifier': 'lebai_lm3_moveit_config'}
[0.003597] (-) JobUnselected: {'identifier': 'lebai_lm3_support'}
[0.003652] (-) JobUnselected: {'identifier': 'lebai_resources'}
[0.003695] (-) JobUnselected: {'identifier': 'lebai_tutorials'}
[0.003744] (grab_demo) JobQueued: {'identifier': 'grab_demo', 'dependencies': OrderedDict()}
[0.003796] (grab_demo) JobStarted: {'identifier': 'grab_demo'}
[0.045069] (grab_demo) JobProgress: {'identifier': 'grab_demo', 'progress': 'cmake'}
[0.048048] (grab_demo) Command: {'cmd': ['/usr/bin/cmake', '/home/dxf/wheeltec_lebai_humble_2024_7_17/src/grab_demo', '-DCMAKE_BUILD_TYPE=Debug', '-DCMAKE_INSTALL_PREFIX=/home/dxf/wheeltec_lebai_humble_2024_7_17/install/grab_demo'], 'cwd': '/home/dxf/wheeltec_lebai_humble_2024_7_17/build/grab_demo', 'env': OrderedDict([('LESSOPEN', '| /usr/bin/lesspipe %s'), ('LANGUAGE', 'zh_CN:en_US:en'), ('USER', 'dxf'), ('SSH_CLIENT', '192.168.0.66 49474 22'), ('LC_TIME', 'zh_CN.UTF-8'), ('XDG_SESSION_TYPE', 'tty'), ('GIT_ASKPASS', '/home/dxf/.cursor-server/bin/7a31bffd467aa2d9adfda69076eb924e9062cb20/extensions/git/dist/askpass.sh'), ('SHLVL', '1'), ('LD_LIBRARY_PATH', '/home/dxf/wheeltec_lebai_humble_2024_7_17/install/lebai_interfaces/lib:/home/dxf/wheeltec_lebai_humble_2024_7_17/install/grab_demo/lib:/home/dxf/WHEELTEC_S300Pro_mini/install/yesense_interface/lib:/home/dxf/WHEELTEC_S300Pro_mini/install/wheeltec_rrt_msg/lib:/home/dxf/WHEELTEC_S300Pro_mini/install/wheeltec_robot_rrt/lib:/home/dxf/WHEELTEC_S300Pro_mini/install/wheeltec_mic_msg/lib:/home/dxf/WHEELTEC_S300Pro_mini/install/usb_cam/lib:/home/dxf/WHEELTEC_S300Pro_mini/install/turn_on_wheeltec_robot/lib:/home/dxf/WHEELTEC_S300Pro_mini/install/serial/lib:/home/dxf/WHEELTEC_S300Pro_mini/install/robot_interfaces/lib:/home/dxf/WHEELTEC_S300Pro_mini/install/orb_slam2_ros/lib:/home/dxf/WHEELTEC_S300Pro_mini/install/openslam_gmapping/lib:/home/dxf/WHEELTEC_S300Pro_mini/install/ollama_ros_msgs/lib:/home/dxf/WHEELTEC_S300Pro_mini/install/lslidar_msgs/lib:/home/dxf/WHEELTEC_S300Pro_mini/install/bodyreader_msg/lib:/home/dxf/WHEELTEC_S300Pro_mini/install/astra_camera/lib:/home/dxf/WHEELTEC_S300Pro_mini/install/astra_camera_msgs/lib:/home/dxf/WHEELTEC_S300Pro_mini/install/aruco_ros/lib:/home/dxf/WHEELTEC_S300Pro_mini/install/aruco_msgs/lib:/home/dxf/WHEELTEC_S300Pro_mini/install/aruco/lib:/usr/local/opencv410/lib:/usr/local/lib:/usr/local/cuda-12.6/lib64:/usr/local/opencv410/lib:/usr/local/lib:/opt/ros/humble/opt/rviz_ogre_vendor/lib:/opt/ros/humble/lib/aarch64-linux-gnu:/opt/ros/humble/lib:/usr/local/cuda-12.6/lib64:'), ('BROWSER', '/home/dxf/.cursor-server/bin/7a31bffd467aa2d9adfda69076eb924e9062cb20/bin/helpers/browser.sh'), ('MOTD_SHOWN', 'pam'), ('HOME', '/home/dxf'), ('OLDPWD', '/home/dxf/wheeltec_lebai_humble_2024_7_17'), ('TERM_PROGRAM_VERSION', '2.0.54'), ('VSCODE_IPC_HOOK_CLI', '/run/user/1000/vscode-ipc-c7237062-b93f-4682-b1c9-57fe2a7d88ca.sock'), ('ROS_PYTHON_VERSION', '3'), ('VSCODE_GIT_ASKPASS_MAIN', '/home/dxf/.cursor-server/bin/7a31bffd467aa2d9adfda69076eb924e9062cb20/extensions/git/dist/askpass-main.js'), ('LC_MONETARY', 'zh_CN.UTF-8'), ('VSCODE_GIT_ASKPASS_NODE', '/home/dxf/.cursor-server/bin/7a31bffd467aa2d9adfda69076eb924e9062cb20/node'), ('DBUS_SESSION_BUS_ADDRESS', 'unix:path=/run/user/1000/bus'), ('COLORTERM', 'truecolor'), ('COLCON_PREFIX_PATH', '/home/dxf/wheeltec_lebai_humble_2024_7_17/install:/home/dxf/WHEELTEC_S300Pro_mini/install'), ('ROS_DISTRO', 'humble'), ('LOGNAME', 'dxf'), ('_', '/usr/bin/colcon'), ('ROS_VERSION', '2'), ('PKG_CONFIG_PATH', '/usr/local/opencv410/lib/pkgconfig:/usr/local/opencv410/lib/pkgconfig:'), ('XDG_SESSION_CLASS', 'user'), ('TERM', 'xterm-256color'), ('XDG_SESSION_ID', '9'), ('ROS_LOCALHOST_ONLY', '0'), ('PATH', '/usr/local/cuda-12.6/bin:/home/dxf/.cursor-server/bin/7a31bffd467aa2d9adfda69076eb924e9062cb20/bin/remote-cli:/opt/ros/humble/bin:/usr/local/cuda-12.6/bin:/home/dxf/.cursor-server/bin/7a31bffd467aa2d9adfda69076eb924e9062cb20/bin/remote-cli:/usr/local/sbin:/usr/local/bin:/usr/sbin:/usr/bin:/sbin:/bin:/usr/games:/usr/local/games:/snap/bin'), ('PAPERSIZE', 'a4'), ('LC_ADDRESS', 'zh_CN.UTF-8'), ('XDG_RUNTIME_DIR', '/run/user/1000'), ('DISPLAY', 'localhost:10.0'), ('LANG', 'zh_CN.UTF-8'), ('LC_TELEPHONE', 'zh_CN.UTF-8'), ('LS_COLORS', 'rs=0:di=01;34:ln=01;36:mh=00:pi=40;33:so=01;35:do=01;35:bd=40;33;01:cd=40;33;01:or=40;31;01:mi=00:su=37;41:sg=30;43:ca=30;41:tw=30;42:ow=34;42:st=37;44:ex=01;32:*.tar=01;31:*.tgz=01;31:*.arc=01;31:*.arj=01;31:*.taz=01;31:*.lha=01;31:*.lz4=01;31:*.lzh=01;31:*.lzma=01;31:*.tlz=01;31:*.txz=01;31:*.tzo=01;31:*.t7z=01;31:*.zip=01;31:*.z=01;31:*.dz=01;31:*.gz=01;31:*.lrz=01;31:*.lz=01;31:*.lzo=01;31:*.xz=01;31:*.zst=01;31:*.tzst=01;31:*.bz2=01;31:*.bz=01;31:*.tbz=01;31:*.tbz2=01;31:*.tz=01;31:*.deb=01;31:*.rpm=01;31:*.jar=01;31:*.war=01;31:*.ear=01;31:*.sar=01;31:*.rar=01;31:*.alz=01;31:*.ace=01;31:*.zoo=01;31:*.cpio=01;31:*.7z=01;31:*.rz=01;31:*.cab=01;31:*.wim=01;31:*.swm=01;31:*.dwm=01;31:*.esd=01;31:*.jpg=01;35:*.jpeg=01;35:*.mjpg=01;35:*.mjpeg=01;35:*.gif=01;35:*.bmp=01;35:*.pbm=01;35:*.pgm=01;35:*.ppm=01;35:*.tga=01;35:*.xbm=01;35:*.xpm=01;35:*.tif=01;35:*.tiff=01;35:*.png=01;35:*.svg=01;35:*.svgz=01;35:*.mng=01;35:*.pcx=01;35:*.mov=01;35:*.mpg=01;35:*.mpeg=01;35:*.m2v=01;35:*.mkv=01;35:*.webm=01;35:*.webp=01;35:*.ogm=01;35:*.mp4=01;35:*.m4v=01;35:*.mp4v=01;35:*.vob=01;35:*.qt=01;35:*.nuv=01;35:*.wmv=01;35:*.asf=01;35:*.rm=01;35:*.rmvb=01;35:*.flc=01;35:*.avi=01;35:*.fli=01;35:*.flv=01;35:*.gl=01;35:*.dl=01;35:*.xcf=01;35:*.xwd=01;35:*.yuv=01;35:*.cgm=01;35:*.emf=01;35:*.ogv=01;35:*.ogx=01;35:*.aac=00;36:*.au=00;36:*.flac=00;36:*.m4a=00;36:*.mid=00;36:*.midi=00;36:*.mka=00;36:*.mp3=00;36:*.mpc=00;36:*.ogg=00;36:*.ra=00;36:*.wav=00;36:*.oga=00;36:*.opus=00;36:*.spx=00;36:*.xspf=00;36:'), ('VSCODE_GIT_IPC_HANDLE', '/run/user/1000/vscode-git-699de2faee.sock'), ('TERM_PROGRAM', 'vscode'), ('AMENT_PREFIX_PATH', '/home/dxf/wheeltec_lebai_humble_2024_7_17/install/lebai_tutorials:/home/dxf/wheeltec_lebai_humble_2024_7_17/install/lebai_resources:/home/dxf/wheeltec_lebai_humble_2024_7_17/install/lebai_lm3_moveit_config:/home/dxf/wheeltec_lebai_humble_2024_7_17/install/lebai_lm3_support:/home/dxf/wheeltec_lebai_humble_2024_7_17/install/lebai_interfaces:/home/dxf/wheeltec_lebai_humble_2024_7_17/install/lebai_driver:/home/dxf/wheeltec_lebai_humble_2024_7_17/install/grab_demo:/home/dxf/wheeltec_lebai_humble_2024_7_17/install/arm_demo:/home/dxf/WHEELTEC_S300Pro_mini/install/yesense_std_ros2:/home/dxf/WHEELTEC_S300Pro_mini/install/yesense_interface:/home/dxf/WHEELTEC_S300Pro_mini/install/wheeltec_ultrasonic:/home/dxf/WHEELTEC_S300Pro_mini/install/wheeltec_slam_toolbox:/home/dxf/WHEELTEC_S300Pro_mini/install/wheeltec_rviz2:/home/dxf/WHEELTEC_S300Pro_mini/install/wheeltec_rrt_msg:/home/dxf/WHEELTEC_S300Pro_mini/install/wheeltec_robot_rtab:/home/dxf/WHEELTEC_S300Pro_mini/install/wheeltec_robot_rrt:/home/dxf/WHEELTEC_S300Pro_mini/install/wheeltec_robot_keyboard:/home/dxf/WHEELTEC_S300Pro_mini/install/wheeltec_robot_kcf:/home/dxf/WHEELTEC_S300Pro_mini/install/wheeltec_path_follow:/home/dxf/WHEELTEC_S300Pro_mini/install/wheeltec_nav2:/home/dxf/WHEELTEC_S300Pro_mini/install/wheeltec_mic_ros2:/home/dxf/WHEELTEC_S300Pro_mini/install/wheeltec_mic_msg:/home/dxf/WHEELTEC_S300Pro_mini/install/wheeltec_joy:/home/dxf/WHEELTEC_S300Pro_mini/install/wheeltec_cartographer:/home/dxf/WHEELTEC_S300Pro_mini/install/web_video_server:/home/dxf/WHEELTEC_S300Pro_mini/install/usb_cam:/home/dxf/WHEELTEC_S300Pro_mini/install/simple_follower_ros2:/home/dxf/WHEELTEC_S300Pro_mini/install/turn_on_wheeltec_robot:/home/dxf/WHEELTEC_S300Pro_mini/install/slam_gmapping:/home/dxf/WHEELTEC_S300Pro_mini/install/bodyreader:/home/dxf/WHEELTEC_S300Pro_mini/install/serial:/home/dxf/WHEELTEC_S300Pro_mini/install/robot_interfaces:/home/dxf/WHEELTEC_S300Pro_mini/install/rm_description:/home/dxf/WHEELTEC_S300Pro_mini/install/qt_ros_test:/home/dxf/WHEELTEC_S300Pro_mini/install/orb_slam2_ros:/home/dxf/WHEELTEC_S300Pro_mini/install/openslam_gmapping:/home/dxf/WHEELTEC_S300Pro_mini/install/ollama_ros_chat:/home/dxf/WHEELTEC_S300Pro_mini/install/ollama_ros_msgs:/home/dxf/WHEELTEC_S300Pro_mini/install/nav2_waypoint_cycle:/home/dxf/WHEELTEC_S300Pro_mini/install/lslidar_driver:/home/dxf/WHEELTEC_S300Pro_mini/install/lslidar_msgs:/home/dxf/WHEELTEC_S300Pro_mini/install/ldlidar_stl_ros2:/home/dxf/WHEELTEC_S300Pro_mini/install/ldlidar_sl_ros2:/home/dxf/WHEELTEC_S300Pro_mini/install/double_lidar_fusion:/home/dxf/WHEELTEC_S300Pro_mini/install/bodyreader_msg:/home/dxf/WHEELTEC_S300Pro_mini/install/auto_recharge_ros2:/home/dxf/WHEELTEC_S300Pro_mini/install/astra_camera:/home/dxf/WHEELTEC_S300Pro_mini/install/astra_camera_msgs:/home/dxf/WHEELTEC_S300Pro_mini/install/aruco_ros:/home/dxf/WHEELTEC_S300Pro_mini/install/aruco_msgs:/home/dxf/WHEELTEC_S300Pro_mini/install/aruco:/opt/ros/humble'), ('SHELL', '/bin/bash'), ('LC_NAME', 'zh_CN.UTF-8'), ('LESSCLOSE', '/usr/bin/lesspipe %s %s'), ('LC_MEASUREMENT', 'zh_CN.UTF-8'), ('OpenCV_DIR', '/usr/local/opencv410/lib/cmake/opencv4'), ('LC_IDENTIFICATION', 'zh_CN.UTF-8'), ('VSCODE_GIT_ASKPASS_EXTRA_ARGS', ''), ('PWD', '/home/dxf/wheeltec_lebai_humble_2024_7_17/build/grab_demo'), ('SSH_CONNECTION', '192.168.0.66 49474 192.168.0.100 22'), ('XDG_DATA_DIRS', '/usr/share/gnome:/usr/local/share:/usr/share:/var/lib/snapd/desktop'), ('PYTHONPATH', '/home/dxf/wheeltec_lebai_humble_2024_7_17/install/lebai_interfaces/local/lib/python3.10/dist-packages:/home/dxf/wheeltec_lebai_humble_2024_7_17/install/lebai_driver/lib/python3.10/site-packages:/home/dxf/wheeltec_lebai_humble_2024_7_17/install/grab_demo/local/lib/python3.10/dist-packages:/home/dxf/WHEELTEC_S300Pro_mini/install/yesense_interface/local/lib/python3.10/dist-packages:/home/dxf/WHEELTEC_S300Pro_mini/install/wheeltec_rrt_msg/local/lib/python3.10/dist-packages:/home/dxf/WHEELTEC_S300Pro_mini/install/wheeltec_robot_keyboard/lib/python3.10/site-packages:/home/dxf/WHEELTEC_S300Pro_mini/install/wheeltec_mic_msg/local/lib/python3.10/dist-packages:/home/dxf/WHEELTEC_S300Pro_mini/install/simple_follower_ros2/lib/python3.10/site-packages:/home/dxf/WHEELTEC_S300Pro_mini/install/turn_on_wheeltec_robot/local/lib/python3.10/dist-packages:/home/dxf/WHEELTEC_S300Pro_mini/install/robot_interfaces/local/lib/python3.10/dist-packages:/home/dxf/WHEELTEC_S300Pro_mini/install/orb_slam2_ros/local/lib/python3.10/dist-packages:/home/dxf/WHEELTEC_S300Pro_mini/install/ollama_ros_chat/lib/python3.10/site-packages:/home/dxf/WHEELTEC_S300Pro_mini/install/ollama_ros_msgs/local/lib/python3.10/dist-packages:/home/dxf/WHEELTEC_S300Pro_mini/install/nav2_waypoint_cycle/lib/python3.10/site-packages:/home/dxf/WHEELTEC_S300Pro_mini/install/lslidar_msgs/local/lib/python3.10/dist-packages:/home/dxf/WHEELTEC_S300Pro_mini/install/bodyreader_msg/local/lib/python3.10/dist-packages:/home/dxf/WHEELTEC_S300Pro_mini/install/auto_recharge_ros2/lib/python3.10/site-packages:/home/dxf/WHEELTEC_S300Pro_mini/install/astra_camera_msgs/local/lib/python3.10/dist-packages:/home/dxf/WHEELTEC_S300Pro_mini/install/aruco_msgs/local/lib/python3.10/dist-packages:/opt/ros/humble/lib/python3.10/site-packages:/opt/ros/humble/local/lib/python3.10/dist-packages'), ('LC_NUMERIC', 'zh_CN.UTF-8'), ('LC_PAPER', 'zh_CN.UTF-8'), ('COLCON', '1'), ('CMAKE_PREFIX_PATH', '/home/dxf/wheeltec_lebai_humble_2024_7_17/install/lebai_tutorials:/home/dxf/wheeltec_lebai_humble_2024_7_17/install/lebai_resources:/home/dxf/wheeltec_lebai_humble_2024_7_17/install/lebai_lm3_moveit_config:/home/dxf/wheeltec_lebai_humble_2024_7_17/install/lebai_lm3_support:/home/dxf/wheeltec_lebai_humble_2024_7_17/install/lebai_interfaces:/home/dxf/wheeltec_lebai_humble_2024_7_17/install/grab_demo:/home/dxf/wheeltec_lebai_humble_2024_7_17/install/arm_demo:/home/dxf/WHEELTEC_S300Pro_mini/install/yesense_std_ros2:/home/dxf/WHEELTEC_S300Pro_mini/install/yesense_interface:/home/dxf/WHEELTEC_S300Pro_mini/install/wheeltec_ultrasonic:/home/dxf/WHEELTEC_S300Pro_mini/install/wheeltec_slam_toolbox:/home/dxf/WHEELTEC_S300Pro_mini/install/wheeltec_rviz2:/home/dxf/WHEELTEC_S300Pro_mini/install/wheeltec_rrt_msg:/home/dxf/WHEELTEC_S300Pro_mini/install/wheeltec_robot_rtab:/home/dxf/WHEELTEC_S300Pro_mini/install/wheeltec_robot_rrt:/home/dxf/WHEELTEC_S300Pro_mini/install/wheeltec_robot_kcf:/home/dxf/WHEELTEC_S300Pro_mini/install/wheeltec_path_follow:/home/dxf/WHEELTEC_S300Pro_mini/install/wheeltec_nav2:/home/dxf/WHEELTEC_S300Pro_mini/install/wheeltec_mic_ros2:/home/dxf/WHEELTEC_S300Pro_mini/install/wheeltec_mic_msg:/home/dxf/WHEELTEC_S300Pro_mini/install/wheeltec_joy:/home/dxf/WHEELTEC_S300Pro_mini/install/wheeltec_cartographer:/home/dxf/WHEELTEC_S300Pro_mini/install/web_video_server:/home/dxf/WHEELTEC_S300Pro_mini/install/usb_cam:/home/dxf/WHEELTEC_S300Pro_mini/install/turn_on_wheeltec_robot:/home/dxf/WHEELTEC_S300Pro_mini/install/slam_gmapping:/home/dxf/WHEELTEC_S300Pro_mini/install/bodyreader:/home/dxf/WHEELTEC_S300Pro_mini/install/serial:/home/dxf/WHEELTEC_S300Pro_mini/install/robot_interfaces:/home/dxf/WHEELTEC_S300Pro_mini/install/rm_description:/home/dxf/WHEELTEC_S300Pro_mini/install/qt_ros_test:/home/dxf/WHEELTEC_S300Pro_mini/install/orb_slam2_ros:/home/dxf/WHEELTEC_S300Pro_mini/install/openslam_gmapping:/home/dxf/WHEELTEC_S300Pro_mini/install/ollama_ros_msgs:/home/dxf/WHEELTEC_S300Pro_mini/install/lslidar_driver:/home/dxf/WHEELTEC_S300Pro_mini/install/lslidar_msgs:/home/dxf/WHEELTEC_S300Pro_mini/install/ldlidar_stl_ros2:/home/dxf/WHEELTEC_S300Pro_mini/install/ldlidar_sl_ros2:/home/dxf/WHEELTEC_S300Pro_mini/install/double_lidar_fusion:/home/dxf/WHEELTEC_S300Pro_mini/install/bodyreader_msg:/home/dxf/WHEELTEC_S300Pro_mini/install/astra_camera:/home/dxf/WHEELTEC_S300Pro_mini/install/astra_camera_msgs:/home/dxf/WHEELTEC_S300Pro_mini/install/aruco_ros:/home/dxf/WHEELTEC_S300Pro_mini/install/aruco_msgs:/home/dxf/WHEELTEC_S300Pro_mini/install/aruco:/usr/local/opencv410:/usr/local/opencv410::/home/dxf/wheeltec_lebai_humble_2024_7_17/install/lebai_driver:/home/dxf/WHEELTEC_S300Pro_mini/install/wheeltec_robot_keyboard:/home/dxf/WHEELTEC_S300Pro_mini/install/simple_follower_ros2:/home/dxf/WHEELTEC_S300Pro_mini/install/ollama_ros_chat:/home/dxf/WHEELTEC_S300Pro_mini/install/nav2_waypoint_cycle:/home/dxf/WHEELTEC_S300Pro_mini/install/auto_recharge_ros2:/opt/ros/humble')]), 'shell': False}
[0.099340] (-) TimerEvent: {}
[0.196536] (grab_demo) StdoutLine: {'line': b'-- Found ament_cmake: 1.3.12 (/opt/ros/humble/share/ament_cmake/cmake)\n'}
[0.199450] (-) TimerEvent: {}
[0.300501] (-) TimerEvent: {}
[0.402232] (-) TimerEvent: {}
[0.503095] (-) TimerEvent: {}
[0.603798] (-) TimerEvent: {}
[0.668089] (grab_demo) StdoutLine: {'line': b'-- Found rclcpp: 16.0.15 (/opt/ros/humble/share/rclcpp/cmake)\n'}
[0.704098] (-) TimerEvent: {}
[0.778480] (grab_demo) StdoutLine: {'line': b'-- Found rosidl_generator_c: 3.1.7 (/opt/ros/humble/share/rosidl_generator_c/cmake)\n'}
[0.785820] (grab_demo) StdoutLine: {'line': b'-- Found rosidl_adapter: 3.1.7 (/opt/ros/humble/share/rosidl_adapter/cmake)\n'}
[0.803158] (grab_demo) StdoutLine: {'line': b'-- Found rosidl_generator_cpp: 3.1.7 (/opt/ros/humble/share/rosidl_generator_cpp/cmake)\n'}
[0.804161] (-) TimerEvent: {}
[0.837839] (grab_demo) StdoutLine: {'line': b'-- Using all available rosidl_typesupport_c: rosidl_typesupport_fastrtps_c;rosidl_typesupport_introspection_c\n'}
[0.884237] (grab_demo) StdoutLine: {'line': b'-- Using all available rosidl_typesupport_cpp: rosidl_typesupport_fastrtps_cpp;rosidl_typesupport_introspection_cpp\n'}
[0.904368] (-) TimerEvent: {}
[0.980317] (grab_demo) StdoutLine: {'line': b'-- Found rmw_implementation_cmake: 6.1.2 (/opt/ros/humble/share/rmw_implementation_cmake/cmake)\n'}
[0.988973] (grab_demo) StdoutLine: {'line': b'-- Found rmw_fastrtps_cpp: 6.2.9 (/opt/ros/humble/share/rmw_fastrtps_cpp/cmake)\n'}
[1.004563] (-) TimerEvent: {}
[1.105303] (-) TimerEvent: {}
[1.206565] (-) TimerEvent: {}
[1.307703] (-) TimerEvent: {}
[1.346398] (grab_demo) StdoutLine: {'line': b"-- Using RMW implementation 'rmw_fastrtps_cpp' as default\n"}
[1.407909] (-) TimerEvent: {}
[1.505969] (grab_demo) StdoutLine: {'line': b'-- Found image_transport: 3.1.12 (/opt/ros/humble/share/image_transport/cmake)\n'}
[1.507962] (-) TimerEvent: {}
[1.608797] (-) TimerEvent: {}
[1.672819] (grab_demo) StdoutLine: {'line': b'-- Found cv_bridge: 3.2.1 (/home/dxf/WHEELTEC_S300Pro_mini_ros2_arm_src_2025_9_15/install/cv_bridge/share/cv_bridge/cmake)\n'}
[1.708968] (-) TimerEvent: {}
[1.720345] (grab_demo) StdoutLine: {'line': b'-- Found moveit_common: 2.5.9 (/opt/ros/humble/share/moveit_common/cmake)\n'}
[1.723040] (grab_demo) StdoutLine: {'line': b'-- Found tf2_ros: 0.25.16 (/opt/ros/humble/share/tf2_ros/cmake)\n'}
[1.809133] (-) TimerEvent: {}
[1.910337] (-) TimerEvent: {}
[1.947476] (grab_demo) StdoutLine: {'line': b'-- Found tf2_geometry_msgs: 0.25.16 (/opt/ros/humble/share/tf2_geometry_msgs/cmake)\n'}
[1.960706] (grab_demo) StdoutLine: {'line': b'-- Found eigen3_cmake_module: 0.1.1 (/opt/ros/humble/share/eigen3_cmake_module/cmake)\n'}
[1.968161] (grab_demo) StdoutLine: {'line': b'-- Ensuring Eigen3 include directory is part of orocos-kdl CMake target\n'}
[1.973248] (grab_demo) StdoutLine: {'line': b'-- Found nav2_msgs: 1.1.19 (/opt/ros/humble/share/nav2_msgs/cmake)\n'}
[2.010502] (-) TimerEvent: {}
[2.095398] (grab_demo) StdoutLine: {'line': b'-- Found rosidl_default_generators: 1.2.0 (/opt/ros/humble/share/rosidl_default_generators/cmake)\n'}
[2.112066] (-) TimerEvent: {}
[2.125857] (grab_demo) StdoutLine: {'line': b'-- Found lebai_interfaces: 0.0.1 (/home/dxf/wheeltec_lebai_humble_2024_7_17/install/lebai_interfaces/share/lebai_interfaces/cmake)\n'}
[2.212304] (-) TimerEvent: {}
[2.313304] (-) TimerEvent: {}
[2.383294] (grab_demo) StdoutLine: {'line': b'-- Found moveit_ros_planning_interface: 2.5.9 (/opt/ros/humble/share/moveit_ros_planning_interface/cmake)\n'}
[2.413497] (-) TimerEvent: {}
[2.428600] (grab_demo) StdoutLine: {'line': b'-- Found Boost: /usr/lib/aarch64-linux-gnu/cmake/Boost-1.74.0/BoostConfig.cmake (found version "1.74.0") found components: date_time filesystem program_options system thread \n'}
[2.513800] (-) TimerEvent: {}
[2.614670] (-) TimerEvent: {}
[2.717905] (-) TimerEvent: {}
[2.721395] (grab_demo) StdoutLine: {'line': b'-- Found Boost: /usr/lib/aarch64-linux-gnu/cmake/Boost-1.74.0/BoostConfig.cmake (found version "1.74.0") found components: chrono date_time filesystem iostreams program_options regex serialization system thread \n'}
[2.818074] (-) TimerEvent: {}
[2.839974] (grab_demo) StdoutLine: {'line': b'-- Found parameter_traits: 0.5.0 (/opt/ros/humble/share/parameter_traits/cmake)\n'}
[2.861792] (grab_demo) StdoutLine: {'line': b'-- Found rclcpp_lifecycle: 16.0.15 (/opt/ros/humble/share/rclcpp_lifecycle/cmake)\n'}
[2.917211] (grab_demo) StdoutLine: {'line': b'-- Found Boost: /usr/lib/aarch64-linux-gnu/cmake/Boost-1.74.0/BoostConfig.cmake (found version "1.74.0") found components: filesystem \n'}
[2.918174] (-) TimerEvent: {}
[3.018710] (-) TimerEvent: {}
[3.019363] (grab_demo) StdoutLine: {'line': b'-- library: /usr/lib/aarch64-linux-gnu/libcurl.so\n'}
[3.118907] (-) TimerEvent: {}
[3.202537] (grab_demo) StdoutLine: {'line': b'-- Found Boost: /usr/lib/aarch64-linux-gnu/cmake/Boost-1.74.0/BoostConfig.cmake (found version "1.74.0") found components: system filesystem date_time program_options thread chrono \n'}
[3.219067] (-) TimerEvent: {}
[3.281150] (grab_demo) StdoutLine: {'line': b'-- Found Boost: /usr/lib/aarch64-linux-gnu/cmake/Boost-1.74.0/BoostConfig.cmake (found version "1.74.0") found components: thread system filesystem regex date_time program_options \n'}
[3.319264] (-) TimerEvent: {}
[3.329356] (grab_demo) StdoutLine: {'line': b'-- Found Boost: /usr/lib/aarch64-linux-gnu/cmake/Boost-1.74.0/BoostConfig.cmake (found version "1.74.0") found components: system filesystem date_time program_options thread \n'}
[3.419453] (-) TimerEvent: {}
[3.527020] (-) TimerEvent: {}
[3.629595] (-) TimerEvent: {}
[3.731004] (-) TimerEvent: {}
[3.831956] (-) TimerEvent: {}
[3.933133] (-) TimerEvent: {}
[4.034793] (-) TimerEvent: {}
[4.071526] (grab_demo) StdoutLine: {'line': b'-- Found ament_cmake_ros: 0.10.0 (/opt/ros/humble/share/ament_cmake_ros/cmake)\n'}
[4.136380] (-) TimerEvent: {}
[4.237929] (-) TimerEvent: {}
[4.338906] (-) TimerEvent: {}
[4.439610] (-) TimerEvent: {}
[4.540441] (-) TimerEvent: {}
[4.641192] (-) TimerEvent: {}
[4.742499] (-) TimerEvent: {}
[4.843214] (-) TimerEvent: {}
[4.944366] (-) TimerEvent: {}
[5.047019] (-) TimerEvent: {}
[5.107173] (grab_demo) StdoutLine: {'line': b'-- Using all available rosidl_typesupport_c: rosidl_typesupport_fastrtps_c;rosidl_typesupport_introspection_c\n'}
[5.147271] (-) TimerEvent: {}
[5.248159] (-) TimerEvent: {}
[5.348824] (-) TimerEvent: {}
[5.449555] (-) TimerEvent: {}
[5.500216] (grab_demo) StdoutLine: {'line': b'-- Using all available rosidl_typesupport_cpp: rosidl_typesupport_fastrtps_cpp;rosidl_typesupport_introspection_cpp\n'}
[5.549759] (-) TimerEvent: {}
[5.597710] (grab_demo) StdoutLine: {'line': b'-- Found python_cmake_module: 0.10.0 (/opt/ros/humble/share/python_cmake_module/cmake)\n'}
[5.649946] (-) TimerEvent: {}
[5.694715] (grab_demo) StdoutLine: {'line': b'-- Using PYTHON_EXECUTABLE: /usr/bin/python3\n'}
[5.695341] (grab_demo) StdoutLine: {'line': b'-- Using PYTHON_INCLUDE_DIRS: /usr/include/python3.10\n'}
[5.695544] (grab_demo) StdoutLine: {'line': b'-- Using PYTHON_LIBRARIES: /usr/lib/aarch64-linux-gnu/libpython3.10.so\n'}
[5.750135] (-) TimerEvent: {}
[5.850918] (-) TimerEvent: {}
[5.951704] (-) TimerEvent: {}
[6.052460] (-) TimerEvent: {}
[6.153239] (-) TimerEvent: {}
[6.176423] (grab_demo) StdoutLine: {'line': b'-- Found ament_lint_auto: 0.12.14 (/opt/ros/humble/share/ament_lint_auto/cmake)\n'}
[6.229663] (grab_demo) StdoutLine: {'line': b"-- Added test 'cppcheck' to perform static code analysis on C / C++ code\n"}
[6.232296] (grab_demo) StdoutLine: {'line': b'-- Configured cppcheck include dirs: /home/dxf/wheeltec_lebai_humble_2024_7_17/src/grab_demo/include\n'}
[6.232704] (grab_demo) StdoutLine: {'line': b'-- Configured cppcheck exclude dirs and/or files: \n'}
[6.235887] (grab_demo) StdoutLine: {'line': b"-- Added test 'flake8' to check Python code syntax and style conventions\n"}
[6.237261] (grab_demo) StdoutLine: {'line': b"-- Added test 'lint_cmake' to check CMake code style\n"}
[6.238369] (grab_demo) StdoutLine: {'line': b"-- Added test 'pep257' to check Python code against some of the docstring style conventions in PEP 257\n"}
[6.240582] (grab_demo) StdoutLine: {'line': b"-- Added test 'uncrustify' to check C / C++ code style\n"}
[6.240869] (grab_demo) StdoutLine: {'line': b'-- Configured uncrustify additional arguments: \n'}
[6.241566] (grab_demo) StdoutLine: {'line': b"-- Added test 'xmllint' to check XML markup files\n"}
[6.257752] (grab_demo) StdoutLine: {'line': b'-- Configuring done\n'}
[6.258276] (-) TimerEvent: {}
[6.358797] (-) TimerEvent: {}
[6.459459] (-) TimerEvent: {}
[6.560558] (-) TimerEvent: {}
[6.662738] (-) TimerEvent: {}
[6.763971] (-) TimerEvent: {}
[6.805816] (grab_demo) StdoutLine: {'line': b'-- Generating done\n'}
[6.864070] (-) TimerEvent: {}
[6.965489] (-) TimerEvent: {}
[6.967199] (grab_demo) StdoutLine: {'line': b'-- Build files have been written to: /home/dxf/wheeltec_lebai_humble_2024_7_17/build/grab_demo\n'}
[7.065745] (-) TimerEvent: {}
[7.141812] (grab_demo) CommandEnded: {'returncode': 0}
[7.143664] (grab_demo) JobProgress: {'identifier': 'grab_demo', 'progress': 'build'}
[7.143794] (grab_demo) Command: {'cmd': ['/usr/bin/cmake', '--build', '/home/dxf/wheeltec_lebai_humble_2024_7_17/build/grab_demo', '--', '-j6', '-l6'], 'cwd': '/home/dxf/wheeltec_lebai_humble_2024_7_17/build/grab_demo', 'env': OrderedDict([('LESSOPEN', '| /usr/bin/lesspipe %s'), ('LANGUAGE', 'zh_CN:en_US:en'), ('USER', 'dxf'), ('SSH_CLIENT', '192.168.0.66 49474 22'), ('LC_TIME', 'zh_CN.UTF-8'), ('XDG_SESSION_TYPE', 'tty'), ('GIT_ASKPASS', '/home/dxf/.cursor-server/bin/7a31bffd467aa2d9adfda69076eb924e9062cb20/extensions/git/dist/askpass.sh'), ('SHLVL', '1'), ('LD_LIBRARY_PATH', '/home/dxf/wheeltec_lebai_humble_2024_7_17/install/lebai_interfaces/lib:/home/dxf/wheeltec_lebai_humble_2024_7_17/install/grab_demo/lib:/home/dxf/WHEELTEC_S300Pro_mini/install/yesense_interface/lib:/home/dxf/WHEELTEC_S300Pro_mini/install/wheeltec_rrt_msg/lib:/home/dxf/WHEELTEC_S300Pro_mini/install/wheeltec_robot_rrt/lib:/home/dxf/WHEELTEC_S300Pro_mini/install/wheeltec_mic_msg/lib:/home/dxf/WHEELTEC_S300Pro_mini/install/usb_cam/lib:/home/dxf/WHEELTEC_S300Pro_mini/install/turn_on_wheeltec_robot/lib:/home/dxf/WHEELTEC_S300Pro_mini/install/serial/lib:/home/dxf/WHEELTEC_S300Pro_mini/install/robot_interfaces/lib:/home/dxf/WHEELTEC_S300Pro_mini/install/orb_slam2_ros/lib:/home/dxf/WHEELTEC_S300Pro_mini/install/openslam_gmapping/lib:/home/dxf/WHEELTEC_S300Pro_mini/install/ollama_ros_msgs/lib:/home/dxf/WHEELTEC_S300Pro_mini/install/lslidar_msgs/lib:/home/dxf/WHEELTEC_S300Pro_mini/install/bodyreader_msg/lib:/home/dxf/WHEELTEC_S300Pro_mini/install/astra_camera/lib:/home/dxf/WHEELTEC_S300Pro_mini/install/astra_camera_msgs/lib:/home/dxf/WHEELTEC_S300Pro_mini/install/aruco_ros/lib:/home/dxf/WHEELTEC_S300Pro_mini/install/aruco_msgs/lib:/home/dxf/WHEELTEC_S300Pro_mini/install/aruco/lib:/usr/local/opencv410/lib:/usr/local/lib:/usr/local/cuda-12.6/lib64:/usr/local/opencv410/lib:/usr/local/lib:/opt/ros/humble/opt/rviz_ogre_vendor/lib:/opt/ros/humble/lib/aarch64-linux-gnu:/opt/ros/humble/lib:/usr/local/cuda-12.6/lib64:'), ('BROWSER', '/home/dxf/.cursor-server/bin/7a31bffd467aa2d9adfda69076eb924e9062cb20/bin/helpers/browser.sh'), ('MOTD_SHOWN', 'pam'), ('HOME', '/home/dxf'), ('OLDPWD', '/home/dxf/wheeltec_lebai_humble_2024_7_17'), ('TERM_PROGRAM_VERSION', '2.0.54'), ('VSCODE_IPC_HOOK_CLI', '/run/user/1000/vscode-ipc-c7237062-b93f-4682-b1c9-57fe2a7d88ca.sock'), ('ROS_PYTHON_VERSION', '3'), ('VSCODE_GIT_ASKPASS_MAIN', '/home/dxf/.cursor-server/bin/7a31bffd467aa2d9adfda69076eb924e9062cb20/extensions/git/dist/askpass-main.js'), ('LC_MONETARY', 'zh_CN.UTF-8'), ('VSCODE_GIT_ASKPASS_NODE', '/home/dxf/.cursor-server/bin/7a31bffd467aa2d9adfda69076eb924e9062cb20/node'), ('DBUS_SESSION_BUS_ADDRESS', 'unix:path=/run/user/1000/bus'), ('COLORTERM', 'truecolor'), ('COLCON_PREFIX_PATH', '/home/dxf/wheeltec_lebai_humble_2024_7_17/install:/home/dxf/WHEELTEC_S300Pro_mini/install'), ('ROS_DISTRO', 'humble'), ('LOGNAME', 'dxf'), ('_', '/usr/bin/colcon'), ('ROS_VERSION', '2'), ('PKG_CONFIG_PATH', '/usr/local/opencv410/lib/pkgconfig:/usr/local/opencv410/lib/pkgconfig:'), ('XDG_SESSION_CLASS', 'user'), ('TERM', 'xterm-256color'), ('XDG_SESSION_ID', '9'), ('ROS_LOCALHOST_ONLY', '0'), ('PATH', '/usr/local/cuda-12.6/bin:/home/dxf/.cursor-server/bin/7a31bffd467aa2d9adfda69076eb924e9062cb20/bin/remote-cli:/opt/ros/humble/bin:/usr/local/cuda-12.6/bin:/home/dxf/.cursor-server/bin/7a31bffd467aa2d9adfda69076eb924e9062cb20/bin/remote-cli:/usr/local/sbin:/usr/local/bin:/usr/sbin:/usr/bin:/sbin:/bin:/usr/games:/usr/local/games:/snap/bin'), ('PAPERSIZE', 'a4'), ('LC_ADDRESS', 'zh_CN.UTF-8'), ('XDG_RUNTIME_DIR', '/run/user/1000'), ('DISPLAY', 'localhost:10.0'), ('LANG', 'zh_CN.UTF-8'), ('LC_TELEPHONE', 'zh_CN.UTF-8'), ('LS_COLORS', 'rs=0:di=01;34:ln=01;36:mh=00:pi=40;33:so=01;35:do=01;35:bd=40;33;01:cd=40;33;01:or=40;31;01:mi=00:su=37;41:sg=30;43:ca=30;41:tw=30;42:ow=34;42:st=37;44:ex=01;32:*.tar=01;31:*.tgz=01;31:*.arc=01;31:*.arj=01;31:*.taz=01;31:*.lha=01;31:*.lz4=01;31:*.lzh=01;31:*.lzma=01;31:*.tlz=01;31:*.txz=01;31:*.tzo=01;31:*.t7z=01;31:*.zip=01;31:*.z=01;31:*.dz=01;31:*.gz=01;31:*.lrz=01;31:*.lz=01;31:*.lzo=01;31:*.xz=01;31:*.zst=01;31:*.tzst=01;31:*.bz2=01;31:*.bz=01;31:*.tbz=01;31:*.tbz2=01;31:*.tz=01;31:*.deb=01;31:*.rpm=01;31:*.jar=01;31:*.war=01;31:*.ear=01;31:*.sar=01;31:*.rar=01;31:*.alz=01;31:*.ace=01;31:*.zoo=01;31:*.cpio=01;31:*.7z=01;31:*.rz=01;31:*.cab=01;31:*.wim=01;31:*.swm=01;31:*.dwm=01;31:*.esd=01;31:*.jpg=01;35:*.jpeg=01;35:*.mjpg=01;35:*.mjpeg=01;35:*.gif=01;35:*.bmp=01;35:*.pbm=01;35:*.pgm=01;35:*.ppm=01;35:*.tga=01;35:*.xbm=01;35:*.xpm=01;35:*.tif=01;35:*.tiff=01;35:*.png=01;35:*.svg=01;35:*.svgz=01;35:*.mng=01;35:*.pcx=01;35:*.mov=01;35:*.mpg=01;35:*.mpeg=01;35:*.m2v=01;35:*.mkv=01;35:*.webm=01;35:*.webp=01;35:*.ogm=01;35:*.mp4=01;35:*.m4v=01;35:*.mp4v=01;35:*.vob=01;35:*.qt=01;35:*.nuv=01;35:*.wmv=01;35:*.asf=01;35:*.rm=01;35:*.rmvb=01;35:*.flc=01;35:*.avi=01;35:*.fli=01;35:*.flv=01;35:*.gl=01;35:*.dl=01;35:*.xcf=01;35:*.xwd=01;35:*.yuv=01;35:*.cgm=01;35:*.emf=01;35:*.ogv=01;35:*.ogx=01;35:*.aac=00;36:*.au=00;36:*.flac=00;36:*.m4a=00;36:*.mid=00;36:*.midi=00;36:*.mka=00;36:*.mp3=00;36:*.mpc=00;36:*.ogg=00;36:*.ra=00;36:*.wav=00;36:*.oga=00;36:*.opus=00;36:*.spx=00;36:*.xspf=00;36:'), ('VSCODE_GIT_IPC_HANDLE', '/run/user/1000/vscode-git-699de2faee.sock'), ('TERM_PROGRAM', 'vscode'), ('AMENT_PREFIX_PATH', '/home/dxf/wheeltec_lebai_humble_2024_7_17/install/lebai_tutorials:/home/dxf/wheeltec_lebai_humble_2024_7_17/install/lebai_resources:/home/dxf/wheeltec_lebai_humble_2024_7_17/install/lebai_lm3_moveit_config:/home/dxf/wheeltec_lebai_humble_2024_7_17/install/lebai_lm3_support:/home/dxf/wheeltec_lebai_humble_2024_7_17/install/lebai_interfaces:/home/dxf/wheeltec_lebai_humble_2024_7_17/install/lebai_driver:/home/dxf/wheeltec_lebai_humble_2024_7_17/install/grab_demo:/home/dxf/wheeltec_lebai_humble_2024_7_17/install/arm_demo:/home/dxf/WHEELTEC_S300Pro_mini/install/yesense_std_ros2:/home/dxf/WHEELTEC_S300Pro_mini/install/yesense_interface:/home/dxf/WHEELTEC_S300Pro_mini/install/wheeltec_ultrasonic:/home/dxf/WHEELTEC_S300Pro_mini/install/wheeltec_slam_toolbox:/home/dxf/WHEELTEC_S300Pro_mini/install/wheeltec_rviz2:/home/dxf/WHEELTEC_S300Pro_mini/install/wheeltec_rrt_msg:/home/dxf/WHEELTEC_S300Pro_mini/install/wheeltec_robot_rtab:/home/dxf/WHEELTEC_S300Pro_mini/install/wheeltec_robot_rrt:/home/dxf/WHEELTEC_S300Pro_mini/install/wheeltec_robot_keyboard:/home/dxf/WHEELTEC_S300Pro_mini/install/wheeltec_robot_kcf:/home/dxf/WHEELTEC_S300Pro_mini/install/wheeltec_path_follow:/home/dxf/WHEELTEC_S300Pro_mini/install/wheeltec_nav2:/home/dxf/WHEELTEC_S300Pro_mini/install/wheeltec_mic_ros2:/home/dxf/WHEELTEC_S300Pro_mini/install/wheeltec_mic_msg:/home/dxf/WHEELTEC_S300Pro_mini/install/wheeltec_joy:/home/dxf/WHEELTEC_S300Pro_mini/install/wheeltec_cartographer:/home/dxf/WHEELTEC_S300Pro_mini/install/web_video_server:/home/dxf/WHEELTEC_S300Pro_mini/install/usb_cam:/home/dxf/WHEELTEC_S300Pro_mini/install/simple_follower_ros2:/home/dxf/WHEELTEC_S300Pro_mini/install/turn_on_wheeltec_robot:/home/dxf/WHEELTEC_S300Pro_mini/install/slam_gmapping:/home/dxf/WHEELTEC_S300Pro_mini/install/bodyreader:/home/dxf/WHEELTEC_S300Pro_mini/install/serial:/home/dxf/WHEELTEC_S300Pro_mini/install/robot_interfaces:/home/dxf/WHEELTEC_S300Pro_mini/install/rm_description:/home/dxf/WHEELTEC_S300Pro_mini/install/qt_ros_test:/home/dxf/WHEELTEC_S300Pro_mini/install/orb_slam2_ros:/home/dxf/WHEELTEC_S300Pro_mini/install/openslam_gmapping:/home/dxf/WHEELTEC_S300Pro_mini/install/ollama_ros_chat:/home/dxf/WHEELTEC_S300Pro_mini/install/ollama_ros_msgs:/home/dxf/WHEELTEC_S300Pro_mini/install/nav2_waypoint_cycle:/home/dxf/WHEELTEC_S300Pro_mini/install/lslidar_driver:/home/dxf/WHEELTEC_S300Pro_mini/install/lslidar_msgs:/home/dxf/WHEELTEC_S300Pro_mini/install/ldlidar_stl_ros2:/home/dxf/WHEELTEC_S300Pro_mini/install/ldlidar_sl_ros2:/home/dxf/WHEELTEC_S300Pro_mini/install/double_lidar_fusion:/home/dxf/WHEELTEC_S300Pro_mini/install/bodyreader_msg:/home/dxf/WHEELTEC_S300Pro_mini/install/auto_recharge_ros2:/home/dxf/WHEELTEC_S300Pro_mini/install/astra_camera:/home/dxf/WHEELTEC_S300Pro_mini/install/astra_camera_msgs:/home/dxf/WHEELTEC_S300Pro_mini/install/aruco_ros:/home/dxf/WHEELTEC_S300Pro_mini/install/aruco_msgs:/home/dxf/WHEELTEC_S300Pro_mini/install/aruco:/opt/ros/humble'), ('SHELL', '/bin/bash'), ('LC_NAME', 'zh_CN.UTF-8'), ('LESSCLOSE', '/usr/bin/lesspipe %s %s'), ('LC_MEASUREMENT', 'zh_CN.UTF-8'), ('OpenCV_DIR', '/usr/local/opencv410/lib/cmake/opencv4'), ('LC_IDENTIFICATION', 'zh_CN.UTF-8'), ('VSCODE_GIT_ASKPASS_EXTRA_ARGS', ''), ('PWD', '/home/dxf/wheeltec_lebai_humble_2024_7_17/build/grab_demo'), ('SSH_CONNECTION', '192.168.0.66 49474 192.168.0.100 22'), ('XDG_DATA_DIRS', '/usr/share/gnome:/usr/local/share:/usr/share:/var/lib/snapd/desktop'), ('PYTHONPATH', '/home/dxf/wheeltec_lebai_humble_2024_7_17/install/lebai_interfaces/local/lib/python3.10/dist-packages:/home/dxf/wheeltec_lebai_humble_2024_7_17/install/lebai_driver/lib/python3.10/site-packages:/home/dxf/wheeltec_lebai_humble_2024_7_17/install/grab_demo/local/lib/python3.10/dist-packages:/home/dxf/WHEELTEC_S300Pro_mini/install/yesense_interface/local/lib/python3.10/dist-packages:/home/dxf/WHEELTEC_S300Pro_mini/install/wheeltec_rrt_msg/local/lib/python3.10/dist-packages:/home/dxf/WHEELTEC_S300Pro_mini/install/wheeltec_robot_keyboard/lib/python3.10/site-packages:/home/dxf/WHEELTEC_S300Pro_mini/install/wheeltec_mic_msg/local/lib/python3.10/dist-packages:/home/dxf/WHEELTEC_S300Pro_mini/install/simple_follower_ros2/lib/python3.10/site-packages:/home/dxf/WHEELTEC_S300Pro_mini/install/turn_on_wheeltec_robot/local/lib/python3.10/dist-packages:/home/dxf/WHEELTEC_S300Pro_mini/install/robot_interfaces/local/lib/python3.10/dist-packages:/home/dxf/WHEELTEC_S300Pro_mini/install/orb_slam2_ros/local/lib/python3.10/dist-packages:/home/dxf/WHEELTEC_S300Pro_mini/install/ollama_ros_chat/lib/python3.10/site-packages:/home/dxf/WHEELTEC_S300Pro_mini/install/ollama_ros_msgs/local/lib/python3.10/dist-packages:/home/dxf/WHEELTEC_S300Pro_mini/install/nav2_waypoint_cycle/lib/python3.10/site-packages:/home/dxf/WHEELTEC_S300Pro_mini/install/lslidar_msgs/local/lib/python3.10/dist-packages:/home/dxf/WHEELTEC_S300Pro_mini/install/bodyreader_msg/local/lib/python3.10/dist-packages:/home/dxf/WHEELTEC_S300Pro_mini/install/auto_recharge_ros2/lib/python3.10/site-packages:/home/dxf/WHEELTEC_S300Pro_mini/install/astra_camera_msgs/local/lib/python3.10/dist-packages:/home/dxf/WHEELTEC_S300Pro_mini/install/aruco_msgs/local/lib/python3.10/dist-packages:/opt/ros/humble/lib/python3.10/site-packages:/opt/ros/humble/local/lib/python3.10/dist-packages'), ('LC_NUMERIC', 'zh_CN.UTF-8'), ('LC_PAPER', 'zh_CN.UTF-8'), ('COLCON', '1'), ('CMAKE_PREFIX_PATH', '/home/dxf/wheeltec_lebai_humble_2024_7_17/install/lebai_tutorials:/home/dxf/wheeltec_lebai_humble_2024_7_17/install/lebai_resources:/home/dxf/wheeltec_lebai_humble_2024_7_17/install/lebai_lm3_moveit_config:/home/dxf/wheeltec_lebai_humble_2024_7_17/install/lebai_lm3_support:/home/dxf/wheeltec_lebai_humble_2024_7_17/install/lebai_interfaces:/home/dxf/wheeltec_lebai_humble_2024_7_17/install/grab_demo:/home/dxf/wheeltec_lebai_humble_2024_7_17/install/arm_demo:/home/dxf/WHEELTEC_S300Pro_mini/install/yesense_std_ros2:/home/dxf/WHEELTEC_S300Pro_mini/install/yesense_interface:/home/dxf/WHEELTEC_S300Pro_mini/install/wheeltec_ultrasonic:/home/dxf/WHEELTEC_S300Pro_mini/install/wheeltec_slam_toolbox:/home/dxf/WHEELTEC_S300Pro_mini/install/wheeltec_rviz2:/home/dxf/WHEELTEC_S300Pro_mini/install/wheeltec_rrt_msg:/home/dxf/WHEELTEC_S300Pro_mini/install/wheeltec_robot_rtab:/home/dxf/WHEELTEC_S300Pro_mini/install/wheeltec_robot_rrt:/home/dxf/WHEELTEC_S300Pro_mini/install/wheeltec_robot_kcf:/home/dxf/WHEELTEC_S300Pro_mini/install/wheeltec_path_follow:/home/dxf/WHEELTEC_S300Pro_mini/install/wheeltec_nav2:/home/dxf/WHEELTEC_S300Pro_mini/install/wheeltec_mic_ros2:/home/dxf/WHEELTEC_S300Pro_mini/install/wheeltec_mic_msg:/home/dxf/WHEELTEC_S300Pro_mini/install/wheeltec_joy:/home/dxf/WHEELTEC_S300Pro_mini/install/wheeltec_cartographer:/home/dxf/WHEELTEC_S300Pro_mini/install/web_video_server:/home/dxf/WHEELTEC_S300Pro_mini/install/usb_cam:/home/dxf/WHEELTEC_S300Pro_mini/install/turn_on_wheeltec_robot:/home/dxf/WHEELTEC_S300Pro_mini/install/slam_gmapping:/home/dxf/WHEELTEC_S300Pro_mini/install/bodyreader:/home/dxf/WHEELTEC_S300Pro_mini/install/serial:/home/dxf/WHEELTEC_S300Pro_mini/install/robot_interfaces:/home/dxf/WHEELTEC_S300Pro_mini/install/rm_description:/home/dxf/WHEELTEC_S300Pro_mini/install/qt_ros_test:/home/dxf/WHEELTEC_S300Pro_mini/install/orb_slam2_ros:/home/dxf/WHEELTEC_S300Pro_mini/install/openslam_gmapping:/home/dxf/WHEELTEC_S300Pro_mini/install/ollama_ros_msgs:/home/dxf/WHEELTEC_S300Pro_mini/install/lslidar_driver:/home/dxf/WHEELTEC_S300Pro_mini/install/lslidar_msgs:/home/dxf/WHEELTEC_S300Pro_mini/install/ldlidar_stl_ros2:/home/dxf/WHEELTEC_S300Pro_mini/install/ldlidar_sl_ros2:/home/dxf/WHEELTEC_S300Pro_mini/install/double_lidar_fusion:/home/dxf/WHEELTEC_S300Pro_mini/install/bodyreader_msg:/home/dxf/WHEELTEC_S300Pro_mini/install/astra_camera:/home/dxf/WHEELTEC_S300Pro_mini/install/astra_camera_msgs:/home/dxf/WHEELTEC_S300Pro_mini/install/aruco_ros:/home/dxf/WHEELTEC_S300Pro_mini/install/aruco_msgs:/home/dxf/WHEELTEC_S300Pro_mini/install/aruco:/usr/local/opencv410:/usr/local/opencv410::/home/dxf/wheeltec_lebai_humble_2024_7_17/install/lebai_driver:/home/dxf/WHEELTEC_S300Pro_mini/install/wheeltec_robot_keyboard:/home/dxf/WHEELTEC_S300Pro_mini/install/simple_follower_ros2:/home/dxf/WHEELTEC_S300Pro_mini/install/ollama_ros_chat:/home/dxf/WHEELTEC_S300Pro_mini/install/nav2_waypoint_cycle:/home/dxf/WHEELTEC_S300Pro_mini/install/auto_recharge_ros2:/opt/ros/humble')]), 'shell': False}
[7.166332] (-) TimerEvent: {}
[7.267310] (-) TimerEvent: {}
[7.368008] (-) TimerEvent: {}
[7.395811] (grab_demo) StdoutLine: {'line': b'\x1b[35m\x1b[1mConsolidate compiler generated dependencies of target grab_demo__rosidl_generator_c\x1b[0m\n'}
[7.429919] (grab_demo) StdoutLine: {'line': b'\x1b[35m\x1b[1mConsolidate compiler generated dependencies of target charuco_dectet_node\x1b[0m\n'}
[7.450419] (grab_demo) StdoutLine: {'line': b'\x1b[35m\x1b[1mConsolidate compiler generated dependencies of target hand_eye\x1b[0m\n'}
[7.451341] (grab_demo) StdoutLine: {'line': b'\x1b[35m\x1b[1mConsolidate compiler generated dependencies of target hsv_range\x1b[0m\n'}
[7.469035] (-) TimerEvent: {}
[7.490946] (grab_demo) StdoutLine: {'line': b'[  2%] Built target grab_demo__cpp\n'}
[7.577999] (-) TimerEvent: {}
[7.634917] (grab_demo) StdoutLine: {'line': b'[  4%] \x1b[32mBuilding C object CMakeFiles/grab_demo__rosidl_generator_c.dir/rosidl_generator_c/grab_demo/srv/detail/grab_object__functions.c.o\x1b[0m\n'}
[7.654434] (grab_demo) StdoutLine: {'line': b'\x1b[35m\x1b[1mConsolidate compiler generated dependencies of target aruco_dectet\x1b[0m\n'}
[7.678192] (-) TimerEvent: {}
[7.702758] (grab_demo) StdoutLine: {'line': b'[  6%] \x1b[32mBuilding CXX object CMakeFiles/hsv_range.dir/src/hsv_range.cpp.o\x1b[0m\n'}
[7.705130] (grab_demo) StdoutLine: {'line': b'[  8%] \x1b[32mBuilding CXX object CMakeFiles/charuco_dectet_node.dir/src/charuco_dectet_node.cpp.o\x1b[0m\n'}
[7.712667] (grab_demo) StdoutLine: {'line': b'[  8%] Built target ament_cmake_python_copy_grab_demo\n'}
[7.778370] (-) TimerEvent: {}
[7.848328] (grab_demo) StdoutLine: {'line': b'[ 10%] \x1b[32mBuilding CXX object CMakeFiles/hand_eye.dir/src/hand_eye.cpp.o\x1b[0m\n'}
[7.878528] (-) TimerEvent: {}
[7.883610] (grab_demo) StdoutLine: {'line': b'[ 12%] \x1b[32mBuilding CXX object CMakeFiles/aruco_dectet.dir/src/aruco_dectet.cpp.o\x1b[0m\n'}
[7.917172] (grab_demo) StdoutLine: {'line': b'\x1b[35m\x1b[1mConsolidate compiler generated dependencies of target camera_info_node\x1b[0m\n'}
[7.978756] (-) TimerEvent: {}
[8.080242] (-) TimerEvent: {}
[8.154731] (grab_demo) StdoutLine: {'line': b'[ 14%] \x1b[32mBuilding CXX object CMakeFiles/camera_info_node.dir/src/camera_info_node.cpp.o\x1b[0m\n'}
[8.180424] (-) TimerEvent: {}
[8.281760] (-) TimerEvent: {}
[8.331344] (grab_demo) StdoutLine: {'line': b'[ 17%] \x1b[32m\x1b[1mLinking C shared library libgrab_demo__rosidl_generator_c.so\x1b[0m\n'}
[8.382138] (-) TimerEvent: {}
[8.483974] (-) TimerEvent: {}
[8.585336] (-) TimerEvent: {}
[8.686769] (-) TimerEvent: {}
[8.699805] (grab_demo) StdoutLine: {'line': b'[ 19%] Built target grab_demo__rosidl_generator_c\n'}
[8.786937] (-) TimerEvent: {}
[8.794501] (grab_demo) StdoutLine: {'line': b'\x1b[35m\x1b[1mConsolidate compiler generated dependencies of target grab_demo__rosidl_typesupport_cpp\x1b[0m\n'}
[8.887893] (-) TimerEvent: {}
[8.988759] (-) TimerEvent: {}
[9.089512] (-) TimerEvent: {}
[9.104332] (grab_demo) StdoutLine: {'line': b'[ 21%] \x1b[32mBuilding CXX object CMakeFiles/grab_demo__rosidl_typesupport_cpp.dir/rosidl_typesupport_cpp/grab_demo/srv/grab_object__type_support.cpp.o\x1b[0m\n'}
[9.189731] (-) TimerEvent: {}
[9.290443] (-) TimerEvent: {}
[9.391172] (-) TimerEvent: {}
[9.491934] (-) TimerEvent: {}
[9.593434] (-) TimerEvent: {}
[9.694775] (-) TimerEvent: {}
[9.796065] (-) TimerEvent: {}
[9.897279] (-) TimerEvent: {}
[9.998946] (-) TimerEvent: {}
[10.100957] (-) TimerEvent: {}
[10.202194] (-) TimerEvent: {}
[10.302883] (-) TimerEvent: {}
[10.403866] (-) TimerEvent: {}
[10.505396] (-) TimerEvent: {}
[10.606972] (-) TimerEvent: {}
[10.708366] (-) TimerEvent: {}
[10.809153] (-) TimerEvent: {}
[10.910306] (-) TimerEvent: {}
[11.011071] (-) TimerEvent: {}
[11.111810] (-) TimerEvent: {}
[11.212509] (-) TimerEvent: {}
[11.313208] (-) TimerEvent: {}
[11.413904] (-) TimerEvent: {}
[11.514626] (-) TimerEvent: {}
[11.615416] (-) TimerEvent: {}
[11.716139] (-) TimerEvent: {}
[11.816891] (-) TimerEvent: {}
[11.917682] (-) TimerEvent: {}
[12.018366] (-) TimerEvent: {}
[12.119032] (-) TimerEvent: {}
[12.184596] (grab_demo) StdoutLine: {'line': b'[ 23%] \x1b[32m\x1b[1mLinking CXX shared library libgrab_demo__rosidl_typesupport_cpp.so\x1b[0m\n'}
[12.219271] (-) TimerEvent: {}
[12.320001] (-) TimerEvent: {}
[12.420701] (-) TimerEvent: {}
[12.466898] (grab_demo) StdoutLine: {'line': b'[ 25%] Built target grab_demo__rosidl_typesupport_cpp\n'}
[12.521481] (-) TimerEvent: {}
[12.560988] (grab_demo) StdoutLine: {'line': b'\x1b[35m\x1b[1mConsolidate compiler generated dependencies of target grab_demo__rosidl_typesupport_fastrtps_c\x1b[0m\n'}
[12.621679] (-) TimerEvent: {}
[12.722890] (-) TimerEvent: {}
[12.727109] (grab_demo) StdoutLine: {'line': b'[ 27%] \x1b[32mBuilding CXX object CMakeFiles/grab_demo__rosidl_typesupport_fastrtps_c.dir/rosidl_typesupport_fastrtps_c/grab_demo/srv/detail/grab_object__type_support_c.cpp.o\x1b[0m\n'}
[12.823077] (-) TimerEvent: {}
[12.923844] (-) TimerEvent: {}
[13.024530] (-) TimerEvent: {}
[13.125252] (-) TimerEvent: {}
[13.225974] (-) TimerEvent: {}
[13.326643] (-) TimerEvent: {}
[13.430183] (-) TimerEvent: {}
[13.530887] (-) TimerEvent: {}
[13.631631] (-) TimerEvent: {}
[13.732428] (-) TimerEvent: {}
[13.833332] (-) TimerEvent: {}
[13.937238] (-) TimerEvent: {}
[14.038279] (-) TimerEvent: {}
[14.139230] (-) TimerEvent: {}
[14.239983] (-) TimerEvent: {}
[14.340712] (-) TimerEvent: {}
[14.441622] (-) TimerEvent: {}
[14.542476] (-) TimerEvent: {}
[14.643321] (-) TimerEvent: {}
[14.744033] (-) TimerEvent: {}
[14.844830] (-) TimerEvent: {}
[14.945645] (-) TimerEvent: {}
[15.046442] (-) TimerEvent: {}
[15.147199] (-) TimerEvent: {}
[15.248158] (-) TimerEvent: {}
[15.349493] (-) TimerEvent: {}
[15.451397] (-) TimerEvent: {}
[15.552194] (-) TimerEvent: {}
[15.652928] (-) TimerEvent: {}
[15.753729] (-) TimerEvent: {}
[15.854508] (-) TimerEvent: {}
[15.955243] (-) TimerEvent: {}
[16.034655] (grab_demo) StdoutLine: {'line': b'[ 29%] \x1b[32m\x1b[1mLinking CXX shared library libgrab_demo__rosidl_typesupport_fastrtps_c.so\x1b[0m\n'}
[16.055435] (-) TimerEvent: {}
[16.156644] (-) TimerEvent: {}
[16.257787] (-) TimerEvent: {}
[16.359026] (-) TimerEvent: {}
[16.460014] (-) TimerEvent: {}
[16.561540] (-) TimerEvent: {}
[16.662601] (-) TimerEvent: {}
[16.763638] (-) TimerEvent: {}
[16.864787] (-) TimerEvent: {}
[16.966092] (-) TimerEvent: {}
[17.043745] (grab_demo) StdoutLine: {'line': b'[ 31%] Built target grab_demo__rosidl_typesupport_fastrtps_c\n'}
[17.066799] (-) TimerEvent: {}
[17.167614] (-) TimerEvent: {}
[17.206462] (grab_demo) StdoutLine: {'line': b'\x1b[35m\x1b[1mConsolidate compiler generated dependencies of target grab_demo__rosidl_typesupport_fastrtps_cpp\x1b[0m\n'}
[17.267783] (-) TimerEvent: {}
[17.336827] (grab_demo) StdoutLine: {'line': b'[ 34%] \x1b[32mBuilding CXX object CMakeFiles/grab_demo__rosidl_typesupport_fastrtps_cpp.dir/rosidl_typesupport_fastrtps_cpp/grab_demo/srv/detail/dds_fastrtps/grab_object__type_support.cpp.o\x1b[0m\n'}
[17.368391] (-) TimerEvent: {}
[17.469407] (-) TimerEvent: {}
[17.570230] (-) TimerEvent: {}
[17.671495] (-) TimerEvent: {}
[17.772557] (-) TimerEvent: {}
[17.873689] (-) TimerEvent: {}
[17.975598] (-) TimerEvent: {}
[18.079179] (-) TimerEvent: {}
[18.182182] (-) TimerEvent: {}
[18.289529] (-) TimerEvent: {}
[18.391380] (-) TimerEvent: {}
[18.493602] (-) TimerEvent: {}
[18.596096] (-) TimerEvent: {}
[18.698130] (-) TimerEvent: {}
[18.801802] (-) TimerEvent: {}
[18.904619] (-) TimerEvent: {}
[19.006027] (-) TimerEvent: {}
[19.106987] (-) TimerEvent: {}
[19.208678] (-) TimerEvent: {}
[19.310194] (-) TimerEvent: {}
[19.411643] (-) TimerEvent: {}
[19.515215] (-) TimerEvent: {}
[19.584313] (grab_demo) StdoutLine: {'line': b'[ 36%] \x1b[32m\x1b[1mLinking CXX shared library libgrab_demo__rosidl_typesupport_fastrtps_cpp.so\x1b[0m\n'}
[19.615555] (-) TimerEvent: {}
[19.717571] (-) TimerEvent: {}
[19.818526] (-) TimerEvent: {}
[19.919320] (-) TimerEvent: {}
[20.020835] (-) TimerEvent: {}
[20.121738] (-) TimerEvent: {}
[20.222588] (-) TimerEvent: {}
[20.323303] (-) TimerEvent: {}
[20.424230] (-) TimerEvent: {}
[20.524956] (-) TimerEvent: {}
[20.575896] (grab_demo) StdoutLine: {'line': b'[ 38%] Built target grab_demo__rosidl_typesupport_fastrtps_cpp\n'}
[20.625740] (-) TimerEvent: {}
[20.726566] (-) TimerEvent: {}
[20.827380] (-) TimerEvent: {}
[20.929426] (-) TimerEvent: {}
[21.031192] (-) TimerEvent: {}
[21.133190] (-) TimerEvent: {}
[21.234006] (-) TimerEvent: {}
[21.334833] (-) TimerEvent: {}
[21.435910] (-) TimerEvent: {}
[21.537159] (-) TimerEvent: {}
[21.639539] (-) TimerEvent: {}
[21.740393] (-) TimerEvent: {}
[21.841430] (-) TimerEvent: {}
[21.942677] (-) TimerEvent: {}
[22.043713] (-) TimerEvent: {}
[22.144614] (-) TimerEvent: {}
[22.246603] (-) TimerEvent: {}
[22.348116] (-) TimerEvent: {}
[22.452862] (-) TimerEvent: {}
[22.553866] (-) TimerEvent: {}
[22.654761] (-) TimerEvent: {}
[22.755669] (-) TimerEvent: {}
[22.856543] (-) TimerEvent: {}
[22.958430] (-) TimerEvent: {}
[23.065824] (-) TimerEvent: {}
[23.168099] (-) TimerEvent: {}
[23.270285] (-) TimerEvent: {}
[23.372105] (-) TimerEvent: {}
[23.474540] (-) TimerEvent: {}
[23.575958] (-) TimerEvent: {}
[23.678732] (-) TimerEvent: {}
[23.781061] (-) TimerEvent: {}
[23.883690] (-) TimerEvent: {}
[23.985892] (-) TimerEvent: {}
[24.087488] (-) TimerEvent: {}
[24.188690] (-) TimerEvent: {}
[24.290052] (-) TimerEvent: {}
[24.391513] (-) TimerEvent: {}
[24.493284] (-) TimerEvent: {}
[24.595060] (-) TimerEvent: {}
[24.697686] (-) TimerEvent: {}
[24.810114] (-) TimerEvent: {}
[24.913146] (-) TimerEvent: {}
[25.017048] (-) TimerEvent: {}
[25.117917] (-) TimerEvent: {}
[25.218804] (-) TimerEvent: {}
[25.319656] (-) TimerEvent: {}
[25.420555] (-) TimerEvent: {}
[25.522991] (-) TimerEvent: {}
[25.623789] (-) TimerEvent: {}
[25.724597] (-) TimerEvent: {}
[25.825495] (-) TimerEvent: {}
[25.926544] (-) TimerEvent: {}
[26.028735] (-) TimerEvent: {}
[26.130637] (-) TimerEvent: {}
[26.231712] (-) TimerEvent: {}
[26.333377] (-) TimerEvent: {}
[26.434479] (-) TimerEvent: {}
[26.539725] (-) TimerEvent: {}
[26.640592] (-) TimerEvent: {}
[26.743034] (-) TimerEvent: {}
[26.843898] (-) TimerEvent: {}
[26.946925] (-) TimerEvent: {}
[27.049283] (-) TimerEvent: {}
[27.152888] (-) TimerEvent: {}
[27.254520] (-) TimerEvent: {}
[27.355314] (-) TimerEvent: {}
[27.456350] (-) TimerEvent: {}
[27.557837] (-) TimerEvent: {}
[27.658618] (-) TimerEvent: {}
[27.759313] (-) TimerEvent: {}
[27.862464] (-) TimerEvent: {}
[27.964103] (-) TimerEvent: {}
[28.066301] (-) TimerEvent: {}
[28.168372] (-) TimerEvent: {}
[28.269586] (-) TimerEvent: {}
[28.372781] (-) TimerEvent: {}
[28.475461] (-) TimerEvent: {}
[28.578962] (-) TimerEvent: {}
[28.681575] (-) TimerEvent: {}
[28.785189] (-) TimerEvent: {}
[28.887545] (-) TimerEvent: {}
[28.992667] (-) TimerEvent: {}
[29.099642] (-) TimerEvent: {}
[29.207169] (-) TimerEvent: {}
[29.325801] (-) TimerEvent: {}
[29.436034] (-) TimerEvent: {}
[29.536757] (-) TimerEvent: {}
[29.637892] (-) TimerEvent: {}
[29.738604] (-) TimerEvent: {}
[29.839311] (-) TimerEvent: {}
[29.949776] (-) TimerEvent: {}
[30.056776] (-) TimerEvent: {}
[30.157756] (-) TimerEvent: {}
[30.258847] (-) TimerEvent: {}
[30.363505] (-) TimerEvent: {}
[30.465757] (-) TimerEvent: {}
[30.566600] (-) TimerEvent: {}
[30.667382] (-) TimerEvent: {}
[30.768162] (-) TimerEvent: {}
[30.868924] (-) TimerEvent: {}
[30.970401] (-) TimerEvent: {}
[31.072030] (-) TimerEvent: {}
[31.172984] (-) TimerEvent: {}
[31.274599] (-) TimerEvent: {}
[31.376379] (-) TimerEvent: {}
[31.477458] (-) TimerEvent: {}
[31.579686] (-) TimerEvent: {}
[31.681658] (-) TimerEvent: {}
[31.783224] (-) TimerEvent: {}
[31.884603] (-) TimerEvent: {}
[31.992916] (-) TimerEvent: {}
[32.095090] (-) TimerEvent: {}
[32.197023] (-) TimerEvent: {}
[32.299286] (-) TimerEvent: {}
[32.409659] (-) TimerEvent: {}
[32.511630] (-) TimerEvent: {}
[32.612981] (-) TimerEvent: {}
[32.714857] (-) TimerEvent: {}
[32.816019] (-) TimerEvent: {}
[32.917734] (-) TimerEvent: {}
[33.018954] (-) TimerEvent: {}
[33.119920] (-) TimerEvent: {}
[33.221922] (-) TimerEvent: {}
[33.323026] (-) TimerEvent: {}
[33.424520] (-) TimerEvent: {}
[33.527276] (-) TimerEvent: {}
[33.628352] (-) TimerEvent: {}
[33.729890] (-) TimerEvent: {}
[33.831278] (-) TimerEvent: {}
[33.932225] (-) TimerEvent: {}
[34.033738] (-) TimerEvent: {}
[34.138079] (-) TimerEvent: {}
[34.239451] (-) TimerEvent: {}
[34.340544] (-) TimerEvent: {}
[34.442390] (-) TimerEvent: {}
[34.544316] (-) TimerEvent: {}
[34.645790] (-) TimerEvent: {}
[34.747829] (-) TimerEvent: {}
[34.848849] (-) TimerEvent: {}
[34.950302] (-) TimerEvent: {}
[35.051876] (-) TimerEvent: {}
[35.152950] (-) TimerEvent: {}
[35.254252] (-) TimerEvent: {}
[35.355174] (-) TimerEvent: {}
[35.456145] (-) TimerEvent: {}
[35.557076] (-) TimerEvent: {}
[35.658039] (-) TimerEvent: {}
[35.760862] (-) TimerEvent: {}
[35.863207] (-) TimerEvent: {}
[35.966607] (-) TimerEvent: {}
[36.069063] (-) TimerEvent: {}
[36.172780] (-) TimerEvent: {}
[36.273468] (-) TimerEvent: {}
[36.374827] (-) TimerEvent: {}
[36.478349] (-) TimerEvent: {}
[36.581395] (-) TimerEvent: {}
[36.682181] (-) TimerEvent: {}
[36.784701] (-) TimerEvent: {}
[36.885759] (-) TimerEvent: {}
[36.986919] (-) TimerEvent: {}
[37.087672] (-) TimerEvent: {}
[37.188396] (-) TimerEvent: {}
[37.289188] (-) TimerEvent: {}
[37.394298] (-) TimerEvent: {}
[37.495086] (-) TimerEvent: {}
[37.595924] (-) TimerEvent: {}
[37.696659] (-) TimerEvent: {}
[37.798362] (-) TimerEvent: {}
[37.902071] (-) TimerEvent: {}
[38.002898] (-) TimerEvent: {}
[38.104844] (-) TimerEvent: {}
[38.209756] (-) TimerEvent: {}
[38.313273] (-) TimerEvent: {}
[38.422115] (-) TimerEvent: {}
[38.523812] (-) TimerEvent: {}
[38.624873] (-) TimerEvent: {}
[38.725584] (-) TimerEvent: {}
[38.829822] (-) TimerEvent: {}
[38.930624] (-) TimerEvent: {}
[39.032226] (-) TimerEvent: {}
[39.133351] (-) TimerEvent: {}
[39.234076] (-) TimerEvent: {}
[39.334824] (-) TimerEvent: {}
[39.435840] (-) TimerEvent: {}
[39.536805] (-) TimerEvent: {}
[39.637834] (-) TimerEvent: {}
[39.738844] (-) TimerEvent: {}
[39.841668] (-) TimerEvent: {}
[39.945922] (-) TimerEvent: {}
[40.051131] (-) TimerEvent: {}
[40.152622] (-) TimerEvent: {}
[40.254055] (-) TimerEvent: {}
[40.355186] (-) TimerEvent: {}
[40.458469] (-) TimerEvent: {}
[40.559179] (-) TimerEvent: {}
[40.660227] (-) TimerEvent: {}
[40.760920] (-) TimerEvent: {}
[40.861657] (-) TimerEvent: {}
[40.964878] (-) TimerEvent: {}
[41.066461] (-) TimerEvent: {}
[41.167179] (-) TimerEvent: {}
[41.268475] (-) TimerEvent: {}
[41.370015] (-) TimerEvent: {}
[41.471441] (-) TimerEvent: {}
[41.574184] (-) TimerEvent: {}
[41.675158] (-) TimerEvent: {}
[41.776233] (-) TimerEvent: {}
[41.877777] (-) TimerEvent: {}
[41.980054] (-) TimerEvent: {}
[42.081703] (-) TimerEvent: {}
[42.183645] (-) TimerEvent: {}
[42.285214] (-) TimerEvent: {}
[42.386454] (-) TimerEvent: {}
[42.488198] (-) TimerEvent: {}
[42.589838] (-) TimerEvent: {}
[42.692076] (-) TimerEvent: {}
[42.794034] (-) TimerEvent: {}
[42.896673] (-) TimerEvent: {}
[42.998796] (-) TimerEvent: {}
[43.100452] (-) TimerEvent: {}
[43.202686] (-) TimerEvent: {}
[43.307844] (-) TimerEvent: {}
[43.409600] (-) TimerEvent: {}
[43.510502] (-) TimerEvent: {}
[43.612036] (-) TimerEvent: {}
[43.713562] (-) TimerEvent: {}
[43.817755] (-) TimerEvent: {}
[43.919155] (-) TimerEvent: {}
[44.020565] (-) TimerEvent: {}
[44.121669] (-) TimerEvent: {}
[44.222829] (-) TimerEvent: {}
[44.323630] (-) TimerEvent: {}
[44.426125] (-) TimerEvent: {}
[44.529873] (-) TimerEvent: {}
[44.631036] (-) TimerEvent: {}
[44.732051] (-) TimerEvent: {}
[44.833086] (-) TimerEvent: {}
[44.934368] (-) TimerEvent: {}
[45.035103] (-) TimerEvent: {}
[45.135951] (-) TimerEvent: {}
[45.237093] (-) TimerEvent: {}
[45.337839] (-) TimerEvent: {}
[45.438591] (-) TimerEvent: {}
[45.539347] (-) TimerEvent: {}
[45.640891] (-) TimerEvent: {}
[45.741861] (-) TimerEvent: {}
[45.842845] (-) TimerEvent: {}
[45.943967] (-) TimerEvent: {}
[46.044681] (-) TimerEvent: {}
[46.145390] (-) TimerEvent: {}
[46.246203] (-) TimerEvent: {}
[46.346959] (-) TimerEvent: {}
[46.447673] (-) TimerEvent: {}
[46.548405] (-) TimerEvent: {}
[46.649141] (-) TimerEvent: {}
[46.749894] (-) TimerEvent: {}
[46.850635] (-) TimerEvent: {}
[46.951402] (-) TimerEvent: {}
[47.052117] (-) TimerEvent: {}
[47.152949] (-) TimerEvent: {}
[47.254168] (-) TimerEvent: {}
[47.356125] (-) TimerEvent: {}
[47.457271] (-) TimerEvent: {}
[47.558142] (-) TimerEvent: {}
[47.658918] (-) TimerEvent: {}
[47.759597] (-) TimerEvent: {}
[47.860820] (-) TimerEvent: {}
[47.962183] (-) TimerEvent: {}
[48.068401] (-) TimerEvent: {}
[48.169431] (-) TimerEvent: {}
[48.270333] (-) TimerEvent: {}
[48.371275] (-) TimerEvent: {}
[48.472440] (-) TimerEvent: {}
[48.573862] (-) TimerEvent: {}
[48.674534] (-) TimerEvent: {}
[48.775244] (-) TimerEvent: {}
[48.875971] (-) TimerEvent: {}
[48.991552] (-) TimerEvent: {}
[49.092247] (-) TimerEvent: {}
[49.192978] (-) TimerEvent: {}
[49.294326] (-) TimerEvent: {}
[49.395209] (-) TimerEvent: {}
[49.496139] (-) TimerEvent: {}
[49.597296] (-) TimerEvent: {}
[49.698018] (-) TimerEvent: {}
[49.798998] (-) TimerEvent: {}
[49.899768] (-) TimerEvent: {}
[50.000512] (-) TimerEvent: {}
[50.101314] (-) TimerEvent: {}
[50.202248] (-) TimerEvent: {}
[50.303336] (-) TimerEvent: {}
[50.404226] (-) TimerEvent: {}
[50.505379] (-) TimerEvent: {}
[50.606133] (-) TimerEvent: {}
[50.707433] (-) TimerEvent: {}
[50.808433] (-) TimerEvent: {}
[50.909588] (-) TimerEvent: {}
[51.011118] (-) TimerEvent: {}
[51.111824] (-) TimerEvent: {}
[51.212513] (-) TimerEvent: {}
[51.313209] (-) TimerEvent: {}
[51.413907] (-) TimerEvent: {}
[51.514772] (-) TimerEvent: {}
[51.615495] (-) TimerEvent: {}
[51.716225] (-) TimerEvent: {}
[51.817097] (-) TimerEvent: {}
[51.918154] (-) TimerEvent: {}
[52.019384] (-) TimerEvent: {}
[52.120739] (-) TimerEvent: {}
[52.221850] (-) TimerEvent: {}
[52.322909] (-) TimerEvent: {}
[52.423592] (-) TimerEvent: {}
[52.524912] (-) TimerEvent: {}
[52.626023] (-) TimerEvent: {}
[52.727135] (-) TimerEvent: {}
[52.827827] (-) TimerEvent: {}
[52.928573] (-) TimerEvent: {}
[53.029373] (-) TimerEvent: {}
[53.130608] (-) TimerEvent: {}
[53.231403] (-) TimerEvent: {}
[53.332690] (-) TimerEvent: {}
[53.433682] (-) TimerEvent: {}
[53.534406] (-) TimerEvent: {}
[53.635146] (-) TimerEvent: {}
[53.735893] (-) TimerEvent: {}
[53.836701] (-) TimerEvent: {}
[53.937545] (-) TimerEvent: {}
[54.038552] (-) TimerEvent: {}
[54.139585] (-) TimerEvent: {}
[54.240525] (-) TimerEvent: {}
[54.341375] (-) TimerEvent: {}
[54.442890] (-) TimerEvent: {}
[54.543996] (-) TimerEvent: {}
[54.644904] (-) TimerEvent: {}
[54.745721] (-) TimerEvent: {}
[54.846473] (-) TimerEvent: {}
[54.947342] (-) TimerEvent: {}
[55.048105] (-) TimerEvent: {}
[55.148840] (-) TimerEvent: {}
[55.249584] (-) TimerEvent: {}
[55.350466] (-) TimerEvent: {}
[55.451555] (-) TimerEvent: {}
[55.552275] (-) TimerEvent: {}
[55.653009] (-) TimerEvent: {}
[55.753860] (-) TimerEvent: {}
[55.854614] (-) TimerEvent: {}
[55.955355] (-) TimerEvent: {}
[56.056106] (-) TimerEvent: {}
[56.156834] (-) TimerEvent: {}
[56.257546] (-) TimerEvent: {}
[56.358548] (-) TimerEvent: {}
[56.461482] (-) TimerEvent: {}
[56.562954] (-) TimerEvent: {}
[56.663780] (-) TimerEvent: {}
[56.764942] (-) TimerEvent: {}
[56.866234] (-) TimerEvent: {}
[56.967620] (-) TimerEvent: {}
[57.069131] (-) TimerEvent: {}
[57.170524] (-) TimerEvent: {}
[57.272153] (-) TimerEvent: {}
[57.373501] (-) TimerEvent: {}
[57.474995] (-) TimerEvent: {}
[57.576857] (-) TimerEvent: {}
[57.678742] (-) TimerEvent: {}
[57.779582] (-) TimerEvent: {}
[57.881170] (-) TimerEvent: {}
[57.982061] (-) TimerEvent: {}
[58.085798] (-) TimerEvent: {}
[58.187060] (-) TimerEvent: {}
[58.289363] (-) TimerEvent: {}
[58.390219] (-) TimerEvent: {}
[58.496415] (-) TimerEvent: {}
[58.597348] (-) TimerEvent: {}
[58.698221] (-) TimerEvent: {}
[58.799312] (-) TimerEvent: {}
[58.900383] (-) TimerEvent: {}
[59.001317] (-) TimerEvent: {}
[59.102302] (-) TimerEvent: {}
[59.203590] (-) TimerEvent: {}
[59.304449] (-) TimerEvent: {}
[59.405748] (-) TimerEvent: {}
[59.506644] (-) TimerEvent: {}
[59.607761] (-) TimerEvent: {}
[59.708920] (-) TimerEvent: {}
[59.809804] (-) TimerEvent: {}
[59.910854] (-) TimerEvent: {}
[60.012206] (-) TimerEvent: {}
[60.128479] (-) TimerEvent: {}
[60.229347] (-) TimerEvent: {}
[60.333798] (-) TimerEvent: {}
[60.434556] (-) TimerEvent: {}
[60.535300] (-) TimerEvent: {}
[60.636041] (-) TimerEvent: {}
[60.736751] (-) TimerEvent: {}
[60.837413] (-) TimerEvent: {}
[60.938172] (-) TimerEvent: {}
[61.039184] (-) TimerEvent: {}
[61.139878] (-) TimerEvent: {}
[61.240697] (-) TimerEvent: {}
[61.341429] (-) TimerEvent: {}
[61.442198] (-) TimerEvent: {}
[61.542943] (-) TimerEvent: {}
[61.647832] (-) TimerEvent: {}
[61.748577] (-) TimerEvent: {}
[61.849349] (-) TimerEvent: {}
[61.950397] (-) TimerEvent: {}
[62.051716] (-) TimerEvent: {}
[62.153030] (-) TimerEvent: {}
[62.254329] (-) TimerEvent: {}
[62.355758] (-) TimerEvent: {}
[62.457218] (-) TimerEvent: {}
[62.558631] (-) TimerEvent: {}
[62.660404] (-) TimerEvent: {}
[62.761651] (-) TimerEvent: {}
[62.862942] (-) TimerEvent: {}
[62.964209] (-) TimerEvent: {}
[63.064865] (-) TimerEvent: {}
[63.165557] (-) TimerEvent: {}
[63.266469] (-) TimerEvent: {}
[63.367155] (-) TimerEvent: {}
[63.467848] (-) TimerEvent: {}
[63.569496] (-) TimerEvent: {}
[63.671149] (-) TimerEvent: {}
[63.772810] (-) TimerEvent: {}
[63.873544] (-) TimerEvent: {}
[63.974432] (-) TimerEvent: {}
[64.075097] (-) TimerEvent: {}
[64.176247] (-) TimerEvent: {}
[64.277721] (-) TimerEvent: {}
[64.378812] (-) TimerEvent: {}
[64.480202] (-) TimerEvent: {}
[64.581175] (-) TimerEvent: {}
[64.682738] (-) TimerEvent: {}
[64.784336] (-) TimerEvent: {}
[64.886417] (-) TimerEvent: {}
[64.987931] (-) TimerEvent: {}
[65.088654] (-) TimerEvent: {}
[65.189404] (-) TimerEvent: {}
[65.291175] (-) TimerEvent: {}
[65.393052] (-) TimerEvent: {}
[65.493759] (-) TimerEvent: {}
[65.595093] (-) TimerEvent: {}
[65.697749] (-) TimerEvent: {}
[65.798614] (-) TimerEvent: {}
[65.899578] (-) TimerEvent: {}
[66.000603] (-) TimerEvent: {}
[66.101403] (-) TimerEvent: {}
[66.202377] (-) TimerEvent: {}
[66.303437] (-) TimerEvent: {}
[66.404327] (-) TimerEvent: {}
[66.506055] (-) TimerEvent: {}
[66.607242] (-) TimerEvent: {}
[66.709958] (-) TimerEvent: {}
[66.813842] (-) TimerEvent: {}
[66.914545] (-) TimerEvent: {}
[67.015271] (-) TimerEvent: {}
[67.116002] (-) TimerEvent: {}
[67.216902] (-) TimerEvent: {}
[67.317642] (-) TimerEvent: {}
[67.418506] (-) TimerEvent: {}
[67.519225] (-) TimerEvent: {}
[67.620001] (-) TimerEvent: {}
[67.720699] (-) TimerEvent: {}
[67.821369] (-) TimerEvent: {}
[67.922125] (-) TimerEvent: {}
[68.022868] (-) TimerEvent: {}
[68.123581] (-) TimerEvent: {}
[68.224279] (-) TimerEvent: {}
[68.324950] (-) TimerEvent: {}
[68.425661] (-) TimerEvent: {}
[68.526386] (-) TimerEvent: {}
[68.627091] (-) TimerEvent: {}
[68.727839] (-) TimerEvent: {}
[68.828825] (-) TimerEvent: {}
[68.929565] (-) TimerEvent: {}
[69.030316] (-) TimerEvent: {}
[69.131063] (-) TimerEvent: {}
[69.231975] (-) TimerEvent: {}
[69.332671] (-) TimerEvent: {}
[69.433392] (-) TimerEvent: {}
[69.534608] (-) TimerEvent: {}
[69.637339] (-) TimerEvent: {}
[69.738622] (-) TimerEvent: {}
[69.841281] (-) TimerEvent: {}
[69.943324] (-) TimerEvent: {}
[70.045207] (-) TimerEvent: {}
[70.146923] (-) TimerEvent: {}
[70.247690] (-) TimerEvent: {}
[70.348416] (-) TimerEvent: {}
[70.449137] (-) TimerEvent: {}
[70.549885] (-) TimerEvent: {}
[70.650906] (-) TimerEvent: {}
[70.752091] (-) TimerEvent: {}
[70.852802] (-) TimerEvent: {}
[70.953550] (-) TimerEvent: {}
[71.054341] (-) TimerEvent: {}
[71.155057] (-) TimerEvent: {}
[71.255781] (-) TimerEvent: {}
[71.356486] (-) TimerEvent: {}
[71.457236] (-) TimerEvent: {}
[71.558001] (-) TimerEvent: {}
[71.658739] (-) TimerEvent: {}
[71.759409] (-) TimerEvent: {}
[71.860438] (-) TimerEvent: {}
[71.961137] (-) TimerEvent: {}
[72.061854] (-) TimerEvent: {}
[72.162540] (-) TimerEvent: {}
[72.263213] (-) TimerEvent: {}
[72.363930] (-) TimerEvent: {}
[72.464625] (-) TimerEvent: {}
[72.568324] (-) TimerEvent: {}
[72.669216] (-) TimerEvent: {}
[72.769978] (-) TimerEvent: {}
[72.870696] (-) TimerEvent: {}
[72.971361] (-) TimerEvent: {}
[73.072060] (-) TimerEvent: {}
[73.172803] (-) TimerEvent: {}
[73.273523] (-) TimerEvent: {}
[73.374436] (-) TimerEvent: {}
[73.475849] (-) TimerEvent: {}
[73.578651] (-) TimerEvent: {}
[73.681394] (-) TimerEvent: {}
[73.785475] (-) TimerEvent: {}
[73.886206] (-) TimerEvent: {}
[73.986901] (-) TimerEvent: {}
[74.087847] (-) TimerEvent: {}
[74.188775] (-) TimerEvent: {}
[74.289761] (-) TimerEvent: {}
[74.395597] (-) TimerEvent: {}
[74.496260] (-) TimerEvent: {}
[74.597200] (-) TimerEvent: {}
[74.706187] (-) TimerEvent: {}
[74.806879] (-) TimerEvent: {}
[74.907569] (-) TimerEvent: {}
[75.008323] (-) TimerEvent: {}
[75.109031] (-) TimerEvent: {}
[75.209796] (-) TimerEvent: {}
[75.310482] (-) TimerEvent: {}
[75.411133] (-) TimerEvent: {}
[75.511870] (-) TimerEvent: {}
[75.612591] (-) TimerEvent: {}
[75.713325] (-) TimerEvent: {}
[75.814056] (-) TimerEvent: {}
[75.914789] (-) TimerEvent: {}
[76.015592] (-) TimerEvent: {}
[76.116306] (-) TimerEvent: {}
[76.216984] (-) TimerEvent: {}
[76.317734] (-) TimerEvent: {}
[76.418442] (-) TimerEvent: {}
[76.519171] (-) TimerEvent: {}
[76.619905] (-) TimerEvent: {}
[76.720736] (-) TimerEvent: {}
[76.825585] (-) TimerEvent: {}
[76.926344] (-) TimerEvent: {}
[77.027718] (-) TimerEvent: {}
[77.130098] (-) TimerEvent: {}
[77.231302] (-) TimerEvent: {}
[77.332024] (-) TimerEvent: {}
[77.432731] (-) TimerEvent: {}
[77.533431] (-) TimerEvent: {}
[77.634170] (-) TimerEvent: {}
[77.734900] (-) TimerEvent: {}
[77.835660] (-) TimerEvent: {}
[77.936427] (-) TimerEvent: {}
[78.037176] (-) TimerEvent: {}
[78.137959] (-) TimerEvent: {}
[78.238719] (-) TimerEvent: {}
[78.339495] (-) TimerEvent: {}
[78.440233] (-) TimerEvent: {}
[78.540973] (-) TimerEvent: {}
[78.641947] (-) TimerEvent: {}
[78.742720] (-) TimerEvent: {}
[78.843487] (-) TimerEvent: {}
[78.944220] (-) TimerEvent: {}
[79.044953] (-) TimerEvent: {}
[79.145703] (-) TimerEvent: {}
[79.246423] (-) TimerEvent: {}
[79.347144] (-) TimerEvent: {}
[79.447880] (-) TimerEvent: {}
[79.548558] (-) TimerEvent: {}
[79.649266] (-) TimerEvent: {}
[79.750012] (-) TimerEvent: {}
[79.850759] (-) TimerEvent: {}
[79.951504] (-) TimerEvent: {}
[80.052277] (-) TimerEvent: {}
[80.153110] (-) TimerEvent: {}
[80.253924] (-) TimerEvent: {}
[80.354766] (-) TimerEvent: {}
[80.456031] (-) TimerEvent: {}
[80.556784] (-) TimerEvent: {}
[80.657529] (-) TimerEvent: {}
[80.758354] (-) TimerEvent: {}
[80.859090] (-) TimerEvent: {}
[80.959829] (-) TimerEvent: {}
[81.060726] (-) TimerEvent: {}
[81.161488] (-) TimerEvent: {}
[81.262207] (-) TimerEvent: {}
[81.363853] (-) TimerEvent: {}
[81.464518] (-) TimerEvent: {}
[81.565157] (-) TimerEvent: {}
[81.665845] (-) TimerEvent: {}
[81.766975] (-) TimerEvent: {}
[81.868595] (-) TimerEvent: {}
[81.969908] (-) TimerEvent: {}
[82.070564] (-) TimerEvent: {}
[82.171256] (-) TimerEvent: {}
[82.271920] (-) TimerEvent: {}
[82.376567] (-) TimerEvent: {}
[82.477552] (-) TimerEvent: {}
[82.578563] (-) TimerEvent: {}
[82.679464] (-) TimerEvent: {}
[82.780136] (-) TimerEvent: {}
[82.880827] (-) TimerEvent: {}
[82.981524] (-) TimerEvent: {}
[83.082245] (-) TimerEvent: {}
[83.182959] (-) TimerEvent: {}
[83.283647] (-) TimerEvent: {}
[83.385062] (-) TimerEvent: {}
[83.486064] (-) TimerEvent: {}
[83.587004] (-) TimerEvent: {}
[83.687693] (-) TimerEvent: {}
[83.788439] (-) TimerEvent: {}
[83.889258] (-) TimerEvent: {}
[83.989922] (-) TimerEvent: {}
[84.090881] (-) TimerEvent: {}
[84.193801] (-) TimerEvent: {}
[84.294572] (-) TimerEvent: {}
[84.397763] (-) TimerEvent: {}
[84.498441] (-) TimerEvent: {}
[84.600624] (-) TimerEvent: {}
[84.701998] (-) TimerEvent: {}
[84.803449] (-) TimerEvent: {}
[84.904955] (-) TimerEvent: {}
[85.007561] (-) TimerEvent: {}
[85.109506] (-) TimerEvent: {}
[85.210538] (-) TimerEvent: {}
[85.311313] (-) TimerEvent: {}
[85.412062] (-) TimerEvent: {}
[85.513105] (-) TimerEvent: {}
[85.613822] (-) TimerEvent: {}
[85.714469] (-) TimerEvent: {}
[85.815473] (-) TimerEvent: {}
[85.916126] (-) TimerEvent: {}
[86.016798] (-) TimerEvent: {}
[86.117471] (-) TimerEvent: {}
[86.218180] (-) TimerEvent: {}
[86.320357] (-) TimerEvent: {}
[86.421064] (-) TimerEvent: {}
[86.522048] (-) TimerEvent: {}
[86.622724] (-) TimerEvent: {}
[86.723707] (-) TimerEvent: {}
[86.824744] (-) TimerEvent: {}
[86.925446] (-) TimerEvent: {}
[87.026143] (-) TimerEvent: {}
[87.126862] (-) TimerEvent: {}
[87.227692] (-) TimerEvent: {}
[87.330526] (-) TimerEvent: {}
[87.431713] (-) TimerEvent: {}
[87.532499] (-) TimerEvent: {}
[87.634160] (-) TimerEvent: {}
[87.734926] (-) TimerEvent: {}
[87.835689] (-) TimerEvent: {}
[87.936674] (-) TimerEvent: {}
[88.038451] (-) TimerEvent: {}
[88.140045] (-) TimerEvent: {}
[88.296667] (-) TimerEvent: {}
[88.397758] (-) TimerEvent: {}
[88.498921] (-) TimerEvent: {}
[88.599808] (-) TimerEvent: {}
[88.700853] (-) TimerEvent: {}
[88.801693] (-) TimerEvent: {}
[88.902462] (-) TimerEvent: {}
[89.003494] (-) TimerEvent: {}
[89.105197] (-) TimerEvent: {}
[89.205998] (-) TimerEvent: {}
[89.306760] (-) TimerEvent: {}
[89.407765] (-) TimerEvent: {}
[89.508516] (-) TimerEvent: {}
[89.609322] (-) TimerEvent: {}
[89.709999] (-) TimerEvent: {}
[89.789785] (grab_demo) StdoutLine: {'line': b'[ 40%] \x1b[32m\x1b[1mLinking CXX executable camera_info_node\x1b[0m\n'}
[89.810148] (-) TimerEvent: {}
[89.910962] (-) TimerEvent: {}
[90.011641] (-) TimerEvent: {}
[90.112941] (-) TimerEvent: {}
[90.244636] (-) TimerEvent: {}
[90.354375] (-) TimerEvent: {}
[90.456178] (-) TimerEvent: {}
[90.557541] (-) TimerEvent: {}
[90.661750] (-) TimerEvent: {}
[90.764595] (-) TimerEvent: {}
[90.865764] (-) TimerEvent: {}
[90.966466] (-) TimerEvent: {}
[91.067863] (-) TimerEvent: {}
[91.169478] (-) TimerEvent: {}
[91.271565] (-) TimerEvent: {}
[91.321885] (grab_demo) StdoutLine: {'line': b'[ 40%] Built target camera_info_node\n'}
[91.381802] (-) TimerEvent: {}
[91.487207] (-) TimerEvent: {}
[91.588599] (-) TimerEvent: {}
[91.689284] (-) TimerEvent: {}
[91.790270] (-) TimerEvent: {}
[91.891003] (-) TimerEvent: {}
[91.991725] (-) TimerEvent: {}
[92.092395] (-) TimerEvent: {}
[92.193121] (-) TimerEvent: {}
[92.293847] (-) TimerEvent: {}
[92.394522] (-) TimerEvent: {}
[92.495242] (-) TimerEvent: {}
[92.595959] (-) TimerEvent: {}
[92.696798] (-) TimerEvent: {}
[92.798277] (-) TimerEvent: {}
[92.899046] (-) TimerEvent: {}
[93.001765] (-) TimerEvent: {}
[93.109836] (-) TimerEvent: {}
[93.214900] (-) TimerEvent: {}
[93.316252] (-) TimerEvent: {}
[93.417771] (-) TimerEvent: {}
[93.520367] (-) TimerEvent: {}
[93.621312] (-) TimerEvent: {}
[93.722060] (-) TimerEvent: {}
[93.822767] (-) TimerEvent: {}
[93.923529] (-) TimerEvent: {}
[94.024256] (-) TimerEvent: {}
[94.125015] (-) TimerEvent: {}
[94.225771] (-) TimerEvent: {}
[94.326732] (-) TimerEvent: {}
[94.428989] (-) TimerEvent: {}
[94.529880] (-) TimerEvent: {}
[94.630608] (-) TimerEvent: {}
[94.731329] (-) TimerEvent: {}
[94.832055] (-) TimerEvent: {}
[94.932756] (-) TimerEvent: {}
[95.033793] (-) TimerEvent: {}
[95.134522] (-) TimerEvent: {}
[95.235208] (-) TimerEvent: {}
[95.336068] (-) TimerEvent: {}
[95.436857] (-) TimerEvent: {}
[95.537685] (-) TimerEvent: {}
[95.638391] (-) TimerEvent: {}
[95.739096] (-) TimerEvent: {}
[95.839803] (-) TimerEvent: {}
[95.940588] (-) TimerEvent: {}
[96.041280] (-) TimerEvent: {}
[96.142215] (-) TimerEvent: {}
[96.242935] (-) TimerEvent: {}
[96.343665] (-) TimerEvent: {}
[96.444426] (-) TimerEvent: {}
[96.545159] (-) TimerEvent: {}
[96.645916] (-) TimerEvent: {}
[96.746661] (-) TimerEvent: {}
[96.847491] (-) TimerEvent: {}
[96.948236] (-) TimerEvent: {}
[97.048987] (-) TimerEvent: {}
[97.149802] (-) TimerEvent: {}
[97.250521] (-) TimerEvent: {}
[97.351316] (-) TimerEvent: {}
[97.452026] (-) TimerEvent: {}
[97.552763] (-) TimerEvent: {}
[97.653489] (-) TimerEvent: {}
[97.754255] (-) TimerEvent: {}
[97.855025] (-) TimerEvent: {}
[97.955830] (-) TimerEvent: {}
[98.056617] (-) TimerEvent: {}
[98.157368] (-) TimerEvent: {}
[98.258122] (-) TimerEvent: {}
[98.358913] (-) TimerEvent: {}
[98.459604] (-) TimerEvent: {}
[98.560283] (-) TimerEvent: {}
[98.661238] (-) TimerEvent: {}
[98.761947] (-) TimerEvent: {}
[98.862706] (-) TimerEvent: {}
[98.964507] (-) TimerEvent: {}
[99.066459] (-) TimerEvent: {}
[99.167768] (-) TimerEvent: {}
[99.268883] (-) TimerEvent: {}
[99.369684] (-) TimerEvent: {}
[99.470328] (-) TimerEvent: {}
[99.571010] (-) TimerEvent: {}
[99.671654] (-) TimerEvent: {}
[99.772331] (-) TimerEvent: {}
[99.873048] (-) TimerEvent: {}
[99.973771] (-) TimerEvent: {}
[100.074813] (-) TimerEvent: {}
[100.175812] (-) TimerEvent: {}
[100.276476] (-) TimerEvent: {}
[100.377129] (-) TimerEvent: {}
[100.477953] (-) TimerEvent: {}
[100.578634] (-) TimerEvent: {}
[100.679671] (-) TimerEvent: {}
[100.780323] (-) TimerEvent: {}
[100.881376] (-) TimerEvent: {}
[100.982620] (-) TimerEvent: {}
[101.084100] (-) TimerEvent: {}
[101.185474] (-) TimerEvent: {}
[101.286561] (-) TimerEvent: {}
[101.387406] (-) TimerEvent: {}
[101.488072] (-) TimerEvent: {}
[101.588790] (-) TimerEvent: {}
[101.690625] (-) TimerEvent: {}
[101.793814] (-) TimerEvent: {}
[101.894569] (-) TimerEvent: {}
[101.995678] (-) TimerEvent: {}
[102.097216] (-) TimerEvent: {}
[102.198219] (-) TimerEvent: {}
[102.299155] (-) TimerEvent: {}
[102.401058] (-) TimerEvent: {}
[102.506666] (-) TimerEvent: {}
[102.607788] (-) TimerEvent: {}
[102.708631] (-) TimerEvent: {}
[102.809575] (-) TimerEvent: {}
[102.910683] (-) TimerEvent: {}
[103.011700] (-) TimerEvent: {}
[103.112404] (-) TimerEvent: {}
[103.213067] (-) TimerEvent: {}
[103.313956] (-) TimerEvent: {}
[103.414674] (-) TimerEvent: {}
[103.515394] (-) TimerEvent: {}
[103.616038] (-) TimerEvent: {}
[103.716996] (-) TimerEvent: {}
[103.817776] (-) TimerEvent: {}
[103.918753] (-) TimerEvent: {}
[104.019419] (-) TimerEvent: {}
[104.120075] (-) TimerEvent: {}
[104.220722] (-) TimerEvent: {}
[104.321681] (-) TimerEvent: {}
[104.422352] (-) TimerEvent: {}
[104.523062] (-) TimerEvent: {}
[104.624147] (-) TimerEvent: {}
[104.724864] (-) TimerEvent: {}
[104.825560] (-) TimerEvent: {}
[104.926627] (-) TimerEvent: {}
[105.028265] (-) TimerEvent: {}
[105.129429] (-) TimerEvent: {}
[105.230706] (-) TimerEvent: {}
[105.331429] (-) TimerEvent: {}
[105.433299] (-) TimerEvent: {}
[105.534222] (-) TimerEvent: {}
[105.634916] (-) TimerEvent: {}
[105.735749] (-) TimerEvent: {}
[105.836522] (-) TimerEvent: {}
[105.937428] (-) TimerEvent: {}
[106.038247] (-) TimerEvent: {}
[106.139016] (-) TimerEvent: {}
[106.240094] (-) TimerEvent: {}
[106.340828] (-) TimerEvent: {}
[106.441572] (-) TimerEvent: {}
[106.542583] (-) TimerEvent: {}
[106.643299] (-) TimerEvent: {}
[106.744013] (-) TimerEvent: {}
[106.844711] (-) TimerEvent: {}
[106.945447] (-) TimerEvent: {}
[107.046265] (-) TimerEvent: {}
[107.149935] (-) TimerEvent: {}
[107.250831] (-) TimerEvent: {}
[107.351591] (-) TimerEvent: {}
[107.452614] (-) TimerEvent: {}
[107.553365] (-) TimerEvent: {}
[107.654171] (-) TimerEvent: {}
[107.754902] (-) TimerEvent: {}
[107.855612] (-) TimerEvent: {}
[107.956360] (-) TimerEvent: {}
[108.057131] (-) TimerEvent: {}
[108.157886] (-) TimerEvent: {}
[108.258864] (-) TimerEvent: {}
[108.359591] (-) TimerEvent: {}
[108.460360] (-) TimerEvent: {}
[108.561076] (-) TimerEvent: {}
[108.661780] (-) TimerEvent: {}
[108.762489] (-) TimerEvent: {}
[108.863156] (-) TimerEvent: {}
[108.963850] (-) TimerEvent: {}
[109.064572] (-) TimerEvent: {}
[109.165258] (-) TimerEvent: {}
[109.265995] (-) TimerEvent: {}
[109.366698] (-) TimerEvent: {}
[109.467645] (-) TimerEvent: {}
[109.569752] (-) TimerEvent: {}
[109.670405] (-) TimerEvent: {}
[109.771110] (-) TimerEvent: {}
[109.875517] (-) TimerEvent: {}
[109.976221] (-) TimerEvent: {}
[110.076907] (-) TimerEvent: {}
[110.177637] (-) TimerEvent: {}
[110.278514] (-) TimerEvent: {}
[110.381785] (-) TimerEvent: {}
[110.482463] (-) TimerEvent: {}
[110.583178] (-) TimerEvent: {}
[110.685916] (-) TimerEvent: {}
[110.786653] (-) TimerEvent: {}
[110.889818] (-) TimerEvent: {}
[111.001739] (-) TimerEvent: {}
[111.102584] (-) TimerEvent: {}
[111.203273] (-) TimerEvent: {}
[111.304053] (-) TimerEvent: {}
[111.404721] (-) TimerEvent: {}
[111.505449] (-) TimerEvent: {}
[111.606532] (-) TimerEvent: {}
[111.708148] (-) TimerEvent: {}
[111.809433] (-) TimerEvent: {}
[111.910187] (-) TimerEvent: {}
[112.011465] (-) TimerEvent: {}
[112.112597] (-) TimerEvent: {}
[112.213646] (-) TimerEvent: {}
[112.314381] (-) TimerEvent: {}
[112.415274] (-) TimerEvent: {}
[112.516098] (-) TimerEvent: {}
[112.617483] (-) TimerEvent: {}
[112.718424] (-) TimerEvent: {}
[112.820007] (-) TimerEvent: {}
[112.921063] (-) TimerEvent: {}
[113.021773] (-) TimerEvent: {}
[113.122465] (-) TimerEvent: {}
[113.223129] (-) TimerEvent: {}
[113.323853] (-) TimerEvent: {}
[113.424574] (-) TimerEvent: {}
[113.529791] (-) TimerEvent: {}
[113.630510] (-) TimerEvent: {}
[113.731238] (-) TimerEvent: {}
[113.831954] (-) TimerEvent: {}
[113.932654] (-) TimerEvent: {}
[114.033517] (-) TimerEvent: {}
[114.135710] (-) TimerEvent: {}
[114.236405] (-) TimerEvent: {}
[114.337953] (-) TimerEvent: {}
[114.438736] (-) TimerEvent: {}
[114.539975] (-) TimerEvent: {}
[114.641359] (-) TimerEvent: {}
[114.743140] (-) TimerEvent: {}
[114.845291] (-) TimerEvent: {}
[114.946332] (-) TimerEvent: {}
[115.047450] (-) TimerEvent: {}
[115.148657] (-) TimerEvent: {}
[115.249352] (-) TimerEvent: {}
[115.350054] (-) TimerEvent: {}
[115.450737] (-) TimerEvent: {}
[115.551454] (-) TimerEvent: {}
[115.652446] (-) TimerEvent: {}
[115.754309] (-) TimerEvent: {}
[115.855234] (-) TimerEvent: {}
[115.955979] (-) TimerEvent: {}
[116.058709] (-) TimerEvent: {}
[116.161574] (-) TimerEvent: {}
[116.262382] (-) TimerEvent: {}
[116.363063] (-) TimerEvent: {}
[116.463743] (-) TimerEvent: {}
[116.564691] (-) TimerEvent: {}
[116.665372] (-) TimerEvent: {}
[116.766400] (-) TimerEvent: {}
[116.867109] (-) TimerEvent: {}
[116.968451] (-) TimerEvent: {}
[117.069460] (-) TimerEvent: {}
[117.171996] (-) TimerEvent: {}
[117.272679] (-) TimerEvent: {}
[117.374553] (-) TimerEvent: {}
[117.476052] (-) TimerEvent: {}
[117.576695] (-) TimerEvent: {}
[117.677681] (-) TimerEvent: {}
[117.778344] (-) TimerEvent: {}
[117.879084] (-) TimerEvent: {}
[117.979792] (-) TimerEvent: {}
[118.080468] (-) TimerEvent: {}
[118.181161] (-) TimerEvent: {}
[118.281875] (-) TimerEvent: {}
[118.382530] (-) TimerEvent: {}
[118.483201] (-) TimerEvent: {}
[118.583929] (-) TimerEvent: {}
[118.684628] (-) TimerEvent: {}
[118.785316] (-) TimerEvent: {}
[118.887088] (-) TimerEvent: {}
[118.987773] (-) TimerEvent: {}
[119.088506] (-) TimerEvent: {}
[119.189220] (-) TimerEvent: {}
[119.289927] (-) TimerEvent: {}
[119.393129] (-) TimerEvent: {}
[119.494444] (-) TimerEvent: {}
[119.595492] (-) TimerEvent: {}
[119.696630] (-) TimerEvent: {}
[119.797822] (-) TimerEvent: {}
[119.898935] (-) TimerEvent: {}
[119.999913] (-) TimerEvent: {}
[120.100905] (-) TimerEvent: {}
[120.201860] (-) TimerEvent: {}
[120.303129] (-) TimerEvent: {}
[120.407007] (-) TimerEvent: {}
[120.522971] (-) TimerEvent: {}
[120.636265] (-) TimerEvent: {}
[120.736953] (-) TimerEvent: {}
[120.837596] (-) TimerEvent: {}
[120.938291] (-) TimerEvent: {}
[121.039004] (-) TimerEvent: {}
[121.141189] (-) TimerEvent: {}
[121.241944] (-) TimerEvent: {}
[121.342637] (-) TimerEvent: {}
[121.443933] (-) TimerEvent: {}
[121.545271] (-) TimerEvent: {}
[121.646378] (-) TimerEvent: {}
[121.747477] (-) TimerEvent: {}
[121.848199] (-) TimerEvent: {}
[121.948910] (-) TimerEvent: {}
[122.049709] (-) TimerEvent: {}
[122.150513] (-) TimerEvent: {}
[122.258774] (-) TimerEvent: {}
[122.365845] (-) TimerEvent: {}
[122.466542] (-) TimerEvent: {}
[122.567242] (-) TimerEvent: {}
[122.667932] (-) TimerEvent: {}
[122.768683] (-) TimerEvent: {}
[122.869416] (-) TimerEvent: {}
[122.970178] (-) TimerEvent: {}
[123.070890] (-) TimerEvent: {}
[123.171586] (-) TimerEvent: {}
[123.272267] (-) TimerEvent: {}
[123.372928] (-) TimerEvent: {}
[123.473592] (-) TimerEvent: {}
[123.574312] (-) TimerEvent: {}
[123.674988] (-) TimerEvent: {}
[123.775647] (-) TimerEvent: {}
[123.876309] (-) TimerEvent: {}
[123.976999] (-) TimerEvent: {}
[124.077694] (-) TimerEvent: {}
[124.178370] (-) TimerEvent: {}
[124.279024] (-) TimerEvent: {}
[124.379658] (-) TimerEvent: {}
[124.480338] (-) TimerEvent: {}
[124.581839] (-) TimerEvent: {}
[124.684904] (-) TimerEvent: {}
[124.785647] (-) TimerEvent: {}
[124.888962] (-) TimerEvent: {}
[124.989796] (-) TimerEvent: {}
[125.090516] (-) TimerEvent: {}
[125.191243] (-) TimerEvent: {}
[125.291971] (-) TimerEvent: {}
[125.392620] (-) TimerEvent: {}
[125.493297] (-) TimerEvent: {}
[125.594027] (-) TimerEvent: {}
[125.694712] (-) TimerEvent: {}
[125.795409] (-) TimerEvent: {}
[125.896059] (-) TimerEvent: {}
[125.996745] (-) TimerEvent: {}
[126.097447] (-) TimerEvent: {}
[126.198191] (-) TimerEvent: {}
[126.299003] (-) TimerEvent: {}
[126.399920] (-) TimerEvent: {}
[126.501074] (-) TimerEvent: {}
[126.601936] (-) TimerEvent: {}
[126.702977] (-) TimerEvent: {}
[126.803868] (-) TimerEvent: {}
[126.905398] (-) TimerEvent: {}
[127.006583] (-) TimerEvent: {}
[127.108280] (-) TimerEvent: {}
[127.209666] (-) TimerEvent: {}
[127.311325] (-) TimerEvent: {}
[127.412268] (-) TimerEvent: {}
[127.519657] (-) TimerEvent: {}
[127.620662] (-) TimerEvent: {}
[127.722301] (-) TimerEvent: {}
[127.823590] (-) TimerEvent: {}
[127.924579] (-) TimerEvent: {}
[128.025706] (-) TimerEvent: {}
[128.126739] (-) TimerEvent: {}
[128.227664] (-) TimerEvent: {}
[128.328706] (-) TimerEvent: {}
[128.429561] (-) TimerEvent: {}
[128.530489] (-) TimerEvent: {}
[128.631170] (-) TimerEvent: {}
[128.731906] (-) TimerEvent: {}
[128.832618] (-) TimerEvent: {}
[128.933421] (-) TimerEvent: {}
[129.034811] (-) TimerEvent: {}
[129.135526] (-) TimerEvent: {}
[129.236252] (-) TimerEvent: {}
[129.338444] (-) TimerEvent: {}
[129.439395] (-) TimerEvent: {}
[129.540351] (-) TimerEvent: {}
[129.641717] (-) TimerEvent: {}
[129.743292] (-) TimerEvent: {}
[129.844418] (-) TimerEvent: {}
[129.945712] (-) TimerEvent: {}
[130.046505] (-) TimerEvent: {}
[130.147462] (-) TimerEvent: {}
[130.248170] (-) TimerEvent: {}
[130.348897] (-) TimerEvent: {}
[130.449729] (-) TimerEvent: {}
[130.550434] (-) TimerEvent: {}
[130.651487] (-) TimerEvent: {}
[130.752209] (-) TimerEvent: {}
[130.852940] (-) TimerEvent: {}
[130.953932] (-) TimerEvent: {}
[131.054685] (-) TimerEvent: {}
[131.155398] (-) TimerEvent: {}
[131.256128] (-) TimerEvent: {}
[131.357127] (-) TimerEvent: {}
[131.457912] (-) TimerEvent: {}
[131.558636] (-) TimerEvent: {}
[131.660006] (-) TimerEvent: {}
[131.760706] (-) TimerEvent: {}
[131.861386] (-) TimerEvent: {}
[131.962192] (-) TimerEvent: {}
[132.062891] (-) TimerEvent: {}
[132.164222] (-) TimerEvent: {}
[132.272057] (-) TimerEvent: {}
[132.373286] (-) TimerEvent: {}
[132.474010] (-) TimerEvent: {}
[132.575066] (-) TimerEvent: {}
[132.675860] (-) TimerEvent: {}
[132.777761] (-) TimerEvent: {}
[132.878462] (-) TimerEvent: {}
[132.979164] (-) TimerEvent: {}
[133.079839] (-) TimerEvent: {}
[133.180610] (-) TimerEvent: {}
[133.281362] (-) TimerEvent: {}
[133.382218] (-) TimerEvent: {}
[133.482849] (-) TimerEvent: {}
[133.583500] (-) TimerEvent: {}
[133.684182] (-) TimerEvent: {}
[133.784838] (-) TimerEvent: {}
[133.885503] (-) TimerEvent: {}
[133.986207] (-) TimerEvent: {}
[134.086878] (-) TimerEvent: {}
[134.187560] (-) TimerEvent: {}
[134.288338] (-) TimerEvent: {}
[134.389019] (-) TimerEvent: {}
[134.489772] (-) TimerEvent: {}
[134.590762] (-) TimerEvent: {}
[134.692961] (-) TimerEvent: {}
[134.793667] (-) TimerEvent: {}
[134.894619] (-) TimerEvent: {}
[134.996093] (-) TimerEvent: {}
[135.097565] (-) TimerEvent: {}
[135.198600] (-) TimerEvent: {}
[135.299473] (-) TimerEvent: {}
[135.400128] (-) TimerEvent: {}
[135.500805] (-) TimerEvent: {}
[135.602361] (-) TimerEvent: {}
[135.703419] (-) TimerEvent: {}
[135.804313] (-) TimerEvent: {}
[135.905297] (-) TimerEvent: {}
[136.006357] (-) TimerEvent: {}
[136.107062] (-) TimerEvent: {}
[136.207822] (-) TimerEvent: {}
[136.308547] (-) TimerEvent: {}
[136.409239] (-) TimerEvent: {}
[136.510290] (-) TimerEvent: {}
[136.610965] (-) TimerEvent: {}
[136.723919] (-) TimerEvent: {}
[136.827971] (-) TimerEvent: {}
[136.929063] (-) TimerEvent: {}
[137.031745] (-) TimerEvent: {}
[137.132773] (-) TimerEvent: {}
[137.234192] (-) TimerEvent: {}
[137.336886] (-) TimerEvent: {}
[137.438451] (-) TimerEvent: {}
[137.539914] (-) TimerEvent: {}
[137.641577] (-) TimerEvent: {}
[137.746201] (-) TimerEvent: {}
[137.846872] (-) TimerEvent: {}
[137.947593] (-) TimerEvent: {}
[138.048289] (-) TimerEvent: {}
[138.149052] (-) TimerEvent: {}
[138.249796] (-) TimerEvent: {}
[138.350534] (-) TimerEvent: {}
[138.453940] (-) TimerEvent: {}
[138.554667] (-) TimerEvent: {}
[138.655403] (-) TimerEvent: {}
[138.756365] (-) TimerEvent: {}
[138.857079] (-) TimerEvent: {}
[138.957813] (-) TimerEvent: {}
[139.058516] (-) TimerEvent: {}
[139.159338] (-) TimerEvent: {}
[139.260566] (-) TimerEvent: {}
[139.361396] (-) TimerEvent: {}
[139.462263] (-) TimerEvent: {}
[139.562952] (-) TimerEvent: {}
[139.664765] (-) TimerEvent: {}
[139.765453] (-) TimerEvent: {}
[139.866189] (-) TimerEvent: {}
[139.966875] (-) TimerEvent: {}
[140.067529] (-) TimerEvent: {}
[140.168526] (-) TimerEvent: {}
[140.269226] (-) TimerEvent: {}
[140.369885] (-) TimerEvent: {}
[140.470558] (-) TimerEvent: {}
[140.572068] (-) TimerEvent: {}
[140.673907] (-) TimerEvent: {}
[140.775116] (-) TimerEvent: {}
[140.876952] (-) TimerEvent: {}
[140.978589] (-) TimerEvent: {}
[141.080255] (-) TimerEvent: {}
[141.182316] (-) TimerEvent: {}
[141.283130] (-) TimerEvent: {}
[141.384527] (-) TimerEvent: {}
[141.485204] (-) TimerEvent: {}
[141.586687] (-) TimerEvent: {}
[141.687374] (-) TimerEvent: {}
[141.788094] (-) TimerEvent: {}
[141.888792] (-) TimerEvent: {}
[141.989485] (-) TimerEvent: {}
[142.090562] (-) TimerEvent: {}
[142.191665] (-) TimerEvent: {}
[142.292470] (-) TimerEvent: {}
[142.393217] (-) TimerEvent: {}
[142.494243] (-) TimerEvent: {}
[142.595041] (-) TimerEvent: {}
[142.695830] (-) TimerEvent: {}
[142.796592] (-) TimerEvent: {}
[142.897321] (-) TimerEvent: {}
[142.998151] (-) TimerEvent: {}
[143.099255] (-) TimerEvent: {}
[143.200412] (-) TimerEvent: {}
[143.301204] (-) TimerEvent: {}
[143.402200] (-) TimerEvent: {}
[143.504589] (-) TimerEvent: {}
[143.606530] (-) TimerEvent: {}
[143.707904] (-) TimerEvent: {}
[143.808666] (-) TimerEvent: {}
[143.909412] (-) TimerEvent: {}
[144.010235] (-) TimerEvent: {}
[144.111120] (-) TimerEvent: {}
[144.211778] (-) TimerEvent: {}
[144.312504] (-) TimerEvent: {}
[144.413471] (-) TimerEvent: {}
[144.514188] (-) TimerEvent: {}
[144.614883] (-) TimerEvent: {}
[144.715593] (-) TimerEvent: {}
[144.818289] (-) TimerEvent: {}
[144.918941] (-) TimerEvent: {}
[145.019926] (-) TimerEvent: {}
[145.120959] (-) TimerEvent: {}
[145.222085] (-) TimerEvent: {}
[145.322954] (-) TimerEvent: {}
[145.423667] (-) TimerEvent: {}
[145.524561] (-) TimerEvent: {}
[145.625264] (-) TimerEvent: {}
[145.726312] (-) TimerEvent: {}
[145.827093] (-) TimerEvent: {}
[145.927986] (-) TimerEvent: {}
[146.029248] (-) TimerEvent: {}
[146.130461] (-) TimerEvent: {}
[146.231278] (-) TimerEvent: {}
[146.333139] (-) TimerEvent: {}
[146.435234] (-) TimerEvent: {}
[146.536081] (-) TimerEvent: {}
[146.636797] (-) TimerEvent: {}
[146.737794] (-) TimerEvent: {}
[146.838524] (-) TimerEvent: {}
[146.939454] (-) TimerEvent: {}
[147.040188] (-) TimerEvent: {}
[147.140901] (-) TimerEvent: {}
[147.241649] (-) TimerEvent: {}
[147.342395] (-) TimerEvent: {}
[147.443117] (-) TimerEvent: {}
[147.543842] (-) TimerEvent: {}
[147.644581] (-) TimerEvent: {}
[147.745934] (-) TimerEvent: {}
[147.847220] (-) TimerEvent: {}
[147.947952] (-) TimerEvent: {}
[148.048663] (-) TimerEvent: {}
[148.153820] (-) TimerEvent: {}
[148.254524] (-) TimerEvent: {}
[148.355229] (-) TimerEvent: {}
[148.455940] (-) TimerEvent: {}
[148.556655] (-) TimerEvent: {}
[148.657423] (-) TimerEvent: {}
[148.758333] (-) TimerEvent: {}
[148.859069] (-) TimerEvent: {}
[148.959741] (-) TimerEvent: {}
[149.060417] (-) TimerEvent: {}
[149.161429] (-) TimerEvent: {}
[149.262150] (-) TimerEvent: {}
[149.362858] (-) TimerEvent: {}
[149.463635] (-) TimerEvent: {}
[149.564388] (-) TimerEvent: {}
[149.665141] (-) TimerEvent: {}
[149.765864] (-) TimerEvent: {}
[149.866601] (-) TimerEvent: {}
[149.967309] (-) TimerEvent: {}
[150.068011] (-) TimerEvent: {}
[150.168711] (-) TimerEvent: {}
[150.269411] (-) TimerEvent: {}
[150.370176] (-) TimerEvent: {}
[150.470868] (-) TimerEvent: {}
[150.571562] (-) TimerEvent: {}
[150.672271] (-) TimerEvent: {}
[150.772992] (-) TimerEvent: {}
[150.873685] (-) TimerEvent: {}
[150.974359] (-) TimerEvent: {}
[151.075081] (-) TimerEvent: {}
[151.175777] (-) TimerEvent: {}
[151.276450] (-) TimerEvent: {}
[151.377102] (-) TimerEvent: {}
[151.477776] (-) TimerEvent: {}
[151.578471] (-) TimerEvent: {}
[151.679181] (-) TimerEvent: {}
[151.779918] (-) TimerEvent: {}
[151.880590] (-) TimerEvent: {}
[151.981266] (-) TimerEvent: {}
[152.081943] (-) TimerEvent: {}
[152.182605] (-) TimerEvent: {}
[152.283290] (-) TimerEvent: {}
[152.383985] (-) TimerEvent: {}
[152.484676] (-) TimerEvent: {}
[152.585350] (-) TimerEvent: {}
[152.686190] (-) TimerEvent: {}
[152.786884] (-) TimerEvent: {}
[152.887612] (-) TimerEvent: {}
[152.988306] (-) TimerEvent: {}
[153.089023] (-) TimerEvent: {}
[153.189752] (-) TimerEvent: {}
[153.290488] (-) TimerEvent: {}
[153.391224] (-) TimerEvent: {}
[153.491910] (-) TimerEvent: {}
[153.592607] (-) TimerEvent: {}
[153.693281] (-) TimerEvent: {}
[153.794024] (-) TimerEvent: {}
[153.894733] (-) TimerEvent: {}
[153.995423] (-) TimerEvent: {}
[154.096136] (-) TimerEvent: {}
[154.197324] (-) TimerEvent: {}
[154.298150] (-) TimerEvent: {}
[154.398826] (-) TimerEvent: {}
[154.499542] (-) TimerEvent: {}
[154.600227] (-) TimerEvent: {}
[154.700939] (-) TimerEvent: {}
[154.801635] (-) TimerEvent: {}
[154.902286] (-) TimerEvent: {}
[155.002939] (-) TimerEvent: {}
[155.103599] (-) TimerEvent: {}
[155.204290] (-) TimerEvent: {}
[155.305025] (-) TimerEvent: {}
[155.405773] (-) TimerEvent: {}
[155.506747] (-) TimerEvent: {}
[155.607514] (-) TimerEvent: {}
[155.708340] (-) TimerEvent: {}
[155.809053] (-) TimerEvent: {}
[155.909770] (-) TimerEvent: {}
[156.010446] (-) TimerEvent: {}
[156.111161] (-) TimerEvent: {}
[156.212018] (-) TimerEvent: {}
[156.312782] (-) TimerEvent: {}
[156.413463] (-) TimerEvent: {}
[156.514166] (-) TimerEvent: {}
[156.614860] (-) TimerEvent: {}
[156.715572] (-) TimerEvent: {}
[156.816274] (-) TimerEvent: {}
[156.916983] (-) TimerEvent: {}
[157.017701] (-) TimerEvent: {}
[157.118441] (-) TimerEvent: {}
[157.219180] (-) TimerEvent: {}
[157.319866] (-) TimerEvent: {}
[157.420547] (-) TimerEvent: {}
[157.521207] (-) TimerEvent: {}
[157.621900] (-) TimerEvent: {}
[157.723340] (-) TimerEvent: {}
[157.824212] (-) TimerEvent: {}
[157.925378] (-) TimerEvent: {}
[158.026842] (-) TimerEvent: {}
[158.127881] (-) TimerEvent: {}
[158.228814] (-) TimerEvent: {}
[158.329752] (-) TimerEvent: {}
[158.432907] (-) TimerEvent: {}
[158.533809] (-) TimerEvent: {}
[158.634804] (-) TimerEvent: {}
[158.735877] (-) TimerEvent: {}
[158.837044] (-) TimerEvent: {}
[158.938158] (-) TimerEvent: {}
[159.039415] (-) TimerEvent: {}
[159.140318] (-) TimerEvent: {}
[159.241286] (-) TimerEvent: {}
[159.342563] (-) TimerEvent: {}
[159.443361] (-) TimerEvent: {}
[159.544323] (-) TimerEvent: {}
[159.645706] (-) TimerEvent: {}
[159.746796] (-) TimerEvent: {}
[159.847791] (-) TimerEvent: {}
[159.948860] (-) TimerEvent: {}
[160.049916] (-) TimerEvent: {}
[160.150646] (-) TimerEvent: {}
[160.251426] (-) TimerEvent: {}
[160.352167] (-) TimerEvent: {}
[160.453066] (-) TimerEvent: {}
[160.554199] (-) TimerEvent: {}
[160.658989] (-) TimerEvent: {}
[160.759973] (-) TimerEvent: {}
[160.860722] (-) TimerEvent: {}
[160.961437] (-) TimerEvent: {}
[161.062147] (-) TimerEvent: {}
[161.162832] (-) TimerEvent: {}
[161.263875] (-) TimerEvent: {}
[161.364558] (-) TimerEvent: {}
[161.465580] (-) TimerEvent: {}
[161.566273] (-) TimerEvent: {}
[161.667412] (-) TimerEvent: {}
[161.768285] (-) TimerEvent: {}
[161.869407] (-) TimerEvent: {}
[161.970098] (-) TimerEvent: {}
[162.072412] (-) TimerEvent: {}
[162.173113] (-) TimerEvent: {}
[162.273859] (-) TimerEvent: {}
[162.374489] (-) TimerEvent: {}
[162.475138] (-) TimerEvent: {}
[162.575802] (-) TimerEvent: {}
[162.676511] (-) TimerEvent: {}
[162.777227] (-) TimerEvent: {}
[162.878116] (-) TimerEvent: {}
[162.981448] (-) TimerEvent: {}
[163.082385] (-) TimerEvent: {}
[163.183676] (-) TimerEvent: {}
[163.284805] (-) TimerEvent: {}
[163.385444] (-) TimerEvent: {}
[163.486143] (-) TimerEvent: {}
[163.586783] (-) TimerEvent: {}
[163.687484] (-) TimerEvent: {}
[163.788257] (-) TimerEvent: {}
[163.888977] (-) TimerEvent: {}
[163.989789] (-) TimerEvent: {}
[164.090494] (-) TimerEvent: {}
[164.191198] (-) TimerEvent: {}
[164.291924] (-) TimerEvent: {}
[164.392949] (-) TimerEvent: {}
[164.493745] (-) TimerEvent: {}
[164.594728] (-) TimerEvent: {}
[164.695604] (-) TimerEvent: {}
[164.796388] (-) TimerEvent: {}
[164.897132] (-) TimerEvent: {}
[164.997947] (-) TimerEvent: {}
[165.098725] (-) TimerEvent: {}
[165.199575] (-) TimerEvent: {}
[165.300286] (-) TimerEvent: {}
[165.401517] (-) TimerEvent: {}
[165.502284] (-) TimerEvent: {}
[165.604296] (-) TimerEvent: {}
[165.705145] (-) TimerEvent: {}
[165.806208] (-) TimerEvent: {}
[165.907230] (-) TimerEvent: {}
[166.007977] (-) TimerEvent: {}
[166.109027] (-) TimerEvent: {}
[166.210017] (-) TimerEvent: {}
[166.311214] (-) TimerEvent: {}
[166.411899] (-) TimerEvent: {}
[166.512602] (-) TimerEvent: {}
[166.613556] (-) TimerEvent: {}
[166.714616] (-) TimerEvent: {}
[166.815276] (-) TimerEvent: {}
[166.916539] (-) TimerEvent: {}
[167.017590] (-) TimerEvent: {}
[167.118454] (-) TimerEvent: {}
[167.219778] (-) TimerEvent: {}
[167.320709] (-) TimerEvent: {}
[167.422868] (-) TimerEvent: {}
[167.528897] (-) TimerEvent: {}
[167.631305] (-) TimerEvent: {}
[167.733159] (-) TimerEvent: {}
[167.865910] (-) TimerEvent: {}
[167.966558] (-) TimerEvent: {}
[168.069894] (-) TimerEvent: {}
[168.170614] (-) TimerEvent: {}
[168.271460] (-) TimerEvent: {}
[168.372215] (-) TimerEvent: {}
[168.472881] (-) TimerEvent: {}
[168.573562] (-) TimerEvent: {}
[168.674271] (-) TimerEvent: {}
[168.774943] (-) TimerEvent: {}
[168.875725] (-) TimerEvent: {}
[168.976389] (-) TimerEvent: {}
[169.077042] (-) TimerEvent: {}
[169.177733] (-) TimerEvent: {}
[169.278387] (-) TimerEvent: {}
[169.379049] (-) TimerEvent: {}
[169.532730] (-) TimerEvent: {}
[169.633899] (-) TimerEvent: {}
[169.735047] (-) TimerEvent: {}
[169.836270] (-) TimerEvent: {}
[169.936983] (-) TimerEvent: {}
[170.041031] (-) TimerEvent: {}
[170.142255] (-) TimerEvent: {}
[170.242927] (-) TimerEvent: {}
[170.343975] (-) TimerEvent: {}
[170.445377] (-) TimerEvent: {}
[170.546272] (-) TimerEvent: {}
[170.647747] (-) TimerEvent: {}
[170.753800] (-) TimerEvent: {}
[170.854536] (-) TimerEvent: {}
[170.955275] (-) TimerEvent: {}
[171.055986] (-) TimerEvent: {}
[171.157023] (-) TimerEvent: {}
[171.257784] (-) TimerEvent: {}
[171.358465] (-) TimerEvent: {}
[171.461759] (-) TimerEvent: {}
[171.564954] (-) TimerEvent: {}
[171.666078] (-) TimerEvent: {}
[171.767193] (-) TimerEvent: {}
[171.868213] (-) TimerEvent: {}
[171.968930] (-) TimerEvent: {}
[172.069846] (-) TimerEvent: {}
[172.171618] (-) TimerEvent: {}
[172.272581] (-) TimerEvent: {}
[172.373550] (-) TimerEvent: {}
[172.474261] (-) TimerEvent: {}
[172.575253] (-) TimerEvent: {}
[172.675972] (-) TimerEvent: {}
[172.776652] (-) TimerEvent: {}
[172.877917] (-) TimerEvent: {}
[172.979042] (-) TimerEvent: {}
[173.079751] (-) TimerEvent: {}
[173.180842] (-) TimerEvent: {}
[173.282009] (-) TimerEvent: {}
[173.382984] (-) TimerEvent: {}
[173.484009] (-) TimerEvent: {}
[173.585046] (-) TimerEvent: {}
[173.685748] (-) TimerEvent: {}
[173.786639] (-) TimerEvent: {}
[173.887304] (-) TimerEvent: {}
[173.988111] (-) TimerEvent: {}
[174.088768] (-) TimerEvent: {}
[174.189429] (-) TimerEvent: {}
[174.290132] (-) TimerEvent: {}
[174.393776] (-) TimerEvent: {}
[174.495532] (-) TimerEvent: {}
[174.596246] (-) TimerEvent: {}
[174.696902] (-) TimerEvent: {}
[174.797582] (-) TimerEvent: {}
[174.898839] (-) TimerEvent: {}
[175.000077] (-) TimerEvent: {}
[175.101343] (-) TimerEvent: {}
[175.202074] (-) TimerEvent: {}
[175.302782] (-) TimerEvent: {}
[175.403597] (-) TimerEvent: {}
[175.504314] (-) TimerEvent: {}
[175.605258] (-) TimerEvent: {}
[175.705983] (-) TimerEvent: {}
[175.806745] (-) TimerEvent: {}
[175.907460] (-) TimerEvent: {}
[176.008206] (-) TimerEvent: {}
[176.108881] (-) TimerEvent: {}
[176.209555] (-) TimerEvent: {}
[176.310538] (-) TimerEvent: {}
[176.411208] (-) TimerEvent: {}
[176.511891] (-) TimerEvent: {}
[176.612560] (-) TimerEvent: {}
[176.713517] (-) TimerEvent: {}
[176.814737] (-) TimerEvent: {}
[176.915737] (-) TimerEvent: {}
[177.016393] (-) TimerEvent: {}
[177.117043] (-) TimerEvent: {}
[177.217718] (-) TimerEvent: {}
[177.318467] (-) TimerEvent: {}
[177.419128] (-) TimerEvent: {}
[177.519803] (-) TimerEvent: {}
[177.620476] (-) TimerEvent: {}
[177.721151] (-) TimerEvent: {}
[177.821826] (-) TimerEvent: {}
[177.922541] (-) TimerEvent: {}
[178.023183] (-) TimerEvent: {}
[178.124024] (-) TimerEvent: {}
[178.224993] (-) TimerEvent: {}
[178.326234] (-) TimerEvent: {}
[178.430944] (-) TimerEvent: {}
[178.531957] (-) TimerEvent: {}
[178.633012] (-) TimerEvent: {}
[178.733786] (-) TimerEvent: {}
[178.834504] (-) TimerEvent: {}
[178.935478] (-) TimerEvent: {}
[179.036445] (-) TimerEvent: {}
[179.139006] (-) TimerEvent: {}
[179.239755] (-) TimerEvent: {}
[179.340464] (-) TimerEvent: {}
[179.441264] (-) TimerEvent: {}
[179.542000] (-) TimerEvent: {}
[179.642749] (-) TimerEvent: {}
[179.743663] (-) TimerEvent: {}
[179.844770] (-) TimerEvent: {}
[179.946309] (-) TimerEvent: {}
[180.047552] (-) TimerEvent: {}
[180.149784] (-) TimerEvent: {}
[180.250759] (-) TimerEvent: {}
[180.352073] (-) TimerEvent: {}
[180.452800] (-) TimerEvent: {}
[180.553545] (-) TimerEvent: {}
[180.654289] (-) TimerEvent: {}
[180.755047] (-) TimerEvent: {}
[180.855788] (-) TimerEvent: {}
[180.956489] (-) TimerEvent: {}
[181.057173] (-) TimerEvent: {}
[181.157956] (-) TimerEvent: {}
[181.258729] (-) TimerEvent: {}
[181.359409] (-) TimerEvent: {}
[181.460403] (-) TimerEvent: {}
[181.561120] (-) TimerEvent: {}
[181.661990] (-) TimerEvent: {}
[181.762666] (-) TimerEvent: {}
[181.863859] (-) TimerEvent: {}
[181.964877] (-) TimerEvent: {}
[182.065993] (-) TimerEvent: {}
[182.166631] (-) TimerEvent: {}
[182.267282] (-) TimerEvent: {}
[182.367942] (-) TimerEvent: {}
[182.468637] (-) TimerEvent: {}
[182.569274] (-) TimerEvent: {}
[182.669902] (-) TimerEvent: {}
[182.770539] (-) TimerEvent: {}
[182.871158] (-) TimerEvent: {}
[182.971777] (-) TimerEvent: {}
[183.072418] (-) TimerEvent: {}
[183.173242] (-) TimerEvent: {}
[183.274198] (-) TimerEvent: {}
[183.375678] (-) TimerEvent: {}
[183.476533] (-) TimerEvent: {}
[183.577234] (-) TimerEvent: {}
[183.678208] (-) TimerEvent: {}
[183.778844] (-) TimerEvent: {}
[183.879468] (-) TimerEvent: {}
[183.980127] (-) TimerEvent: {}
[184.081050] (-) TimerEvent: {}
[184.182092] (-) TimerEvent: {}
[184.282785] (-) TimerEvent: {}
[184.383467] (-) TimerEvent: {}
[184.484463] (-) TimerEvent: {}
[184.585389] (-) TimerEvent: {}
[184.686246] (-) TimerEvent: {}
[184.786938] (-) TimerEvent: {}
[184.887622] (-) TimerEvent: {}
[184.988672] (-) TimerEvent: {}
[185.089661] (-) TimerEvent: {}
[185.190747] (-) TimerEvent: {}
[185.291419] (-) TimerEvent: {}
[185.392189] (-) TimerEvent: {}
[185.492809] (-) TimerEvent: {}
[185.595041] (-) TimerEvent: {}
[185.695723] (-) TimerEvent: {}
[185.796383] (-) TimerEvent: {}
[185.897036] (-) TimerEvent: {}
[185.997746] (-) TimerEvent: {}
[186.098496] (-) TimerEvent: {}
[186.199297] (-) TimerEvent: {}
[186.299982] (-) TimerEvent: {}
[186.400750] (-) TimerEvent: {}
[186.501477] (-) TimerEvent: {}
[186.602515] (-) TimerEvent: {}
[186.703293] (-) TimerEvent: {}
[186.804142] (-) TimerEvent: {}
[186.904840] (-) TimerEvent: {}
[187.005494] (-) TimerEvent: {}
[187.106331] (-) TimerEvent: {}
[187.209856] (-) TimerEvent: {}
[187.311284] (-) TimerEvent: {}
[187.412348] (-) TimerEvent: {}
[187.513749] (-) TimerEvent: {}
[187.614860] (-) TimerEvent: {}
[187.715551] (-) TimerEvent: {}
[187.816822] (-) TimerEvent: {}
[187.917484] (-) TimerEvent: {}
[188.018270] (-) TimerEvent: {}
[188.118995] (-) TimerEvent: {}
[188.220114] (-) TimerEvent: {}
[188.320861] (-) TimerEvent: {}
[188.421539] (-) TimerEvent: {}
[188.522477] (-) TimerEvent: {}
[188.624049] (-) TimerEvent: {}
[188.724862] (-) TimerEvent: {}
[188.825570] (-) TimerEvent: {}
[188.926319] (-) TimerEvent: {}
[189.026996] (-) TimerEvent: {}
[189.127691] (-) TimerEvent: {}
[189.229644] (-) TimerEvent: {}
[189.330333] (-) TimerEvent: {}
[189.431166] (-) TimerEvent: {}
[189.533026] (-) TimerEvent: {}
[189.634447] (-) TimerEvent: {}
[189.735391] (-) TimerEvent: {}
[189.836129] (-) TimerEvent: {}
[189.936945] (-) TimerEvent: {}
[190.037929] (-) TimerEvent: {}
[190.138717] (-) TimerEvent: {}
[190.239529] (-) TimerEvent: {}
[190.342732] (-) TimerEvent: {}
[190.443933] (-) TimerEvent: {}
[190.544940] (-) TimerEvent: {}
[190.646211] (-) TimerEvent: {}
[190.747147] (-) TimerEvent: {}
[190.848320] (-) TimerEvent: {}
[190.949002] (-) TimerEvent: {}
[191.050145] (-) TimerEvent: {}
[191.151114] (-) TimerEvent: {}
[191.252044] (-) TimerEvent: {}
[191.352744] (-) TimerEvent: {}
[191.453476] (-) TimerEvent: {}
[191.554231] (-) TimerEvent: {}
[191.654985] (-) TimerEvent: {}
[191.755952] (-) TimerEvent: {}
[191.856727] (-) TimerEvent: {}
[191.957667] (-) TimerEvent: {}
[192.058357] (-) TimerEvent: {}
[192.160106] (-) TimerEvent: {}
[192.261441] (-) TimerEvent: {}
[192.362192] (-) TimerEvent: {}
[192.462903] (-) TimerEvent: {}
[192.563559] (-) TimerEvent: {}
[192.664392] (-) TimerEvent: {}
[192.765068] (-) TimerEvent: {}
[192.865759] (-) TimerEvent: {}
[192.966430] (-) TimerEvent: {}
[193.067137] (-) TimerEvent: {}
[193.169294] (-) TimerEvent: {}
[193.270022] (-) TimerEvent: {}
[193.370659] (-) TimerEvent: {}
[193.471350] (-) TimerEvent: {}
[193.572007] (-) TimerEvent: {}
[193.672662] (-) TimerEvent: {}
[193.773784] (-) TimerEvent: {}
[193.874423] (-) TimerEvent: {}
[193.975086] (-) TimerEvent: {}
[194.076683] (-) TimerEvent: {}
[194.185432] (-) TimerEvent: {}
[194.287448] (-) TimerEvent: {}
[194.388143] (-) TimerEvent: {}
[194.489035] (-) TimerEvent: {}
[194.590073] (-) TimerEvent: {}
[194.690778] (-) TimerEvent: {}
[194.791515] (-) TimerEvent: {}
[194.892167] (-) TimerEvent: {}
[194.992876] (-) TimerEvent: {}
[195.098316] (-) TimerEvent: {}
[195.199274] (-) TimerEvent: {}
[195.299984] (-) TimerEvent: {}
[195.400634] (-) TimerEvent: {}
[195.501303] (-) TimerEvent: {}
[195.602659] (-) TimerEvent: {}
[195.703354] (-) TimerEvent: {}
[195.804014] (-) TimerEvent: {}
[195.904690] (-) TimerEvent: {}
[196.005408] (-) TimerEvent: {}
[196.106138] (-) TimerEvent: {}
[196.206932] (-) TimerEvent: {}
[196.307859] (-) TimerEvent: {}
[196.408808] (-) TimerEvent: {}
[196.509705] (-) TimerEvent: {}
[196.610391] (-) TimerEvent: {}
[196.711310] (-) TimerEvent: {}
[196.811961] (-) TimerEvent: {}
[196.914454] (-) TimerEvent: {}
[197.015796] (-) TimerEvent: {}
[197.117066] (-) TimerEvent: {}
[197.218035] (-) TimerEvent: {}
[197.318971] (-) TimerEvent: {}
[197.420394] (-) TimerEvent: {}
[197.521446] (-) TimerEvent: {}
[197.622342] (-) TimerEvent: {}
[197.723139] (-) TimerEvent: {}
[197.824362] (-) TimerEvent: {}
[197.925694] (-) TimerEvent: {}
[198.026589] (-) TimerEvent: {}
[198.127779] (-) TimerEvent: {}
[198.229949] (-) TimerEvent: {}
[198.331472] (-) TimerEvent: {}
[198.432342] (-) TimerEvent: {}
[198.533281] (-) TimerEvent: {}
[198.634045] (-) TimerEvent: {}
[198.734744] (-) TimerEvent: {}
[198.835769] (-) TimerEvent: {}
[198.936445] (-) TimerEvent: {}
[199.037133] (-) TimerEvent: {}
[199.137867] (-) TimerEvent: {}
[199.238588] (-) TimerEvent: {}
[199.339604] (-) TimerEvent: {}
[199.440324] (-) TimerEvent: {}
[199.541010] (-) TimerEvent: {}
[199.641755] (-) TimerEvent: {}
[199.742460] (-) TimerEvent: {}
[199.843136] (-) TimerEvent: {}
[199.943803] (-) TimerEvent: {}
[200.044530] (-) TimerEvent: {}
[200.145212] (-) TimerEvent: {}
[200.246024] (-) TimerEvent: {}
[200.346773] (-) TimerEvent: {}
[200.448025] (-) TimerEvent: {}
[200.549381] (-) TimerEvent: {}
[200.650819] (-) TimerEvent: {}
[200.752218] (-) TimerEvent: {}
[200.853423] (-) TimerEvent: {}
[200.954120] (-) TimerEvent: {}
[201.054820] (-) TimerEvent: {}
[201.155527] (-) TimerEvent: {}
[201.256207] (-) TimerEvent: {}
[201.364510] (-) TimerEvent: {}
[201.465182] (-) TimerEvent: {}
[201.565883] (-) TimerEvent: {}
[201.667064] (-) TimerEvent: {}
[201.767699] (-) TimerEvent: {}
[201.868361] (-) TimerEvent: {}
[201.969114] (-) TimerEvent: {}
[202.070438] (-) TimerEvent: {}
[202.171125] (-) TimerEvent: {}
[202.271822] (-) TimerEvent: {}
[202.372528] (-) TimerEvent: {}
[202.473749] (-) TimerEvent: {}
[202.575133] (-) TimerEvent: {}
[202.677916] (-) TimerEvent: {}
[202.780306] (-) TimerEvent: {}
[202.881217] (-) TimerEvent: {}
[202.982306] (-) TimerEvent: {}
[203.083000] (-) TimerEvent: {}
[203.184156] (-) TimerEvent: {}
[203.284848] (-) TimerEvent: {}
[203.385769] (-) TimerEvent: {}
[203.486478] (-) TimerEvent: {}
[203.587145] (-) TimerEvent: {}
[203.687790] (-) TimerEvent: {}
[203.788453] (-) TimerEvent: {}
[203.889134] (-) TimerEvent: {}
[203.989827] (-) TimerEvent: {}
[204.090499] (-) TimerEvent: {}
[204.191238] (-) TimerEvent: {}
[204.292258] (-) TimerEvent: {}
[204.392921] (-) TimerEvent: {}
[204.493662] (-) TimerEvent: {}
[204.594837] (-) TimerEvent: {}
[204.695799] (-) TimerEvent: {}
[204.796470] (-) TimerEvent: {}
[204.898009] (-) TimerEvent: {}
[204.998712] (-) TimerEvent: {}
[205.099421] (-) TimerEvent: {}
[205.200127] (-) TimerEvent: {}
[205.301781] (-) TimerEvent: {}
[205.406054] (-) TimerEvent: {}
[205.506759] (-) TimerEvent: {}
[205.607493] (-) TimerEvent: {}
[205.708197] (-) TimerEvent: {}
[205.808910] (-) TimerEvent: {}
[205.909862] (-) TimerEvent: {}
[206.010563] (-) TimerEvent: {}
[206.111553] (-) TimerEvent: {}
[206.212292] (-) TimerEvent: {}
[206.312997] (-) TimerEvent: {}
[206.414183] (-) TimerEvent: {}
[206.514864] (-) TimerEvent: {}
[206.615505] (-) TimerEvent: {}
[206.716162] (-) TimerEvent: {}
[206.816834] (-) TimerEvent: {}
[206.917478] (-) TimerEvent: {}
[207.018115] (-) TimerEvent: {}
[207.118800] (-) TimerEvent: {}
[207.219467] (-) TimerEvent: {}
[207.320127] (-) TimerEvent: {}
[207.420824] (-) TimerEvent: {}
[207.521664] (-) TimerEvent: {}
[207.622344] (-) TimerEvent: {}
[207.723101] (-) TimerEvent: {}
[207.825776] (-) TimerEvent: {}
[207.926509] (-) TimerEvent: {}
[208.027209] (-) TimerEvent: {}
[208.128059] (-) TimerEvent: {}
[208.228756] (-) TimerEvent: {}
[208.329792] (-) TimerEvent: {}
[208.430523] (-) TimerEvent: {}
[208.531273] (-) TimerEvent: {}
[208.631981] (-) TimerEvent: {}
[208.732697] (-) TimerEvent: {}
[208.833453] (-) TimerEvent: {}
[208.934178] (-) TimerEvent: {}
[209.034899] (-) TimerEvent: {}
[209.135618] (-) TimerEvent: {}
[209.236350] (-) TimerEvent: {}
[209.337072] (-) TimerEvent: {}
[209.437821] (-) TimerEvent: {}
[209.538961] (-) TimerEvent: {}
[209.639740] (-) TimerEvent: {}
[209.740761] (-) TimerEvent: {}
[209.841514] (-) TimerEvent: {}
[209.942256] (-) TimerEvent: {}
[210.042972] (-) TimerEvent: {}
[210.143680] (-) TimerEvent: {}
[210.244397] (-) TimerEvent: {}
[210.345166] (-) TimerEvent: {}
[210.446050] (-) TimerEvent: {}
[210.553005] (-) TimerEvent: {}
[210.667339] (-) TimerEvent: {}
[210.768016] (-) TimerEvent: {}
[210.868654] (-) TimerEvent: {}
[210.969490] (-) TimerEvent: {}
[211.070131] (-) TimerEvent: {}
[211.084344] (grab_demo) StdoutLine: {'line': b'[ 42%] \x1b[32m\x1b[1mLinking CXX executable aruco_dectet\x1b[0m\n'}
[211.170310] (-) TimerEvent: {}
[211.271136] (-) TimerEvent: {}
[211.372364] (-) TimerEvent: {}
[211.477864] (-) TimerEvent: {}
[211.578591] (-) TimerEvent: {}
[211.679342] (-) TimerEvent: {}
[211.780295] (-) TimerEvent: {}
[211.881275] (-) TimerEvent: {}
[211.982623] (-) TimerEvent: {}
[212.083280] (-) TimerEvent: {}
[212.185161] (-) TimerEvent: {}
[212.286240] (-) TimerEvent: {}
[212.387219] (-) TimerEvent: {}
[212.501787] (-) TimerEvent: {}
[212.604382] (-) TimerEvent: {}
[212.705727] (-) TimerEvent: {}
[212.806379] (-) TimerEvent: {}
[212.907035] (-) TimerEvent: {}
[213.009159] (-) TimerEvent: {}
[213.110110] (-) TimerEvent: {}
[213.211272] (-) TimerEvent: {}
[213.311923] (-) TimerEvent: {}
[213.412583] (-) TimerEvent: {}
[213.514333] (-) TimerEvent: {}
[213.616076] (-) TimerEvent: {}
[213.717267] (-) TimerEvent: {}
[213.818763] (-) TimerEvent: {}
[213.929757] (-) TimerEvent: {}
[214.030641] (-) TimerEvent: {}
[214.131318] (-) TimerEvent: {}
[214.232038] (-) TimerEvent: {}
[214.333789] (-) TimerEvent: {}
[214.434601] (-) TimerEvent: {}
[214.536299] (-) TimerEvent: {}
[214.637064] (-) TimerEvent: {}
[214.738623] (-) TimerEvent: {}
[214.839502] (-) TimerEvent: {}
[214.940611] (-) TimerEvent: {}
[214.952278] (grab_demo) StdoutLine: {'line': b'[ 42%] Built target aruco_dectet\n'}
[215.040778] (-) TimerEvent: {}
[215.143128] (-) TimerEvent: {}
[215.244084] (-) TimerEvent: {}
[215.344944] (-) TimerEvent: {}
[215.446066] (-) TimerEvent: {}
[215.546850] (-) TimerEvent: {}
[215.648203] (-) TimerEvent: {}
[215.750283] (-) TimerEvent: {}
[215.851093] (-) TimerEvent: {}
[215.951845] (-) TimerEvent: {}
[216.052738] (-) TimerEvent: {}
[216.153453] (-) TimerEvent: {}
[216.254239] (-) TimerEvent: {}
[216.354924] (-) TimerEvent: {}
[216.455626] (-) TimerEvent: {}
[216.556334] (-) TimerEvent: {}
[216.662166] (-) TimerEvent: {}
[216.762799] (-) TimerEvent: {}
[216.863697] (-) TimerEvent: {}
[216.964501] (-) TimerEvent: {}
[217.065435] (-) TimerEvent: {}
[217.166094] (-) TimerEvent: {}
[217.266736] (-) TimerEvent: {}
[217.367383] (-) TimerEvent: {}
[217.469587] (-) TimerEvent: {}
[217.570398] (-) TimerEvent: {}
[217.671307] (-) TimerEvent: {}
[217.772021] (-) TimerEvent: {}
[217.873061] (-) TimerEvent: {}
[217.973960] (-) TimerEvent: {}
[218.074615] (-) TimerEvent: {}
[218.175359] (-) TimerEvent: {}
[218.276143] (-) TimerEvent: {}
[218.376819] (-) TimerEvent: {}
[218.477673] (-) TimerEvent: {}
[218.578472] (-) TimerEvent: {}
[218.679605] (-) TimerEvent: {}
[218.780265] (-) TimerEvent: {}
[218.880948] (-) TimerEvent: {}
[218.981659] (-) TimerEvent: {}
[219.082321] (-) TimerEvent: {}
[219.183031] (-) TimerEvent: {}
[219.283757] (-) TimerEvent: {}
[219.384402] (-) TimerEvent: {}
[219.485031] (-) TimerEvent: {}
[219.585697] (-) TimerEvent: {}
[219.686346] (-) TimerEvent: {}
[219.787032] (-) TimerEvent: {}
[219.887687] (-) TimerEvent: {}
[219.988311] (-) TimerEvent: {}
[220.088973] (-) TimerEvent: {}
[220.189674] (-) TimerEvent: {}
[220.290497] (-) TimerEvent: {}
[220.391131] (-) TimerEvent: {}
[220.492370] (-) TimerEvent: {}
[220.593248] (-) TimerEvent: {}
[220.694289] (-) TimerEvent: {}
[220.795316] (-) TimerEvent: {}
[220.896382] (-) TimerEvent: {}
[220.997382] (-) TimerEvent: {}
[221.098255] (-) TimerEvent: {}
[221.199126] (-) TimerEvent: {}
[221.299953] (-) TimerEvent: {}
[221.400833] (-) TimerEvent: {}
[221.501695] (-) TimerEvent: {}
[221.602738] (-) TimerEvent: {}
[221.703477] (-) TimerEvent: {}
[221.804228] (-) TimerEvent: {}
[221.905160] (-) TimerEvent: {}
[222.006319] (-) TimerEvent: {}
[222.106970] (-) TimerEvent: {}
[222.208155] (-) TimerEvent: {}
[222.308832] (-) TimerEvent: {}
[222.409469] (-) TimerEvent: {}
[222.510159] (-) TimerEvent: {}
[222.610857] (-) TimerEvent: {}
[222.711561] (-) TimerEvent: {}
[222.812222] (-) TimerEvent: {}
[222.913190] (-) TimerEvent: {}
[223.014143] (-) TimerEvent: {}
[223.114783] (-) TimerEvent: {}
[223.215454] (-) TimerEvent: {}
[223.317935] (-) TimerEvent: {}
[223.418638] (-) TimerEvent: {}
[223.519360] (-) TimerEvent: {}
[223.620077] (-) TimerEvent: {}
[223.720791] (-) TimerEvent: {}
[223.821474] (-) TimerEvent: {}
[223.922235] (-) TimerEvent: {}
[224.022888] (-) TimerEvent: {}
[224.123618] (-) TimerEvent: {}
[224.224625] (-) TimerEvent: {}
[224.325947] (-) TimerEvent: {}
[224.426812] (-) TimerEvent: {}
[224.527537] (-) TimerEvent: {}
[224.628275] (-) TimerEvent: {}
[224.729193] (-) TimerEvent: {}
[224.829944] (-) TimerEvent: {}
[224.930649] (-) TimerEvent: {}
[225.031345] (-) TimerEvent: {}
[225.132092] (-) TimerEvent: {}
[225.232825] (-) TimerEvent: {}
[225.333503] (-) TimerEvent: {}
[225.434268] (-) TimerEvent: {}
[225.534970] (-) TimerEvent: {}
[225.635706] (-) TimerEvent: {}
[225.736625] (-) TimerEvent: {}
[225.837634] (-) TimerEvent: {}
[225.938586] (-) TimerEvent: {}
[226.039445] (-) TimerEvent: {}
[226.140290] (-) TimerEvent: {}
[226.240992] (-) TimerEvent: {}
[226.342538] (-) TimerEvent: {}
[226.443244] (-) TimerEvent: {}
[226.544284] (-) TimerEvent: {}
[226.645304] (-) TimerEvent: {}
[226.746554] (-) TimerEvent: {}
[226.847790] (-) TimerEvent: {}
[226.949171] (-) TimerEvent: {}
[227.050127] (-) TimerEvent: {}
[227.150836] (-) TimerEvent: {}
[227.252268] (-) TimerEvent: {}
[227.353054] (-) TimerEvent: {}
[227.453980] (-) TimerEvent: {}
[227.554793] (-) TimerEvent: {}
[227.656026] (-) TimerEvent: {}
[227.756842] (-) TimerEvent: {}
[227.857662] (-) TimerEvent: {}
[227.958417] (-) TimerEvent: {}
[228.059192] (-) TimerEvent: {}
[228.159919] (-) TimerEvent: {}
[228.260789] (-) TimerEvent: {}
[228.361714] (-) TimerEvent: {}
[228.464012] (-) TimerEvent: {}
[228.566421] (-) TimerEvent: {}
[228.667461] (-) TimerEvent: {}
[228.768148] (-) TimerEvent: {}
[228.868812] (-) TimerEvent: {}
[228.969481] (-) TimerEvent: {}
[229.070167] (-) TimerEvent: {}
[229.170836] (-) TimerEvent: {}
[229.271555] (-) TimerEvent: {}
[229.372584] (-) TimerEvent: {}
[229.473385] (-) TimerEvent: {}
[229.574202] (-) TimerEvent: {}
[229.675999] (-) TimerEvent: {}
[229.776996] (-) TimerEvent: {}
[229.877843] (-) TimerEvent: {}
[229.979676] (-) TimerEvent: {}
[230.080322] (-) TimerEvent: {}
[230.181037] (-) TimerEvent: {}
[230.281749] (-) TimerEvent: {}
[230.382439] (-) TimerEvent: {}
[230.483175] (-) TimerEvent: {}
[230.583943] (-) TimerEvent: {}
[230.684709] (-) TimerEvent: {}
[230.785434] (-) TimerEvent: {}
[230.886193] (-) TimerEvent: {}
[230.986940] (-) TimerEvent: {}
[231.087627] (-) TimerEvent: {}
[231.188372] (-) TimerEvent: {}
[231.289068] (-) TimerEvent: {}
[231.389777] (-) TimerEvent: {}
[231.490488] (-) TimerEvent: {}
[231.591202] (-) TimerEvent: {}
[231.691886] (-) TimerEvent: {}
[231.792556] (-) TimerEvent: {}
[231.893228] (-) TimerEvent: {}
[231.993945] (-) TimerEvent: {}
[232.094618] (-) TimerEvent: {}
[232.195309] (-) TimerEvent: {}
[232.296038] (-) TimerEvent: {}
[232.396727] (-) TimerEvent: {}
[232.497427] (-) TimerEvent: {}
[232.598169] (-) TimerEvent: {}
[232.698899] (-) TimerEvent: {}
[232.799588] (-) TimerEvent: {}
[232.901809] (-) TimerEvent: {}
[233.008412] (-) TimerEvent: {}
[233.109882] (-) TimerEvent: {}
[233.210708] (-) TimerEvent: {}
[233.313772] (-) TimerEvent: {}
[233.414514] (-) TimerEvent: {}
[233.515230] (-) TimerEvent: {}
[233.537175] (grab_demo) StdoutLine: {'line': b'[ 44%] \x1b[32m\x1b[1mLinking CXX executable charuco_dectet_node\x1b[0m\n'}
[233.615594] (-) TimerEvent: {}
[233.716764] (-) TimerEvent: {}
[233.817820] (-) TimerEvent: {}
[233.918613] (-) TimerEvent: {}
[234.019308] (-) TimerEvent: {}
[234.120036] (-) TimerEvent: {}
[234.220719] (-) TimerEvent: {}
[234.321451] (-) TimerEvent: {}
[234.422203] (-) TimerEvent: {}
[234.522952] (-) TimerEvent: {}
[234.624011] (-) TimerEvent: {}
[234.725798] (-) TimerEvent: {}
[234.826534] (-) TimerEvent: {}
[234.927264] (-) TimerEvent: {}
[235.027971] (-) TimerEvent: {}
[235.128686] (-) TimerEvent: {}
[235.229346] (-) TimerEvent: {}
[235.330069] (-) TimerEvent: {}
[235.430802] (-) TimerEvent: {}
[235.531538] (-) TimerEvent: {}
[235.632268] (-) TimerEvent: {}
[235.733069] (-) TimerEvent: {}
[235.833778] (-) TimerEvent: {}
[235.934513] (-) TimerEvent: {}
[236.035320] (-) TimerEvent: {}
[236.136174] (-) TimerEvent: {}
[236.236953] (-) TimerEvent: {}
[236.337883] (-) TimerEvent: {}
[236.438820] (-) TimerEvent: {}
[236.539750] (-) TimerEvent: {}
[236.640611] (-) TimerEvent: {}
[236.741392] (-) TimerEvent: {}
[236.842276] (-) TimerEvent: {}
[236.942987] (-) TimerEvent: {}
[237.043958] (-) TimerEvent: {}
[237.144815] (-) TimerEvent: {}
[237.245543] (-) TimerEvent: {}
[237.346320] (-) TimerEvent: {}
[237.447062] (-) TimerEvent: {}
[237.547871] (-) TimerEvent: {}
[237.648643] (-) TimerEvent: {}
[237.749373] (-) TimerEvent: {}
[237.850556] (-) TimerEvent: {}
[237.932647] (grab_demo) StdoutLine: {'line': b'[ 44%] Built target charuco_dectet_node\n'}
[237.950720] (-) TimerEvent: {}
[238.051410] (-) TimerEvent: {}
[238.152292] (-) TimerEvent: {}
[238.253395] (-) TimerEvent: {}
[238.354541] (-) TimerEvent: {}
[238.455506] (-) TimerEvent: {}
[238.556500] (-) TimerEvent: {}
[238.657538] (-) TimerEvent: {}
[238.758265] (-) TimerEvent: {}
[238.859164] (-) TimerEvent: {}
[238.959924] (-) TimerEvent: {}
[239.061026] (-) TimerEvent: {}
[239.161942] (-) TimerEvent: {}
[239.262706] (-) TimerEvent: {}
[239.363406] (-) TimerEvent: {}
[239.464098] (-) TimerEvent: {}
[239.564794] (-) TimerEvent: {}
[239.666015] (-) TimerEvent: {}
[239.766692] (-) TimerEvent: {}
[239.867400] (-) TimerEvent: {}
[239.968156] (-) TimerEvent: {}
[240.069263] (-) TimerEvent: {}
[240.170224] (-) TimerEvent: {}
[240.271039] (-) TimerEvent: {}
[240.371661] (-) TimerEvent: {}
[240.472314] (-) TimerEvent: {}
[240.572982] (-) TimerEvent: {}
[240.679649] (-) TimerEvent: {}
[240.780339] (-) TimerEvent: {}
[240.881029] (-) TimerEvent: {}
[240.981786] (-) TimerEvent: {}
[241.082489] (-) TimerEvent: {}
[241.184708] (-) TimerEvent: {}
[241.285427] (-) TimerEvent: {}
[241.393438] (-) TimerEvent: {}
[241.494196] (-) TimerEvent: {}
[241.594904] (-) TimerEvent: {}
[241.695989] (-) TimerEvent: {}
[241.796684] (-) TimerEvent: {}
[241.897409] (-) TimerEvent: {}
[241.998209] (-) TimerEvent: {}
[242.098963] (-) TimerEvent: {}
[242.199882] (-) TimerEvent: {}
[242.300594] (-) TimerEvent: {}
[242.401772] (-) TimerEvent: {}
[242.502501] (-) TimerEvent: {}
[242.603192] (-) TimerEvent: {}
[242.703933] (-) TimerEvent: {}
[242.804691] (-) TimerEvent: {}
[242.905654] (-) TimerEvent: {}
[243.006759] (-) TimerEvent: {}
[243.107528] (-) TimerEvent: {}
[243.208258] (-) TimerEvent: {}
[243.309394] (-) TimerEvent: {}
[243.410133] (-) TimerEvent: {}
[243.510834] (-) TimerEvent: {}
[243.611529] (-) TimerEvent: {}
[243.712237] (-) TimerEvent: {}
[243.814014] (-) TimerEvent: {}
[243.914714] (-) TimerEvent: {}
[244.016582] (-) TimerEvent: {}
[244.117866] (-) TimerEvent: {}
[244.222381] (-) TimerEvent: {}
[244.323506] (-) TimerEvent: {}
[244.424621] (-) TimerEvent: {}
[244.525816] (-) TimerEvent: {}
[244.626838] (-) TimerEvent: {}
[244.727578] (-) TimerEvent: {}
[244.828377] (-) TimerEvent: {}
[244.929164] (-) TimerEvent: {}
[245.029942] (-) TimerEvent: {}
[245.130753] (-) TimerEvent: {}
[245.231745] (-) TimerEvent: {}
[245.332444] (-) TimerEvent: {}
[245.433645] (-) TimerEvent: {}
[245.534347] (-) TimerEvent: {}
[245.635127] (-) TimerEvent: {}
[245.735975] (-) TimerEvent: {}
[245.836837] (-) TimerEvent: {}
[245.937741] (-) TimerEvent: {}
[246.038720] (-) TimerEvent: {}
[246.139930] (-) TimerEvent: {}
[246.241160] (-) TimerEvent: {}
[246.342620] (-) TimerEvent: {}
[246.443433] (-) TimerEvent: {}
[246.544481] (-) TimerEvent: {}
[246.645302] (-) TimerEvent: {}
[246.746859] (-) TimerEvent: {}
[246.847892] (-) TimerEvent: {}
[246.948759] (-) TimerEvent: {}
[247.050015] (-) TimerEvent: {}
[247.150876] (-) TimerEvent: {}
[247.251698] (-) TimerEvent: {}
[247.352745] (-) TimerEvent: {}
[247.453845] (-) TimerEvent: {}
[247.554888] (-) TimerEvent: {}
[247.655959] (-) TimerEvent: {}
[247.757774] (-) TimerEvent: {}
[247.858673] (-) TimerEvent: {}
[247.959658] (-) TimerEvent: {}
[248.060675] (-) TimerEvent: {}
[248.161424] (-) TimerEvent: {}
[248.262260] (-) TimerEvent: {}
[248.362993] (-) TimerEvent: {}
[248.463683] (-) TimerEvent: {}
[248.564539] (-) TimerEvent: {}
[248.665228] (-) TimerEvent: {}
[248.766007] (-) TimerEvent: {}
[248.866765] (-) TimerEvent: {}
[248.967418] (-) TimerEvent: {}
[249.068090] (-) TimerEvent: {}
[249.168904] (-) TimerEvent: {}
[249.269852] (-) TimerEvent: {}
[249.370771] (-) TimerEvent: {}
[249.471553] (-) TimerEvent: {}
[249.572191] (-) TimerEvent: {}
[249.673092] (-) TimerEvent: {}
[249.774523] (-) TimerEvent: {}
[249.875302] (-) TimerEvent: {}
[249.975976] (-) TimerEvent: {}
[250.076658] (-) TimerEvent: {}
[250.177742] (-) TimerEvent: {}
[250.278707] (-) TimerEvent: {}
[250.379568] (-) TimerEvent: {}
[250.480228] (-) TimerEvent: {}
[250.581203] (-) TimerEvent: {}
[250.681899] (-) TimerEvent: {}
[250.782580] (-) TimerEvent: {}
[250.883324] (-) TimerEvent: {}
[250.984073] (-) TimerEvent: {}
[251.084726] (-) TimerEvent: {}
[251.185808] (-) TimerEvent: {}
[251.286552] (-) TimerEvent: {}
[251.387407] (-) TimerEvent: {}
[251.488138] (-) TimerEvent: {}
[251.588929] (-) TimerEvent: {}
[251.689634] (-) TimerEvent: {}
[251.790369] (-) TimerEvent: {}
[251.891124] (-) TimerEvent: {}
[251.991853] (-) TimerEvent: {}
[252.092747] (-) TimerEvent: {}
[252.193502] (-) TimerEvent: {}
[252.294305] (-) TimerEvent: {}
[252.395081] (-) TimerEvent: {}
[252.495838] (-) TimerEvent: {}
[252.596555] (-) TimerEvent: {}
[252.697263] (-) TimerEvent: {}
[252.798269] (-) TimerEvent: {}
[252.899043] (-) TimerEvent: {}
[252.999976] (-) TimerEvent: {}
[253.100724] (-) TimerEvent: {}
[253.201567] (-) TimerEvent: {}
[253.302420] (-) TimerEvent: {}
[253.403318] (-) TimerEvent: {}
[253.504119] (-) TimerEvent: {}
[253.605003] (-) TimerEvent: {}
[253.705806] (-) TimerEvent: {}
[253.806684] (-) TimerEvent: {}
[253.907828] (-) TimerEvent: {}
[254.008610] (-) TimerEvent: {}
[254.109732] (-) TimerEvent: {}
[254.210407] (-) TimerEvent: {}
[254.311079] (-) TimerEvent: {}
[254.412241] (-) TimerEvent: {}
[254.513051] (-) TimerEvent: {}
[254.613907] (-) TimerEvent: {}
[254.715483] (-) TimerEvent: {}
[254.816287] (-) TimerEvent: {}
[254.916963] (-) TimerEvent: {}
[255.018017] (-) TimerEvent: {}
[255.118971] (-) TimerEvent: {}
[255.219844] (-) TimerEvent: {}
[255.320776] (-) TimerEvent: {}
[255.421917] (-) TimerEvent: {}
[255.522867] (-) TimerEvent: {}
[255.623903] (-) TimerEvent: {}
[255.725229] (-) TimerEvent: {}
[255.826064] (-) TimerEvent: {}
[255.926939] (-) TimerEvent: {}
[256.027694] (-) TimerEvent: {}
[256.128546] (-) TimerEvent: {}
[256.229299] (-) TimerEvent: {}
[256.330134] (-) TimerEvent: {}
[256.430904] (-) TimerEvent: {}
[256.531615] (-) TimerEvent: {}
[256.633166] (-) TimerEvent: {}
[256.734232] (-) TimerEvent: {}
[256.835206] (-) TimerEvent: {}
[256.936231] (-) TimerEvent: {}
[257.037318] (-) TimerEvent: {}
[257.138675] (-) TimerEvent: {}
[257.239704] (-) TimerEvent: {}
[257.340961] (-) TimerEvent: {}
[257.441960] (-) TimerEvent: {}
[257.543132] (-) TimerEvent: {}
[257.643988] (-) TimerEvent: {}
[257.744738] (-) TimerEvent: {}
[257.845466] (-) TimerEvent: {}
[257.946477] (-) TimerEvent: {}
[258.047796] (-) TimerEvent: {}
[258.148752] (-) TimerEvent: {}
[258.251128] (-) TimerEvent: {}
[258.352390] (-) TimerEvent: {}
[258.453738] (-) TimerEvent: {}
[258.554984] (-) TimerEvent: {}
[258.655924] (-) TimerEvent: {}
[258.757518] (-) TimerEvent: {}
[258.858496] (-) TimerEvent: {}
[258.959356] (-) TimerEvent: {}
[259.060495] (-) TimerEvent: {}
[259.161715] (-) TimerEvent: {}
[259.262725] (-) TimerEvent: {}
[259.363519] (-) TimerEvent: {}
[259.464363] (-) TimerEvent: {}
[259.565191] (-) TimerEvent: {}
[259.666128] (-) TimerEvent: {}
[259.766804] (-) TimerEvent: {}
[259.867510] (-) TimerEvent: {}
[259.968230] (-) TimerEvent: {}
[260.069106] (-) TimerEvent: {}
[260.169963] (-) TimerEvent: {}
[260.270786] (-) TimerEvent: {}
[260.371544] (-) TimerEvent: {}
[260.472312] (-) TimerEvent: {}
[260.573206] (-) TimerEvent: {}
[260.673864] (-) TimerEvent: {}
[260.774564] (-) TimerEvent: {}
[260.875569] (-) TimerEvent: {}
[260.976765] (-) TimerEvent: {}
[261.077774] (-) TimerEvent: {}
[261.178563] (-) TimerEvent: {}
[261.279374] (-) TimerEvent: {}
[261.380213] (-) TimerEvent: {}
[261.483845] (-) TimerEvent: {}
[261.584556] (-) TimerEvent: {}
[261.686052] (-) TimerEvent: {}
[261.786754] (-) TimerEvent: {}
[261.887503] (-) TimerEvent: {}
[261.988310] (-) TimerEvent: {}
[262.089062] (-) TimerEvent: {}
[262.189958] (-) TimerEvent: {}
[262.290730] (-) TimerEvent: {}
[262.392058] (-) TimerEvent: {}
[262.492814] (-) TimerEvent: {}
[262.593578] (-) TimerEvent: {}
[262.694391] (-) TimerEvent: {}
[262.795263] (-) TimerEvent: {}
[262.896201] (-) TimerEvent: {}
[262.997265] (-) TimerEvent: {}
[263.098590] (-) TimerEvent: {}
[263.199628] (-) TimerEvent: {}
[263.300446] (-) TimerEvent: {}
[263.401518] (-) TimerEvent: {}
[263.502458] (-) TimerEvent: {}
[263.603173] (-) TimerEvent: {}
[263.703882] (-) TimerEvent: {}
[263.804579] (-) TimerEvent: {}
[263.905302] (-) TimerEvent: {}
[264.006259] (-) TimerEvent: {}
[264.106952] (-) TimerEvent: {}
[264.207626] (-) TimerEvent: {}
[264.308351] (-) TimerEvent: {}
[264.409131] (-) TimerEvent: {}
[264.509913] (-) TimerEvent: {}
[264.610555] (-) TimerEvent: {}
[264.711196] (-) TimerEvent: {}
[264.811859] (-) TimerEvent: {}
[264.912538] (-) TimerEvent: {}
[265.013462] (-) TimerEvent: {}
[265.114135] (-) TimerEvent: {}
[265.214766] (-) TimerEvent: {}
[265.315437] (-) TimerEvent: {}
[265.416107] (-) TimerEvent: {}
[265.516750] (-) TimerEvent: {}
[265.617452] (-) TimerEvent: {}
[265.738804] (-) TimerEvent: {}
[265.839477] (-) TimerEvent: {}
[265.940213] (-) TimerEvent: {}
[266.040921] (-) TimerEvent: {}
[266.141600] (-) TimerEvent: {}
[266.242373] (-) TimerEvent: {}
[266.343053] (-) TimerEvent: {}
[266.443741] (-) TimerEvent: {}
[266.544480] (-) TimerEvent: {}
[266.645116] (-) TimerEvent: {}
[266.745793] (-) TimerEvent: {}
[266.846541] (-) TimerEvent: {}
[266.947238] (-) TimerEvent: {}
[267.047948] (-) TimerEvent: {}
[267.148623] (-) TimerEvent: {}
[267.249298] (-) TimerEvent: {}
[267.350021] (-) TimerEvent: {}
[267.450704] (-) TimerEvent: {}
[267.551337] (-) TimerEvent: {}
[267.652060] (-) TimerEvent: {}
[267.752714] (-) TimerEvent: {}
[267.853349] (-) TimerEvent: {}
[267.954025] (-) TimerEvent: {}
[268.054684] (-) TimerEvent: {}
[268.155388] (-) TimerEvent: {}
[268.256057] (-) TimerEvent: {}
[268.356777] (-) TimerEvent: {}
[268.457452] (-) TimerEvent: {}
[268.558197] (-) TimerEvent: {}
[268.659086] (-) TimerEvent: {}
[268.760096] (-) TimerEvent: {}
[268.860953] (-) TimerEvent: {}
[268.962255] (-) TimerEvent: {}
[269.063297] (-) TimerEvent: {}
[269.164427] (-) TimerEvent: {}
[269.265213] (-) TimerEvent: {}
[269.365895] (-) TimerEvent: {}
[269.466554] (-) TimerEvent: {}
[269.567752] (-) TimerEvent: {}
[269.668559] (-) TimerEvent: {}
[269.769444] (-) TimerEvent: {}
[269.870196] (-) TimerEvent: {}
[269.970860] (-) TimerEvent: {}
[270.071663] (-) TimerEvent: {}
[270.172353] (-) TimerEvent: {}
[270.273158] (-) TimerEvent: {}
[270.373904] (-) TimerEvent: {}
[270.474991] (-) TimerEvent: {}
[270.575693] (-) TimerEvent: {}
[270.676256] (-) TimerEvent: {}
[270.776957] (-) TimerEvent: {}
[270.877735] (-) TimerEvent: {}
[270.978361] (-) TimerEvent: {}
[271.078980] (-) TimerEvent: {}
[271.179647] (-) TimerEvent: {}
[271.280461] (-) TimerEvent: {}
[271.381290] (-) TimerEvent: {}
[271.482149] (-) TimerEvent: {}
[271.585783] (-) TimerEvent: {}
[271.686605] (-) TimerEvent: {}
[271.787346] (-) TimerEvent: {}
[271.888082] (-) TimerEvent: {}
[271.990521] (-) TimerEvent: {}
[272.091389] (-) TimerEvent: {}
[272.192505] (-) TimerEvent: {}
[272.293812] (-) TimerEvent: {}
[272.395196] (-) TimerEvent: {}
[272.496498] (-) TimerEvent: {}
[272.597222] (-) TimerEvent: {}
[272.698384] (-) TimerEvent: {}
[272.799179] (-) TimerEvent: {}
[272.900080] (-) TimerEvent: {}
[273.000807] (-) TimerEvent: {}
[273.101661] (-) TimerEvent: {}
[273.202939] (-) TimerEvent: {}
[273.303751] (-) TimerEvent: {}
[273.404496] (-) TimerEvent: {}
[273.505191] (-) TimerEvent: {}
[273.605902] (-) TimerEvent: {}
[273.706596] (-) TimerEvent: {}
[273.807484] (-) TimerEvent: {}
[273.908407] (-) TimerEvent: {}
[274.010268] (-) TimerEvent: {}
[274.111124] (-) TimerEvent: {}
[274.214842] (-) TimerEvent: {}
[274.315540] (-) TimerEvent: {}
[274.416692] (-) TimerEvent: {}
[274.517378] (-) TimerEvent: {}
[274.618071] (-) TimerEvent: {}
[274.718952] (-) TimerEvent: {}
[274.819654] (-) TimerEvent: {}
[274.920773] (-) TimerEvent: {}
[275.021953] (-) TimerEvent: {}
[275.122702] (-) TimerEvent: {}
[275.223429] (-) TimerEvent: {}
[275.324281] (-) TimerEvent: {}
[275.425030] (-) TimerEvent: {}
[275.525871] (-) TimerEvent: {}
[275.626694] (-) TimerEvent: {}
[275.727528] (-) TimerEvent: {}
[275.828389] (-) TimerEvent: {}
[275.929726] (-) TimerEvent: {}
[276.030393] (-) TimerEvent: {}
[276.131419] (-) TimerEvent: {}
[276.232078] (-) TimerEvent: {}
[276.332741] (-) TimerEvent: {}
[276.433422] (-) TimerEvent: {}
[276.534265] (-) TimerEvent: {}
[276.635034] (-) TimerEvent: {}
[276.735905] (-) TimerEvent: {}
[276.836681] (-) TimerEvent: {}
[276.937417] (-) TimerEvent: {}
[277.039487] (-) TimerEvent: {}
[277.144753] (-) TimerEvent: {}
[277.245498] (-) TimerEvent: {}
[277.346235] (-) TimerEvent: {}
[277.450458] (-) TimerEvent: {}
[277.552033] (-) TimerEvent: {}
[277.652949] (-) TimerEvent: {}
[277.753739] (-) TimerEvent: {}
[277.854552] (-) TimerEvent: {}
[277.955945] (-) TimerEvent: {}
[278.057005] (-) TimerEvent: {}
[278.158478] (-) TimerEvent: {}
[278.260480] (-) TimerEvent: {}
[278.361241] (-) TimerEvent: {}
[278.461962] (-) TimerEvent: {}
[278.562886] (-) TimerEvent: {}
[278.663596] (-) TimerEvent: {}
[278.764261] (-) TimerEvent: {}
[278.864919] (-) TimerEvent: {}
[278.965587] (-) TimerEvent: {}
[279.066291] (-) TimerEvent: {}
[279.167350] (-) TimerEvent: {}
[279.267998] (-) TimerEvent: {}
[279.368679] (-) TimerEvent: {}
[279.469408] (-) TimerEvent: {}
[279.570179] (-) TimerEvent: {}
[279.673811] (-) TimerEvent: {}
[279.774536] (-) TimerEvent: {}
[279.875312] (-) TimerEvent: {}
[279.975961] (-) TimerEvent: {}
[280.076770] (-) TimerEvent: {}
[280.177673] (-) TimerEvent: {}
[280.278562] (-) TimerEvent: {}
[280.379375] (-) TimerEvent: {}
[280.480117] (-) TimerEvent: {}
[280.580783] (-) TimerEvent: {}
[280.681549] (-) TimerEvent: {}
[280.782424] (-) TimerEvent: {}
[280.883426] (-) TimerEvent: {}
[280.984295] (-) TimerEvent: {}
[281.085265] (-) TimerEvent: {}
[281.187481] (-) TimerEvent: {}
[281.288419] (-) TimerEvent: {}
[281.389092] (-) TimerEvent: {}
[281.489820] (-) TimerEvent: {}
[281.590588] (-) TimerEvent: {}
[281.691315] (-) TimerEvent: {}
[281.792211] (-) TimerEvent: {}
[281.892995] (-) TimerEvent: {}
[281.993739] (-) TimerEvent: {}
[282.094898] (-) TimerEvent: {}
[282.195686] (-) TimerEvent: {}
[282.296411] (-) TimerEvent: {}
[282.397221] (-) TimerEvent: {}
[282.498751] (-) TimerEvent: {}
[282.599446] (-) TimerEvent: {}
[282.700164] (-) TimerEvent: {}
[282.801286] (-) TimerEvent: {}
[282.902092] (-) TimerEvent: {}
[283.002872] (-) TimerEvent: {}
[283.103543] (-) TimerEvent: {}
[283.204388] (-) TimerEvent: {}
[283.305466] (-) TimerEvent: {}
[283.406409] (-) TimerEvent: {}
[283.507156] (-) TimerEvent: {}
[283.607810] (-) TimerEvent: {}
[283.708494] (-) TimerEvent: {}
[283.809155] (-) TimerEvent: {}
[283.909984] (-) TimerEvent: {}
[284.010631] (-) TimerEvent: {}
[284.111342] (-) TimerEvent: {}
[284.211987] (-) TimerEvent: {}
[284.312679] (-) TimerEvent: {}
[284.413510] (-) TimerEvent: {}
[284.514931] (-) TimerEvent: {}
[284.615650] (-) TimerEvent: {}
[284.716296] (-) TimerEvent: {}
[284.816985] (-) TimerEvent: {}
[284.917626] (-) TimerEvent: {}
[285.018418] (-) TimerEvent: {}
[285.119096] (-) TimerEvent: {}
[285.219769] (-) TimerEvent: {}
[285.325774] (-) TimerEvent: {}
[285.426527] (-) TimerEvent: {}
[285.527213] (-) TimerEvent: {}
[285.627861] (-) TimerEvent: {}
[285.728592] (-) TimerEvent: {}
[285.829310] (-) TimerEvent: {}
[285.930025] (-) TimerEvent: {}
[286.030724] (-) TimerEvent: {}
[286.131418] (-) TimerEvent: {}
[286.232135] (-) TimerEvent: {}
[286.332803] (-) TimerEvent: {}
[286.433905] (-) TimerEvent: {}
[286.534589] (-) TimerEvent: {}
[286.635267] (-) TimerEvent: {}
[286.735988] (-) TimerEvent: {}
[286.836880] (-) TimerEvent: {}
[286.937958] (-) TimerEvent: {}
[287.038845] (-) TimerEvent: {}
[287.139839] (-) TimerEvent: {}
[287.240496] (-) TimerEvent: {}
[287.341165] (-) TimerEvent: {}
[287.441854] (-) TimerEvent: {}
[287.542540] (-) TimerEvent: {}
[287.643243] (-) TimerEvent: {}
[287.743922] (-) TimerEvent: {}
[287.844600] (-) TimerEvent: {}
[287.945291] (-) TimerEvent: {}
[288.046001] (-) TimerEvent: {}
[288.146696] (-) TimerEvent: {}
[288.247596] (-) TimerEvent: {}
[288.348335] (-) TimerEvent: {}
[288.453794] (-) TimerEvent: {}
[288.557813] (-) TimerEvent: {}
[288.658520] (-) TimerEvent: {}
[288.759323] (-) TimerEvent: {}
[288.859986] (-) TimerEvent: {}
[288.960655] (-) TimerEvent: {}
[289.061361] (-) TimerEvent: {}
[289.162243] (-) TimerEvent: {}
[289.263081] (-) TimerEvent: {}
[289.363814] (-) TimerEvent: {}
[289.464576] (-) TimerEvent: {}
[289.565800] (-) TimerEvent: {}
[289.666481] (-) TimerEvent: {}
[289.767137] (-) TimerEvent: {}
[289.867890] (-) TimerEvent: {}
[289.969412] (-) TimerEvent: {}
[290.070062] (-) TimerEvent: {}
[290.170703] (-) TimerEvent: {}
[290.271367] (-) TimerEvent: {}
[290.372080] (-) TimerEvent: {}
[290.472828] (-) TimerEvent: {}
[290.577136] (-) TimerEvent: {}
[290.678120] (-) TimerEvent: {}
[290.778818] (-) TimerEvent: {}
[290.879940] (-) TimerEvent: {}
[290.980792] (-) TimerEvent: {}
[291.081637] (-) TimerEvent: {}
[291.182474] (-) TimerEvent: {}
[291.283402] (-) TimerEvent: {}
[291.384240] (-) TimerEvent: {}
[291.484923] (-) TimerEvent: {}
[291.585644] (-) TimerEvent: {}
[291.686448] (-) TimerEvent: {}
[291.787354] (-) TimerEvent: {}
[291.888075] (-) TimerEvent: {}
[291.988830] (-) TimerEvent: {}
[292.089508] (-) TimerEvent: {}
[292.190249] (-) TimerEvent: {}
[292.291168] (-) TimerEvent: {}
[292.392133] (-) TimerEvent: {}
[292.492926] (-) TimerEvent: {}
[292.593912] (-) TimerEvent: {}
[292.694764] (-) TimerEvent: {}
[292.795623] (-) TimerEvent: {}
[292.896329] (-) TimerEvent: {}
[292.997061] (-) TimerEvent: {}
[293.097817] (-) TimerEvent: {}
[293.198553] (-) TimerEvent: {}
[293.299281] (-) TimerEvent: {}
[293.400077] (-) TimerEvent: {}
[293.500781] (-) TimerEvent: {}
[293.602340] (-) TimerEvent: {}
[293.703311] (-) TimerEvent: {}
[293.804286] (-) TimerEvent: {}
[293.905178] (-) TimerEvent: {}
[294.005910] (-) TimerEvent: {}
[294.106617] (-) TimerEvent: {}
[294.207433] (-) TimerEvent: {}
[294.308208] (-) TimerEvent: {}
[294.408918] (-) TimerEvent: {}
[294.509706] (-) TimerEvent: {}
[294.611244] (-) TimerEvent: {}
[294.712044] (-) TimerEvent: {}
[294.812928] (-) TimerEvent: {}
[294.913751] (-) TimerEvent: {}
[295.014779] (-) TimerEvent: {}
[295.115436] (-) TimerEvent: {}
[295.216113] (-) TimerEvent: {}
[295.316775] (-) TimerEvent: {}
[295.417581] (-) TimerEvent: {}
[295.518395] (-) TimerEvent: {}
[295.619184] (-) TimerEvent: {}
[295.719963] (-) TimerEvent: {}
[295.820715] (-) TimerEvent: {}
[295.921346] (-) TimerEvent: {}
[296.022057] (-) TimerEvent: {}
[296.122750] (-) TimerEvent: {}
[296.223484] (-) TimerEvent: {}
[296.324239] (-) TimerEvent: {}
[296.424951] (-) TimerEvent: {}
[296.525867] (-) TimerEvent: {}
[296.626706] (-) TimerEvent: {}
[296.727586] (-) TimerEvent: {}
[296.828341] (-) TimerEvent: {}
[296.930653] (-) TimerEvent: {}
[297.031882] (-) TimerEvent: {}
[297.132621] (-) TimerEvent: {}
[297.233375] (-) TimerEvent: {}
[297.334176] (-) TimerEvent: {}
[297.434903] (-) TimerEvent: {}
[297.535615] (-) TimerEvent: {}
[297.636331] (-) TimerEvent: {}
[297.737045] (-) TimerEvent: {}
[297.837536] (grab_demo) StdoutLine: {'line': b'[ 46%] \x1b[32m\x1b[1mLinking CXX executable hsv_range\x1b[0m\n'}
[297.849956] (-) TimerEvent: {}
[297.950528] (-) TimerEvent: {}
[298.051263] (-) TimerEvent: {}
[298.152599] (-) TimerEvent: {}
[298.253404] (-) TimerEvent: {}
[298.354877] (-) TimerEvent: {}
[298.456804] (-) TimerEvent: {}
[298.557723] (-) TimerEvent: {}
[298.658665] (-) TimerEvent: {}
[298.759487] (-) TimerEvent: {}
[298.861778] (-) TimerEvent: {}
[298.962567] (-) TimerEvent: {}
[299.063291] (-) TimerEvent: {}
[299.164095] (-) TimerEvent: {}
[299.264786] (-) TimerEvent: {}
[299.365540] (-) TimerEvent: {}
[299.466775] (-) TimerEvent: {}
[299.567720] (-) TimerEvent: {}
[299.668667] (-) TimerEvent: {}
[299.769946] (-) TimerEvent: {}
[299.872079] (-) TimerEvent: {}
[299.973651] (-) TimerEvent: {}
[300.074799] (-) TimerEvent: {}
[300.175905] (-) TimerEvent: {}
[300.276586] (-) TimerEvent: {}
[300.377444] (-) TimerEvent: {}
[300.478175] (-) TimerEvent: {}
[300.578829] (-) TimerEvent: {}
[300.679492] (-) TimerEvent: {}
[300.780270] (-) TimerEvent: {}
[300.881051] (-) TimerEvent: {}
[300.982706] (-) TimerEvent: {}
[301.083400] (-) TimerEvent: {}
[301.184061] (-) TimerEvent: {}
[301.284727] (-) TimerEvent: {}
[301.385427] (-) TimerEvent: {}
[301.488198] (-) TimerEvent: {}
[301.588927] (-) TimerEvent: {}
[301.689638] (-) TimerEvent: {}
[301.742839] (grab_demo) StdoutLine: {'line': b'[ 46%] Built target hsv_range\n'}
[301.789821] (-) TimerEvent: {}
[301.891040] (-) TimerEvent: {}
[301.991744] (-) TimerEvent: {}
[302.092771] (-) TimerEvent: {}
[302.193780] (-) TimerEvent: {}
[302.295493] (-) TimerEvent: {}
[302.396355] (-) TimerEvent: {}
[302.497182] (-) TimerEvent: {}
[302.598062] (-) TimerEvent: {}
[302.699588] (-) TimerEvent: {}
[302.800319] (-) TimerEvent: {}
[302.901092] (-) TimerEvent: {}
[303.002016] (-) TimerEvent: {}
[303.102866] (-) TimerEvent: {}
[303.203770] (-) TimerEvent: {}
[303.304556] (-) TimerEvent: {}
[303.405269] (-) TimerEvent: {}
[303.506070] (-) TimerEvent: {}
[303.606866] (-) TimerEvent: {}
[303.707885] (-) TimerEvent: {}
[303.808743] (-) TimerEvent: {}
[303.909657] (-) TimerEvent: {}
[304.010528] (-) TimerEvent: {}
[304.111372] (-) TimerEvent: {}
[304.212194] (-) TimerEvent: {}
[304.313009] (-) TimerEvent: {}
[304.414241] (-) TimerEvent: {}
[304.515130] (-) TimerEvent: {}
[304.615990] (-) TimerEvent: {}
[304.716801] (-) TimerEvent: {}
[304.817778] (-) TimerEvent: {}
[304.918676] (-) TimerEvent: {}
[305.019400] (-) TimerEvent: {}
[305.120061] (-) TimerEvent: {}
[305.222093] (-) TimerEvent: {}
[305.322841] (-) TimerEvent: {}
[305.423550] (-) TimerEvent: {}
[305.524480] (-) TimerEvent: {}
[305.625346] (-) TimerEvent: {}
[305.726276] (-) TimerEvent: {}
[305.827130] (-) TimerEvent: {}
[305.928011] (-) TimerEvent: {}
[306.028852] (-) TimerEvent: {}
[306.129825] (-) TimerEvent: {}
[306.230843] (-) TimerEvent: {}
[306.331693] (-) TimerEvent: {}
[306.432491] (-) TimerEvent: {}
[306.533297] (-) TimerEvent: {}
[306.634295] (-) TimerEvent: {}
[306.735153] (-) TimerEvent: {}
[306.836582] (-) TimerEvent: {}
[306.937309] (-) TimerEvent: {}
[307.038148] (-) TimerEvent: {}
[307.138890] (-) TimerEvent: {}
[307.239685] (-) TimerEvent: {}
[307.340397] (-) TimerEvent: {}
[307.441271] (-) TimerEvent: {}
[307.542202] (-) TimerEvent: {}
[307.646916] (-) TimerEvent: {}
[307.747733] (-) TimerEvent: {}
[307.848401] (-) TimerEvent: {}
[307.949076] (-) TimerEvent: {}
[308.049812] (-) TimerEvent: {}
[308.150654] (-) TimerEvent: {}
[308.251505] (-) TimerEvent: {}
[308.352209] (-) TimerEvent: {}
[308.453126] (-) TimerEvent: {}
[308.553836] (-) TimerEvent: {}
[308.654676] (-) TimerEvent: {}
[308.755431] (-) TimerEvent: {}
[308.856152] (-) TimerEvent: {}
[308.956878] (-) TimerEvent: {}
[309.057723] (-) TimerEvent: {}
[309.158573] (-) TimerEvent: {}
[309.259329] (-) TimerEvent: {}
[309.360008] (-) TimerEvent: {}
[309.460945] (-) TimerEvent: {}
[309.561761] (-) TimerEvent: {}
[309.662601] (-) TimerEvent: {}
[309.763939] (-) TimerEvent: {}
[309.864800] (-) TimerEvent: {}
[309.965626] (-) TimerEvent: {}
[310.066282] (-) TimerEvent: {}
[310.166941] (-) TimerEvent: {}
[310.267843] (-) TimerEvent: {}
[310.368721] (-) TimerEvent: {}
[310.469573] (-) TimerEvent: {}
[310.570619] (-) TimerEvent: {}
[310.671449] (-) TimerEvent: {}
[310.772328] (-) TimerEvent: {}
[310.873172] (-) TimerEvent: {}
[310.974090] (-) TimerEvent: {}
[311.074935] (-) TimerEvent: {}
[311.175731] (-) TimerEvent: {}
[311.276456] (-) TimerEvent: {}
[311.377407] (-) TimerEvent: {}
[311.480385] (-) TimerEvent: {}
[311.581102] (-) TimerEvent: {}
[311.682199] (-) TimerEvent: {}
[311.782850] (-) TimerEvent: {}
[311.883515] (-) TimerEvent: {}
[311.984332] (-) TimerEvent: {}
[312.084999] (-) TimerEvent: {}
[312.185845] (-) TimerEvent: {}
[312.286503] (-) TimerEvent: {}
[312.387441] (-) TimerEvent: {}
[312.488267] (-) TimerEvent: {}
[312.589130] (-) TimerEvent: {}
[312.689898] (-) TimerEvent: {}
[312.790722] (-) TimerEvent: {}
[312.891502] (-) TimerEvent: {}
[312.992296] (-) TimerEvent: {}
[313.093152] (-) TimerEvent: {}
[313.193910] (-) TimerEvent: {}
[313.294835] (-) TimerEvent: {}
[313.395744] (-) TimerEvent: {}
[313.496646] (-) TimerEvent: {}
[313.597549] (-) TimerEvent: {}
[313.698292] (-) TimerEvent: {}
[313.799086] (-) TimerEvent: {}
[313.899876] (-) TimerEvent: {}
[314.000647] (-) TimerEvent: {}
[314.101391] (-) TimerEvent: {}
[314.202117] (-) TimerEvent: {}
[314.302835] (-) TimerEvent: {}
[314.403705] (-) TimerEvent: {}
[314.504531] (-) TimerEvent: {}
[314.606922] (-) TimerEvent: {}
[314.707950] (-) TimerEvent: {}
[314.808788] (-) TimerEvent: {}
[314.909657] (-) TimerEvent: {}
[315.010487] (-) TimerEvent: {}
[315.111311] (-) TimerEvent: {}
[315.212118] (-) TimerEvent: {}
[315.312826] (-) TimerEvent: {}
[315.413493] (-) TimerEvent: {}
[315.514157] (-) TimerEvent: {}
[315.614799] (-) TimerEvent: {}
[315.715601] (-) TimerEvent: {}
[315.816408] (-) TimerEvent: {}
[315.917158] (-) TimerEvent: {}
[316.017970] (-) TimerEvent: {}
[316.118823] (-) TimerEvent: {}
[316.219629] (-) TimerEvent: {}
[316.320417] (-) TimerEvent: {}
[316.421102] (-) TimerEvent: {}
[316.521940] (-) TimerEvent: {}
[316.622974] (-) TimerEvent: {}
[316.723892] (-) TimerEvent: {}
[316.824759] (-) TimerEvent: {}
[316.925716] (-) TimerEvent: {}
[317.026597] (-) TimerEvent: {}
[317.127464] (-) TimerEvent: {}
[317.228383] (-) TimerEvent: {}
[317.329230] (-) TimerEvent: {}
[317.430137] (-) TimerEvent: {}
[317.530922] (-) TimerEvent: {}
[317.631681] (-) TimerEvent: {}
[317.732426] (-) TimerEvent: {}
[317.833194] (-) TimerEvent: {}
[317.934359] (-) TimerEvent: {}
[318.035232] (-) TimerEvent: {}
[318.136077] (-) TimerEvent: {}
[318.236833] (-) TimerEvent: {}
[318.338034] (-) TimerEvent: {}
[318.438795] (-) TimerEvent: {}
[318.539627] (-) TimerEvent: {}
[318.640452] (-) TimerEvent: {}
[318.741300] (-) TimerEvent: {}
[318.842257] (-) TimerEvent: {}
[318.943006] (-) TimerEvent: {}
[319.043745] (-) TimerEvent: {}
[319.144487] (-) TimerEvent: {}
[319.245922] (-) TimerEvent: {}
[319.346707] (-) TimerEvent: {}
[319.447981] (-) TimerEvent: {}
[319.549335] (-) TimerEvent: {}
[319.650075] (-) TimerEvent: {}
[319.750851] (-) TimerEvent: {}
[319.851559] (-) TimerEvent: {}
[319.952312] (-) TimerEvent: {}
[320.052984] (-) TimerEvent: {}
[320.153683] (-) TimerEvent: {}
[320.254359] (-) TimerEvent: {}
[320.355032] (-) TimerEvent: {}
[320.455721] (-) TimerEvent: {}
[320.556392] (-) TimerEvent: {}
[320.657049] (-) TimerEvent: {}
[320.757745] (-) TimerEvent: {}
[320.858405] (-) TimerEvent: {}
[320.959040] (-) TimerEvent: {}
[321.059679] (-) TimerEvent: {}
[321.160354] (-) TimerEvent: {}
[321.261025] (-) TimerEvent: {}
[321.361683] (-) TimerEvent: {}
[321.462324] (-) TimerEvent: {}
[321.563290] (-) TimerEvent: {}
[321.664197] (-) TimerEvent: {}
[321.765421] (-) TimerEvent: {}
[321.866243] (-) TimerEvent: {}
[321.966923] (-) TimerEvent: {}
[322.068070] (-) TimerEvent: {}
[322.168848] (-) TimerEvent: {}
[322.269564] (-) TimerEvent: {}
[322.370234] (-) TimerEvent: {}
[322.471141] (-) TimerEvent: {}
[322.572059] (-) TimerEvent: {}
[322.672997] (-) TimerEvent: {}
[322.773951] (-) TimerEvent: {}
[322.874772] (-) TimerEvent: {}
[322.975682] (-) TimerEvent: {}
[323.076527] (-) TimerEvent: {}
[323.177789] (-) TimerEvent: {}
[323.278633] (-) TimerEvent: {}
[323.379555] (-) TimerEvent: {}
[323.480469] (-) TimerEvent: {}
[323.581477] (-) TimerEvent: {}
[323.682405] (-) TimerEvent: {}
[323.783236] (-) TimerEvent: {}
[323.884050] (-) TimerEvent: {}
[323.984850] (-) TimerEvent: {}
[324.085882] (-) TimerEvent: {}
[324.186659] (-) TimerEvent: {}
[324.287325] (-) TimerEvent: {}
[324.388101] (-) TimerEvent: {}
[324.488890] (-) TimerEvent: {}
[324.589532] (-) TimerEvent: {}
[324.693781] (-) TimerEvent: {}
[324.794491] (-) TimerEvent: {}
[324.895170] (-) TimerEvent: {}
[324.996000] (-) TimerEvent: {}
[325.096863] (-) TimerEvent: {}
[325.197734] (-) TimerEvent: {}
[325.298523] (-) TimerEvent: {}
[325.399399] (-) TimerEvent: {}
[325.500185] (-) TimerEvent: {}
[325.601254] (-) TimerEvent: {}
[325.702943] (-) TimerEvent: {}
[325.803798] (-) TimerEvent: {}
[325.904845] (-) TimerEvent: {}
[326.005707] (-) TimerEvent: {}
[326.106487] (-) TimerEvent: {}
[326.207348] (-) TimerEvent: {}
[326.308122] (-) TimerEvent: {}
[326.409184] (-) TimerEvent: {}
[326.510613] (-) TimerEvent: {}
[326.611441] (-) TimerEvent: {}
[326.712383] (-) TimerEvent: {}
[326.813182] (-) TimerEvent: {}
[326.914031] (-) TimerEvent: {}
[327.014835] (-) TimerEvent: {}
[327.115649] (-) TimerEvent: {}
[327.216471] (-) TimerEvent: {}
[327.317323] (-) TimerEvent: {}
[327.418156] (-) TimerEvent: {}
[327.519008] (-) TimerEvent: {}
[327.619807] (-) TimerEvent: {}
[327.720618] (-) TimerEvent: {}
[327.821453] (-) TimerEvent: {}
[327.922324] (-) TimerEvent: {}
[328.023541] (-) TimerEvent: {}
[328.124386] (-) TimerEvent: {}
[328.189181] (grab_demo) StdoutLine: {'line': b'[ 48%] \x1b[32m\x1b[1mLinking CXX executable hand_eye\x1b[0m\n'}
[328.224597] (-) TimerEvent: {}
[328.325465] (-) TimerEvent: {}
[328.426238] (-) TimerEvent: {}
[328.526970] (-) TimerEvent: {}
[328.627894] (-) TimerEvent: {}
[328.729062] (-) TimerEvent: {}
[328.829940] (-) TimerEvent: {}
[328.930722] (-) TimerEvent: {}
[329.031583] (-) TimerEvent: {}
[329.132350] (-) TimerEvent: {}
[329.233073] (-) TimerEvent: {}
[329.333867] (-) TimerEvent: {}
[329.434802] (-) TimerEvent: {}
[329.535596] (-) TimerEvent: {}
[329.636641] (-) TimerEvent: {}
[329.738558] (-) TimerEvent: {}
[329.839343] (-) TimerEvent: {}
[329.940286] (-) TimerEvent: {}
[330.041014] (-) TimerEvent: {}
[330.141979] (-) TimerEvent: {}
[330.242768] (-) TimerEvent: {}
[330.343477] (-) TimerEvent: {}
[330.444212] (-) TimerEvent: {}
[330.544949] (-) TimerEvent: {}
[330.645707] (-) TimerEvent: {}
[330.746407] (-) TimerEvent: {}
[330.847118] (-) TimerEvent: {}
[330.947830] (-) TimerEvent: {}
[331.048494] (-) TimerEvent: {}
[331.149211] (-) TimerEvent: {}
[331.249924] (-) TimerEvent: {}
[331.340572] (grab_demo) StdoutLine: {'line': b'[ 48%] Built target hand_eye\n'}
[331.350044] (-) TimerEvent: {}
[331.394035] (grab_demo) StdoutLine: {'line': b'\x1b[35m\x1b[1mConsolidate compiler generated dependencies of target grab_service_node\x1b[0m\n'}
[331.450285] (-) TimerEvent: {}
[331.551162] (-) TimerEvent: {}
[331.632998] (grab_demo) StdoutLine: {'line': b'[ 51%] \x1b[32mBuilding CXX object CMakeFiles/grab_service_node.dir/src/grab_service_node.cpp.o\x1b[0m\n'}
[331.651343] (-) TimerEvent: {}
[331.752056] (-) TimerEvent: {}
[331.853736] (-) TimerEvent: {}
[331.956210] (-) TimerEvent: {}
[332.057261] (-) TimerEvent: {}
[332.158916] (-) TimerEvent: {}
[332.259684] (-) TimerEvent: {}
[332.360662] (-) TimerEvent: {}
[332.461907] (-) TimerEvent: {}
[332.562612] (-) TimerEvent: {}
[332.663325] (-) TimerEvent: {}
[332.764313] (-) TimerEvent: {}
[332.865126] (-) TimerEvent: {}
[332.966519] (-) TimerEvent: {}
[333.067211] (-) TimerEvent: {}
[333.167998] (-) TimerEvent: {}
[333.268732] (-) TimerEvent: {}
[333.369519] (-) TimerEvent: {}
[333.470318] (-) TimerEvent: {}
[333.571060] (-) TimerEvent: {}
[333.672213] (-) TimerEvent: {}
[333.772930] (-) TimerEvent: {}
[333.873870] (-) TimerEvent: {}
[333.977785] (-) TimerEvent: {}
[334.078596] (-) TimerEvent: {}
[334.179345] (-) TimerEvent: {}
[334.280058] (-) TimerEvent: {}
[334.380817] (-) TimerEvent: {}
[334.481726] (-) TimerEvent: {}
[334.582519] (-) TimerEvent: {}
[334.683408] (-) TimerEvent: {}
[334.784324] (-) TimerEvent: {}
[334.885473] (-) TimerEvent: {}
[334.986552] (-) TimerEvent: {}
[335.087432] (-) TimerEvent: {}
[335.188279] (-) TimerEvent: {}
[335.289092] (-) TimerEvent: {}
[335.389982] (-) TimerEvent: {}
[335.492357] (-) TimerEvent: {}
[335.593060] (-) TimerEvent: {}
[335.693818] (-) TimerEvent: {}
[335.794578] (-) TimerEvent: {}
[335.895293] (-) TimerEvent: {}
[335.995959] (-) TimerEvent: {}
[336.096710] (-) TimerEvent: {}
[336.197460] (-) TimerEvent: {}
[336.298212] (-) TimerEvent: {}
[336.398917] (-) TimerEvent: {}
[336.499595] (-) TimerEvent: {}
[336.600276] (-) TimerEvent: {}
[336.700977] (-) TimerEvent: {}
[336.801762] (-) TimerEvent: {}
[336.902473] (-) TimerEvent: {}
[337.003181] (-) TimerEvent: {}
[337.103881] (-) TimerEvent: {}
[337.204616] (-) TimerEvent: {}
[337.305422] (-) TimerEvent: {}
[337.406224] (-) TimerEvent: {}
[337.507036] (-) TimerEvent: {}
[337.607763] (-) TimerEvent: {}
[337.708500] (-) TimerEvent: {}
[337.809265] (-) TimerEvent: {}
[337.909971] (-) TimerEvent: {}
[338.010699] (-) TimerEvent: {}
[338.111539] (-) TimerEvent: {}
[338.212264] (-) TimerEvent: {}
[338.313000] (-) TimerEvent: {}
[338.413675] (-) TimerEvent: {}
[338.486914] (grab_demo) StdoutLine: {'line': b'\x1b[35m\x1b[1mConsolidate compiler generated dependencies of target start_grab\x1b[0m\n'}
[338.513942] (-) TimerEvent: {}
[338.599041] (grab_demo) StdoutLine: {'line': b'[ 53%] \x1b[32mBuilding CXX object CMakeFiles/start_grab.dir/src/start_grab.cpp.o\x1b[0m\n'}
[338.614089] (-) TimerEvent: {}
[338.714755] (-) TimerEvent: {}
[338.815449] (-) TimerEvent: {}
[338.916134] (-) TimerEvent: {}
[339.016825] (-) TimerEvent: {}
[339.117497] (-) TimerEvent: {}
[339.218158] (-) TimerEvent: {}
[339.318824] (-) TimerEvent: {}
[339.420284] (-) TimerEvent: {}
[339.521951] (-) TimerEvent: {}
[339.611486] (grab_demo) StdoutLine: {'line': b'\x1b[35m\x1b[1mConsolidate compiler generated dependencies of target grab_demo__rosidl_typesupport_introspection_cpp\x1b[0m\n'}
[339.622458] (-) TimerEvent: {}
[339.720549] (grab_demo) StdoutLine: {'line': b'[ 55%] \x1b[32mBuilding CXX object CMakeFiles/grab_demo__rosidl_typesupport_introspection_cpp.dir/rosidl_typesupport_introspection_cpp/grab_demo/srv/detail/grab_object__type_support.cpp.o\x1b[0m\n'}
[339.723142] (-) TimerEvent: {}
[339.740136] (grab_demo) StdoutLine: {'line': b'running egg_info\n'}
[339.742054] (grab_demo) StdoutLine: {'line': b'writing grab_demo.egg-info/PKG-INFO\n'}
[339.743747] (grab_demo) StdoutLine: {'line': b'writing dependency_links to grab_demo.egg-info/dependency_links.txt\n'}
[339.744668] (grab_demo) StdoutLine: {'line': b'writing top-level names to grab_demo.egg-info/top_level.txt\n'}
[339.753118] (grab_demo) StdoutLine: {'line': b"reading manifest file 'grab_demo.egg-info/SOURCES.txt'\n"}
[339.754604] (grab_demo) StdoutLine: {'line': b"writing manifest file 'grab_demo.egg-info/SOURCES.txt'\n"}
[339.823336] (-) TimerEvent: {}
[339.893219] (grab_demo) StdoutLine: {'line': b'[ 55%] Built target ament_cmake_python_build_grab_demo_egg\n'}
[339.923525] (-) TimerEvent: {}
[339.947362] (grab_demo) StdoutLine: {'line': b'\x1b[35m\x1b[1mConsolidate compiler generated dependencies of target grab_demo__rosidl_typesupport_c\x1b[0m\n'}
[340.001796] (grab_demo) StdoutLine: {'line': b'[ 57%] \x1b[32mBuilding CXX object CMakeFiles/grab_demo__rosidl_typesupport_c.dir/rosidl_typesupport_c/grab_demo/srv/grab_object__type_support.cpp.o\x1b[0m\n'}
[340.023712] (-) TimerEvent: {}
[340.124524] (-) TimerEvent: {}
[340.225220] (-) TimerEvent: {}
[340.249130] (grab_demo) StdoutLine: {'line': b'[ 59%] \x1b[32m\x1b[1mLinking CXX shared library libgrab_demo__rosidl_typesupport_c.so\x1b[0m\n'}
[340.325428] (-) TimerEvent: {}
[340.426169] (-) TimerEvent: {}
[340.526920] (-) TimerEvent: {}
[340.537933] (grab_demo) StdoutLine: {'line': b'[ 61%] Built target grab_demo__rosidl_typesupport_c\n'}
[340.597806] (grab_demo) StdoutLine: {'line': b'\x1b[35m\x1b[1mConsolidate compiler generated dependencies of target nav_grab\x1b[0m\n'}
[340.628851] (-) TimerEvent: {}
[340.647484] (grab_demo) StdoutLine: {'line': b'\x1b[35m\x1b[1mConsolidate compiler generated dependencies of target grab_demo__rosidl_typesupport_introspection_c\x1b[0m\n'}
[340.726941] (grab_demo) StdoutLine: {'line': b'[ 63%] \x1b[32mBuilding C object CMakeFiles/grab_demo__rosidl_typesupport_introspection_c.dir/rosidl_typesupport_introspection_c/grab_demo/srv/detail/grab_object__type_support.c.o\x1b[0m\n'}
[340.728988] (-) TimerEvent: {}
[340.747071] (grab_demo) StdoutLine: {'line': b'[ 65%] \x1b[32mBuilding CXX object CMakeFiles/nav_grab.dir/src/nav_grab.cpp.o\x1b[0m\n'}
[340.829223] (-) TimerEvent: {}
[340.930364] (-) TimerEvent: {}
[341.031105] (-) TimerEvent: {}
[341.111436] (grab_demo) StdoutLine: {'line': b'[ 68%] \x1b[32m\x1b[1mLinking C shared library libgrab_demo__rosidl_typesupport_introspection_c.so\x1b[0m\n'}
[341.131283] (-) TimerEvent: {}
[341.232234] (-) TimerEvent: {}
[341.333005] (-) TimerEvent: {}
[341.364315] (grab_demo) StdoutLine: {'line': b'[ 70%] Built target grab_demo__rosidl_typesupport_introspection_c\n'}
[341.377481] (grab_demo) StdoutLine: {'line': b'[ 72%] \x1b[32m\x1b[1mLinking CXX shared library libgrab_demo__rosidl_typesupport_introspection_cpp.so\x1b[0m\n'}
[341.433176] (-) TimerEvent: {}
[341.534759] (-) TimerEvent: {}
[341.623831] (grab_demo) StdoutLine: {'line': b'[ 74%] Built target grab_demo__rosidl_typesupport_introspection_cpp\n'}
[341.634914] (-) TimerEvent: {}
[341.706593] (grab_demo) StdoutLine: {'line': b'[ 74%] Built target grab_demo\n'}
[341.735141] (-) TimerEvent: {}
[341.772054] (grab_demo) StdoutLine: {'line': b'[ 76%] Built target grab_demo__py\n'}
[341.804950] (grab_demo) StdoutLine: {'line': b'\x1b[35m\x1b[1mConsolidate compiler generated dependencies of target grab_demo__rosidl_generator_py\x1b[0m\n'}
[341.836372] (-) TimerEvent: {}
[341.869868] (grab_demo) StdoutLine: {'line': b'[ 78%] \x1b[32mBuilding C object CMakeFiles/grab_demo__rosidl_generator_py.dir/rosidl_generator_py/grab_demo/srv/_grab_object_s.c.o\x1b[0m\n'}
[341.938797] (-) TimerEvent: {}
[342.039729] (-) TimerEvent: {}
[342.140579] (-) TimerEvent: {}
[342.241405] (-) TimerEvent: {}
[342.342155] (-) TimerEvent: {}
[342.442881] (-) TimerEvent: {}
[342.543828] (-) TimerEvent: {}
[342.565065] (grab_demo) StdoutLine: {'line': b'[ 80%] \x1b[32m\x1b[1mLinking C shared library rosidl_generator_py/grab_demo/libgrab_demo__rosidl_generator_py.so\x1b[0m\n'}
[342.644025] (-) TimerEvent: {}
[342.744941] (-) TimerEvent: {}
[342.762351] (grab_demo) StdoutLine: {'line': b'[ 80%] Built target grab_demo__rosidl_generator_py\n'}
[342.839236] (grab_demo) StdoutLine: {'line': b'\x1b[35m\x1b[1mConsolidate compiler generated dependencies of target grab_demo__rosidl_typesupport_fastrtps_c__pyext\x1b[0m\n'}
[342.845160] (-) TimerEvent: {}
[342.866691] (grab_demo) StdoutLine: {'line': b'\x1b[35m\x1b[1mConsolidate compiler generated dependencies of target grab_demo__rosidl_typesupport_introspection_c__pyext\x1b[0m\n'}
[342.945315] (-) TimerEvent: {}
[342.949049] (grab_demo) StdoutLine: {'line': b'[ 82%] \x1b[32mBuilding C object CMakeFiles/grab_demo__rosidl_typesupport_fastrtps_c__pyext.dir/rosidl_generator_py/grab_demo/_grab_demo_s.ep.rosidl_typesupport_fastrtps_c.c.o\x1b[0m\n'}
[342.982461] (grab_demo) StdoutLine: {'line': b'[ 85%] \x1b[32mBuilding C object CMakeFiles/grab_demo__rosidl_typesupport_introspection_c__pyext.dir/rosidl_generator_py/grab_demo/_grab_demo_s.ep.rosidl_typesupport_introspection_c.c.o\x1b[0m\n'}
[343.045985] (-) TimerEvent: {}
[343.146722] (-) TimerEvent: {}
[343.247502] (-) TimerEvent: {}
[343.348267] (-) TimerEvent: {}
[343.448994] (-) TimerEvent: {}
[343.523889] (grab_demo) StdoutLine: {'line': b'[ 87%] \x1b[32m\x1b[1mLinking C shared library rosidl_generator_py/grab_demo/grab_demo_s__rosidl_typesupport_introspection_c.cpython-310-aarch64-linux-gnu.so\x1b[0m\n'}
[343.547099] (grab_demo) StdoutLine: {'line': b'[ 89%] \x1b[32m\x1b[1mLinking C shared library rosidl_generator_py/grab_demo/grab_demo_s__rosidl_typesupport_fastrtps_c.cpython-310-aarch64-linux-gnu.so\x1b[0m\n'}
[343.549098] (-) TimerEvent: {}
[343.649938] (-) TimerEvent: {}
[343.751417] (-) TimerEvent: {}
[343.757364] (grab_demo) StdoutLine: {'line': b'[ 89%] Built target grab_demo__rosidl_typesupport_fastrtps_c__pyext\n'}
[343.776424] (grab_demo) StdoutLine: {'line': b'[ 89%] Built target grab_demo__rosidl_typesupport_introspection_c__pyext\n'}
[343.851611] (-) TimerEvent: {}
[343.952720] (-) TimerEvent: {}
[344.053458] (-) TimerEvent: {}
[344.154699] (-) TimerEvent: {}
[344.255988] (-) TimerEvent: {}
[344.356922] (-) TimerEvent: {}
[344.457895] (-) TimerEvent: {}
[344.559332] (-) TimerEvent: {}
[344.660110] (-) TimerEvent: {}
[344.760856] (-) TimerEvent: {}
[344.861589] (-) TimerEvent: {}
[344.962374] (-) TimerEvent: {}
[345.063100] (-) TimerEvent: {}
[345.163874] (-) TimerEvent: {}
[345.264596] (-) TimerEvent: {}
[345.365262] (-) TimerEvent: {}
[345.466032] (-) TimerEvent: {}
[345.566684] (-) TimerEvent: {}
[345.667911] (-) TimerEvent: {}
[345.768617] (-) TimerEvent: {}
[345.869273] (-) TimerEvent: {}
[345.972663] (-) TimerEvent: {}
[346.073692] (-) TimerEvent: {}
[346.174401] (-) TimerEvent: {}
[346.275062] (-) TimerEvent: {}
[346.375747] (-) TimerEvent: {}
[346.476518] (-) TimerEvent: {}
[346.577198] (-) TimerEvent: {}
[346.678099] (-) TimerEvent: {}
[346.778913] (-) TimerEvent: {}
[346.879638] (-) TimerEvent: {}
[346.985756] (-) TimerEvent: {}
[347.086448] (-) TimerEvent: {}
[347.187292] (-) TimerEvent: {}
[347.289784] (-) TimerEvent: {}
[347.390462] (-) TimerEvent: {}
[347.494364] (-) TimerEvent: {}
[347.595108] (-) TimerEvent: {}
[347.695939] (-) TimerEvent: {}
[347.796631] (-) TimerEvent: {}
[347.897318] (-) TimerEvent: {}
[347.998077] (-) TimerEvent: {}
[348.098766] (-) TimerEvent: {}
[348.199601] (-) TimerEvent: {}
[348.300324] (-) TimerEvent: {}
[348.401048] (-) TimerEvent: {}
[348.501772] (-) TimerEvent: {}
[348.602530] (-) TimerEvent: {}
[348.703734] (-) TimerEvent: {}
[348.804992] (-) TimerEvent: {}
[348.907023] (-) TimerEvent: {}
[349.007811] (-) TimerEvent: {}
[349.108567] (-) TimerEvent: {}
[349.209245] (-) TimerEvent: {}
[349.312025] (-) TimerEvent: {}
[349.412694] (-) TimerEvent: {}
[349.513443] (-) TimerEvent: {}
[349.614158] (-) TimerEvent: {}
[349.714827] (-) TimerEvent: {}
[349.816486] (-) TimerEvent: {}
[349.917164] (-) TimerEvent: {}
[350.017911] (-) TimerEvent: {}
[350.118592] (-) TimerEvent: {}
[350.219303] (-) TimerEvent: {}
[350.320735] (-) TimerEvent: {}
[350.423213] (-) TimerEvent: {}
[350.524490] (-) TimerEvent: {}
[350.625311] (-) TimerEvent: {}
[350.726301] (-) TimerEvent: {}
[350.827130] (-) TimerEvent: {}
[350.933703] (-) TimerEvent: {}
[351.034785] (-) TimerEvent: {}
[351.135510] (-) TimerEvent: {}
[351.236676] (-) TimerEvent: {}
[351.337660] (-) TimerEvent: {}
[351.375367] (grab_demo) StderrLine: {'line': b'\x1b[01m\x1b[K/home/dxf/wheeltec_lebai_humble_2024_7_17/src/grab_demo/src/nav_grab.cpp:\x1b[m\x1b[K In member function \xe2\x80\x98\x1b[01m\x1b[Kvoid Nav_grab::feedback_callback(rclcpp_action::ClientGoalHandle<nav2_msgs::action::NavigateToPose>::SharedPtr, std::shared_ptr<const nav2_msgs::action::NavigateToPose_Feedback_<std::allocator<void> > >)\x1b[m\x1b[K\xe2\x80\x99:\n'}
[351.387491] (grab_demo) StderrLine: {'line': b'\x1b[01m\x1b[K/home/dxf/wheeltec_lebai_humble_2024_7_17/src/grab_demo/src/nav_grab.cpp:75:107:\x1b[m\x1b[K \x1b[01;35m\x1b[Kwarning: \x1b[m\x1b[Kunused parameter \xe2\x80\x98\x1b[01m\x1b[Kfeedback\x1b[m\x1b[K\xe2\x80\x99 [\x1b[01;35m\x1b[K\x1b]8;;https://gcc.gnu.org/onlinedocs/gcc/Warning-Options.html#index-Wunused-parameter\x07-Wunused-parameter\x1b]8;;\x07\x1b[m\x1b[K]\n'}
[351.387909] (grab_demo) StderrLine: {'line': b'   75 |     void feedback_callback(ClientGoalHandle::SharedPtr,\x1b[01;35m\x1b[Kconst std::shared_ptr<const Nav2_client::Feedback> feedback\x1b[m\x1b[K)\n'}
[351.388327] (grab_demo) StderrLine: {'line': b'      |                                                        \x1b[01;35m\x1b[K~~~~~~~~~~~~~~~~~~~~~~~~~~~~~~~~~~~~~~~~~~~~~~~~~~~^~~~~~~~\x1b[m\x1b[K\n'}
[351.437791] (-) TimerEvent: {}
[351.539306] (-) TimerEvent: {}
[351.641322] (-) TimerEvent: {}
[351.742516] (-) TimerEvent: {}
[351.843363] (-) TimerEvent: {}
[351.944293] (-) TimerEvent: {}
[352.045339] (-) TimerEvent: {}
[352.146157] (-) TimerEvent: {}
[352.250116] (-) TimerEvent: {}
[352.351115] (-) TimerEvent: {}
[352.451932] (-) TimerEvent: {}
[352.553158] (-) TimerEvent: {}
[352.653882] (-) TimerEvent: {}
[352.755362] (-) TimerEvent: {}
[352.856645] (-) TimerEvent: {}
[352.957359] (-) TimerEvent: {}
[353.058091] (-) TimerEvent: {}
[353.158793] (-) TimerEvent: {}
[353.259527] (-) TimerEvent: {}
[353.360247] (-) TimerEvent: {}
[353.461026] (-) TimerEvent: {}
[353.561698] (-) TimerEvent: {}
[353.662359] (-) TimerEvent: {}
[353.763021] (-) TimerEvent: {}
[353.864876] (-) TimerEvent: {}
[353.965550] (-) TimerEvent: {}
[354.066253] (-) TimerEvent: {}
[354.166913] (-) TimerEvent: {}
[354.267583] (-) TimerEvent: {}
[354.369000] (-) TimerEvent: {}
[354.471613] (-) TimerEvent: {}
[354.572496] (-) TimerEvent: {}
[354.673657] (-) TimerEvent: {}
[354.774750] (-) TimerEvent: {}
[354.875642] (-) TimerEvent: {}
[354.976539] (-) TimerEvent: {}
[355.077544] (-) TimerEvent: {}
[355.178513] (-) TimerEvent: {}
[355.279385] (-) TimerEvent: {}
[355.380338] (-) TimerEvent: {}
[355.481056] (-) TimerEvent: {}
[355.581713] (-) TimerEvent: {}
[355.682463] (-) TimerEvent: {}
[355.783104] (-) TimerEvent: {}
[355.885496] (-) TimerEvent: {}
[355.986262] (-) TimerEvent: {}
[356.087374] (-) TimerEvent: {}
[356.188098] (-) TimerEvent: {}
[356.288811] (-) TimerEvent: {}
[356.389775] (-) TimerEvent: {}
[356.490869] (-) TimerEvent: {}
[356.591571] (-) TimerEvent: {}
[356.692243] (-) TimerEvent: {}
[356.792996] (-) TimerEvent: {}
[356.893711] (-) TimerEvent: {}
[356.994429] (-) TimerEvent: {}
[357.095116] (-) TimerEvent: {}
[357.195916] (-) TimerEvent: {}
[357.296795] (-) TimerEvent: {}
[357.397686] (-) TimerEvent: {}
[357.498598] (-) TimerEvent: {}
[357.599503] (-) TimerEvent: {}
[357.700432] (-) TimerEvent: {}
[357.801285] (-) TimerEvent: {}
[357.902009] (-) TimerEvent: {}
[358.002687] (-) TimerEvent: {}
[358.103340] (-) TimerEvent: {}
[358.214416] (-) TimerEvent: {}
[358.331114] (-) TimerEvent: {}
[358.449737] (-) TimerEvent: {}
[358.550375] (-) TimerEvent: {}
[358.651083] (-) TimerEvent: {}
[358.751730] (-) TimerEvent: {}
[358.852437] (-) TimerEvent: {}
[358.953105] (-) TimerEvent: {}
[359.054625] (-) TimerEvent: {}
[359.159572] (-) TimerEvent: {}
[359.260562] (-) TimerEvent: {}
[359.361305] (-) TimerEvent: {}
[359.463321] (-) TimerEvent: {}
[359.564103] (-) TimerEvent: {}
[359.664882] (-) TimerEvent: {}
[359.765896] (-) TimerEvent: {}
[359.866709] (-) TimerEvent: {}
[359.953539] (grab_demo) StdoutLine: {'line': b'[ 91%] \x1b[32m\x1b[1mLinking CXX executable nav_grab\x1b[0m\n'}
[359.966785] (-) TimerEvent: {}
[360.067598] (-) TimerEvent: {}
[360.168257] (-) TimerEvent: {}
[360.268958] (-) TimerEvent: {}
[360.369707] (-) TimerEvent: {}
[360.470372] (-) TimerEvent: {}
[360.571052] (-) TimerEvent: {}
[360.671669] (-) TimerEvent: {}
[360.713232] (grab_demo) StdoutLine: {'line': b'[ 91%] Built target nav_grab\n'}
[360.771826] (-) TimerEvent: {}
[360.872829] (-) TimerEvent: {}
[360.973484] (-) TimerEvent: {}
[361.074921] (-) TimerEvent: {}
[361.176011] (-) TimerEvent: {}
[361.277044] (-) TimerEvent: {}
[361.379432] (-) TimerEvent: {}
[361.480131] (-) TimerEvent: {}
[361.580838] (-) TimerEvent: {}
[361.681657] (-) TimerEvent: {}
[361.782591] (-) TimerEvent: {}
[361.883273] (-) TimerEvent: {}
[361.984246] (-) TimerEvent: {}
[362.087060] (-) TimerEvent: {}
[362.187786] (-) TimerEvent: {}
[362.289049] (-) TimerEvent: {}
[362.389765] (-) TimerEvent: {}
[362.490614] (-) TimerEvent: {}
[362.591337] (-) TimerEvent: {}
[362.692096] (-) TimerEvent: {}
[362.792878] (-) TimerEvent: {}
[362.893581] (-) TimerEvent: {}
[362.994464] (-) TimerEvent: {}
[363.095179] (-) TimerEvent: {}
[363.195910] (-) TimerEvent: {}
[363.296623] (-) TimerEvent: {}
[363.401179] (-) TimerEvent: {}
[363.501906] (-) TimerEvent: {}
[363.602643] (-) TimerEvent: {}
[363.703430] (-) TimerEvent: {}
[363.804267] (-) TimerEvent: {}
[363.905253] (-) TimerEvent: {}
[364.006022] (-) TimerEvent: {}
[364.106768] (-) TimerEvent: {}
[364.207484] (-) TimerEvent: {}
[364.308227] (-) TimerEvent: {}
[364.409797] (-) TimerEvent: {}
[364.510492] (-) TimerEvent: {}
[364.611193] (-) TimerEvent: {}
[364.711866] (-) TimerEvent: {}
[364.812540] (-) TimerEvent: {}
[364.913235] (-) TimerEvent: {}
[365.013941] (-) TimerEvent: {}
[365.114587] (-) TimerEvent: {}
[365.215268] (-) TimerEvent: {}
[365.315994] (-) TimerEvent: {}
[365.416700] (-) TimerEvent: {}
[365.517449] (-) TimerEvent: {}
[365.618140] (-) TimerEvent: {}
[365.718819] (-) TimerEvent: {}
[365.819536] (-) TimerEvent: {}
[365.920276] (-) TimerEvent: {}
[366.021266] (-) TimerEvent: {}
[366.122367] (-) TimerEvent: {}
[366.223083] (-) TimerEvent: {}
[366.323959] (-) TimerEvent: {}
[366.424664] (-) TimerEvent: {}
[366.525513] (-) TimerEvent: {}
[366.626511] (-) TimerEvent: {}
[366.727207] (-) TimerEvent: {}
[366.827917] (-) TimerEvent: {}
[366.928618] (-) TimerEvent: {}
[367.029311] (-) TimerEvent: {}
[367.130076] (-) TimerEvent: {}
[367.230765] (-) TimerEvent: {}
[367.331465] (-) TimerEvent: {}
[367.432194] (-) TimerEvent: {}
[367.533247] (-) TimerEvent: {}
[367.633985] (-) TimerEvent: {}
[367.737818] (-) TimerEvent: {}
[367.838689] (-) TimerEvent: {}
[367.940245] (-) TimerEvent: {}
[368.040970] (-) TimerEvent: {}
[368.141786] (-) TimerEvent: {}
[368.242772] (-) TimerEvent: {}
[368.343594] (-) TimerEvent: {}
[368.444338] (-) TimerEvent: {}
[368.545347] (-) TimerEvent: {}
[368.646109] (-) TimerEvent: {}
[368.747366] (-) TimerEvent: {}
[368.848096] (-) TimerEvent: {}
[368.948807] (-) TimerEvent: {}
[369.049512] (-) TimerEvent: {}
[369.150240] (-) TimerEvent: {}
[369.251002] (-) TimerEvent: {}
[369.351750] (-) TimerEvent: {}
[369.452767] (-) TimerEvent: {}
[369.553478] (-) TimerEvent: {}
[369.654211] (-) TimerEvent: {}
[369.754916] (-) TimerEvent: {}
[369.855668] (-) TimerEvent: {}
[369.956347] (-) TimerEvent: {}
[370.057086] (-) TimerEvent: {}
[370.157784] (-) TimerEvent: {}
[370.258522] (-) TimerEvent: {}
[370.360579] (-) TimerEvent: {}
[370.461341] (-) TimerEvent: {}
[370.562508] (-) TimerEvent: {}
[370.663284] (-) TimerEvent: {}
[370.763929] (-) TimerEvent: {}
[370.864592] (-) TimerEvent: {}
[370.965260] (-) TimerEvent: {}
[371.065950] (-) TimerEvent: {}
[371.166664] (-) TimerEvent: {}
[371.267341] (-) TimerEvent: {}
[371.367983] (-) TimerEvent: {}
[371.468676] (-) TimerEvent: {}
[371.569375] (-) TimerEvent: {}
[371.670069] (-) TimerEvent: {}
[371.770733] (-) TimerEvent: {}
[371.871435] (-) TimerEvent: {}
[371.972179] (-) TimerEvent: {}
[372.072853] (-) TimerEvent: {}
[372.173512] (-) TimerEvent: {}
[372.274216] (-) TimerEvent: {}
[372.374996] (-) TimerEvent: {}
[372.475633] (-) TimerEvent: {}
[372.576328] (-) TimerEvent: {}
[372.677147] (-) TimerEvent: {}
[372.777820] (-) TimerEvent: {}
[372.878591] (-) TimerEvent: {}
[372.979230] (-) TimerEvent: {}
[373.079902] (-) TimerEvent: {}
[373.180584] (-) TimerEvent: {}
[373.281436] (-) TimerEvent: {}
[373.382211] (-) TimerEvent: {}
[373.482896] (-) TimerEvent: {}
[373.583600] (-) TimerEvent: {}
[373.684250] (-) TimerEvent: {}
[373.784914] (-) TimerEvent: {}
[373.885642] (-) TimerEvent: {}
[373.986339] (-) TimerEvent: {}
[374.087047] (-) TimerEvent: {}
[374.187761] (-) TimerEvent: {}
[374.289076] (-) TimerEvent: {}
[374.389784] (-) TimerEvent: {}
[374.490809] (-) TimerEvent: {}
[374.591535] (-) TimerEvent: {}
[374.692268] (-) TimerEvent: {}
[374.793023] (-) TimerEvent: {}
[374.893728] (-) TimerEvent: {}
[374.994451] (-) TimerEvent: {}
[375.095159] (-) TimerEvent: {}
[375.195864] (-) TimerEvent: {}
[375.296596] (-) TimerEvent: {}
[375.384034] (grab_demo) StderrLine: {'line': b'\x1b[01m\x1b[K/home/dxf/wheeltec_lebai_humble_2024_7_17/src/grab_demo/src/grab_service_node.cpp:\x1b[m\x1b[K In member function \xe2\x80\x98\x1b[01m\x1b[Kvoid obj_grab::start_grab(std::shared_ptr<grab_demo::srv::GrabObject_Request_<std::allocator<void> > >, std::shared_ptr<grab_demo::srv::GrabObject_Response_<std::allocator<void> > >)\x1b[m\x1b[K\xe2\x80\x99:\n'}
[375.403098] (-) TimerEvent: {}
[375.403458] (grab_demo) StderrLine: {'line': b'\x1b[01m\x1b[K/home/dxf/wheeltec_lebai_humble_2024_7_17/src/grab_demo/src/grab_service_node.cpp:49:144:\x1b[m\x1b[K \x1b[01;35m\x1b[Kwarning: \x1b[m\x1b[Kunused parameter \xe2\x80\x98\x1b[01m\x1b[Kres\x1b[m\x1b[K\xe2\x80\x99 [\x1b[01;35m\x1b[K\x1b]8;;https://gcc.gnu.org/onlinedocs/gcc/Warning-Options.html#index-Wunused-parameter\x07-Wunused-parameter\x1b]8;;\x07\x1b[m\x1b[K]\n'}
[375.404072] (grab_demo) StderrLine: {'line': b'   49 | _grab::start_grab(const std::shared_ptr<grab_demo::srv::GrabObject::Request> req,\x1b[01;35m\x1b[Kstd::shared_ptr<grab_demo::srv::GrabObject::Response> res\x1b[m\x1b[K)\n'}
[375.404915] (grab_demo) StderrLine: {'line': b'      |                                                                                  \x1b[01;35m\x1b[K~~~~~~~~~~~~~~~~~~~~~~~~~~~~~~~~~~~~~~~~~~~~~~~~~~~~~~^~~\x1b[m\x1b[K\n'}
[375.405100] (grab_demo) StderrLine: {'line': b'\n'}
[375.503298] (-) TimerEvent: {}
[375.604026] (-) TimerEvent: {}
[375.704723] (-) TimerEvent: {}
[375.805455] (-) TimerEvent: {}
[375.906174] (-) TimerEvent: {}
[376.006924] (-) TimerEvent: {}
[376.107650] (-) TimerEvent: {}
[376.208365] (-) TimerEvent: {}
[376.309371] (-) TimerEvent: {}
[376.410074] (-) TimerEvent: {}
[376.510746] (-) TimerEvent: {}
[376.611464] (-) TimerEvent: {}
[376.712207] (-) TimerEvent: {}
[376.813279] (-) TimerEvent: {}
[376.914026] (-) TimerEvent: {}
[377.014838] (-) TimerEvent: {}
[377.115701] (-) TimerEvent: {}
[377.220851] (-) TimerEvent: {}
[377.321561] (-) TimerEvent: {}
[377.422275] (-) TimerEvent: {}
[377.523161] (-) TimerEvent: {}
[377.623837] (-) TimerEvent: {}
[377.724554] (-) TimerEvent: {}
[377.825559] (-) TimerEvent: {}
[377.926295] (-) TimerEvent: {}
[378.027009] (-) TimerEvent: {}
[378.127747] (-) TimerEvent: {}
[378.228633] (-) TimerEvent: {}
[378.329414] (-) TimerEvent: {}
[378.430141] (-) TimerEvent: {}
[378.531167] (-) TimerEvent: {}
[378.634342] (-) TimerEvent: {}
[378.735293] (-) TimerEvent: {}
[378.836148] (-) TimerEvent: {}
[378.936876] (-) TimerEvent: {}
[379.037630] (-) TimerEvent: {}
[379.138376] (-) TimerEvent: {}
[379.239268] (-) TimerEvent: {}
[379.340087] (-) TimerEvent: {}
[379.440848] (-) TimerEvent: {}
[379.541820] (-) TimerEvent: {}
[379.642654] (-) TimerEvent: {}
[379.743618] (-) TimerEvent: {}
[379.844349] (-) TimerEvent: {}
[379.945094] (-) TimerEvent: {}
[380.047371] (-) TimerEvent: {}
[380.148143] (-) TimerEvent: {}
[380.248903] (-) TimerEvent: {}
[380.349640] (-) TimerEvent: {}
[380.450459] (-) TimerEvent: {}
[380.551368] (-) TimerEvent: {}
[380.652322] (-) TimerEvent: {}
[380.753445] (-) TimerEvent: {}
[380.854512] (-) TimerEvent: {}
[380.955480] (-) TimerEvent: {}
[381.056324] (-) TimerEvent: {}
[381.157229] (-) TimerEvent: {}
[381.258336] (-) TimerEvent: {}
[381.358998] (-) TimerEvent: {}
[381.459646] (-) TimerEvent: {}
[381.560300] (-) TimerEvent: {}
[381.661056] (-) TimerEvent: {}
[381.761834] (-) TimerEvent: {}
[381.863180] (-) TimerEvent: {}
[381.964764] (-) TimerEvent: {}
[382.065906] (-) TimerEvent: {}
[382.166845] (-) TimerEvent: {}
[382.267549] (-) TimerEvent: {}
[382.368880] (-) TimerEvent: {}
[382.474288] (-) TimerEvent: {}
[382.575586] (-) TimerEvent: {}
[382.676915] (-) TimerEvent: {}
[382.778260] (-) TimerEvent: {}
[382.879591] (-) TimerEvent: {}
[382.980254] (-) TimerEvent: {}
[383.080916] (-) TimerEvent: {}
[383.181651] (-) TimerEvent: {}
[383.282314] (-) TimerEvent: {}
[383.383041] (-) TimerEvent: {}
[383.484553] (-) TimerEvent: {}
[383.585301] (-) TimerEvent: {}
[383.686050] (-) TimerEvent: {}
[383.786755] (-) TimerEvent: {}
[383.888384] (-) TimerEvent: {}
[383.989243] (-) TimerEvent: {}
[384.089979] (-) TimerEvent: {}
[384.191399] (-) TimerEvent: {}
[384.294960] (-) TimerEvent: {}
[384.395684] (-) TimerEvent: {}
[384.496610] (-) TimerEvent: {}
[384.597811] (-) TimerEvent: {}
[384.701124] (-) TimerEvent: {}
[384.802232] (-) TimerEvent: {}
[384.903091] (-) TimerEvent: {}
[385.003822] (-) TimerEvent: {}
[385.104613] (-) TimerEvent: {}
[385.205444] (-) TimerEvent: {}
[385.306317] (-) TimerEvent: {}
[385.407428] (-) TimerEvent: {}
[385.508449] (-) TimerEvent: {}
[385.609927] (-) TimerEvent: {}
[385.711288] (-) TimerEvent: {}
[385.812569] (-) TimerEvent: {}
[385.913485] (-) TimerEvent: {}
[386.014419] (-) TimerEvent: {}
[386.115981] (-) TimerEvent: {}
[386.216623] (-) TimerEvent: {}
[386.317339] (-) TimerEvent: {}
[386.418071] (-) TimerEvent: {}
[386.518731] (-) TimerEvent: {}
[386.619485] (-) TimerEvent: {}
[386.720189] (-) TimerEvent: {}
[386.820909] (-) TimerEvent: {}
[386.921672] (-) TimerEvent: {}
[387.022391] (-) TimerEvent: {}
[387.123575] (-) TimerEvent: {}
[387.224306] (-) TimerEvent: {}
[387.325640] (-) TimerEvent: {}
[387.426878] (-) TimerEvent: {}
[387.527976] (-) TimerEvent: {}
[387.629101] (-) TimerEvent: {}
[387.730076] (-) TimerEvent: {}
[387.831338] (-) TimerEvent: {}
[387.932070] (-) TimerEvent: {}
[388.032911] (-) TimerEvent: {}
[388.133941] (-) TimerEvent: {}
[388.234823] (-) TimerEvent: {}
[388.335592] (-) TimerEvent: {}
[388.436375] (-) TimerEvent: {}
[388.537182] (-) TimerEvent: {}
[388.637997] (-) TimerEvent: {}
[388.738755] (-) TimerEvent: {}
[388.839561] (-) TimerEvent: {}
[388.940761] (-) TimerEvent: {}
[389.041532] (-) TimerEvent: {}
[389.142357] (-) TimerEvent: {}
[389.243035] (-) TimerEvent: {}
[389.343721] (-) TimerEvent: {}
[389.444415] (-) TimerEvent: {}
[389.545239] (-) TimerEvent: {}
[389.646896] (-) TimerEvent: {}
[389.747838] (-) TimerEvent: {}
[389.849028] (-) TimerEvent: {}
[389.950172] (-) TimerEvent: {}
[390.051103] (-) TimerEvent: {}
[390.151866] (-) TimerEvent: {}
[390.252630] (-) TimerEvent: {}
[390.353419] (-) TimerEvent: {}
[390.454169] (-) TimerEvent: {}
[390.555344] (-) TimerEvent: {}
[390.656558] (-) TimerEvent: {}
[390.758071] (-) TimerEvent: {}
[390.865797] (-) TimerEvent: {}
[390.967495] (-) TimerEvent: {}
[391.068157] (-) TimerEvent: {}
[391.168896] (-) TimerEvent: {}
[391.269668] (-) TimerEvent: {}
[391.370373] (-) TimerEvent: {}
[391.471515] (-) TimerEvent: {}
[391.572396] (-) TimerEvent: {}
[391.673528] (-) TimerEvent: {}
[391.774549] (-) TimerEvent: {}
[391.875327] (-) TimerEvent: {}
[391.976363] (-) TimerEvent: {}
[392.077126] (-) TimerEvent: {}
[392.178190] (-) TimerEvent: {}
[392.278985] (-) TimerEvent: {}
[392.379651] (-) TimerEvent: {}
[392.480408] (-) TimerEvent: {}
[392.581139] (-) TimerEvent: {}
[392.681963] (-) TimerEvent: {}
[392.782713] (-) TimerEvent: {}
[392.883424] (-) TimerEvent: {}
[392.984115] (-) TimerEvent: {}
[393.084851] (-) TimerEvent: {}
[393.185561] (-) TimerEvent: {}
[393.286290] (-) TimerEvent: {}
[393.387053] (-) TimerEvent: {}
[393.487841] (-) TimerEvent: {}
[393.588553] (-) TimerEvent: {}
[393.689262] (-) TimerEvent: {}
[393.789982] (-) TimerEvent: {}
[393.890685] (-) TimerEvent: {}
[393.991755] (-) TimerEvent: {}
[394.094482] (-) TimerEvent: {}
[394.195460] (-) TimerEvent: {}
[394.296538] (-) TimerEvent: {}
[394.397629] (-) TimerEvent: {}
[394.498627] (-) TimerEvent: {}
[394.599833] (-) TimerEvent: {}
[394.700741] (-) TimerEvent: {}
[394.801679] (-) TimerEvent: {}
[394.902547] (-) TimerEvent: {}
[395.003286] (-) TimerEvent: {}
[395.104102] (-) TimerEvent: {}
[395.204938] (-) TimerEvent: {}
[395.305781] (-) TimerEvent: {}
[395.406492] (-) TimerEvent: {}
[395.507361] (-) TimerEvent: {}
[395.609428] (-) TimerEvent: {}
[395.710452] (-) TimerEvent: {}
[395.811580] (-) TimerEvent: {}
[395.912378] (-) TimerEvent: {}
[396.013166] (-) TimerEvent: {}
[396.113986] (-) TimerEvent: {}
[396.214782] (-) TimerEvent: {}
[396.315584] (-) TimerEvent: {}
[396.416312] (-) TimerEvent: {}
[396.516979] (-) TimerEvent: {}
[396.617717] (-) TimerEvent: {}
[396.718384] (-) TimerEvent: {}
[396.819030] (-) TimerEvent: {}
[396.919766] (-) TimerEvent: {}
[397.020568] (-) TimerEvent: {}
[397.121678] (-) TimerEvent: {}
[397.222438] (-) TimerEvent: {}
[397.323649] (-) TimerEvent: {}
[397.424615] (-) TimerEvent: {}
[397.525433] (-) TimerEvent: {}
[397.626395] (-) TimerEvent: {}
[397.727433] (-) TimerEvent: {}
[397.828349] (-) TimerEvent: {}
[397.929431] (-) TimerEvent: {}
[398.030175] (-) TimerEvent: {}
[398.132100] (-) TimerEvent: {}
[398.232799] (-) TimerEvent: {}
[398.333575] (-) TimerEvent: {}
[398.434461] (-) TimerEvent: {}
[398.535363] (-) TimerEvent: {}
[398.636344] (-) TimerEvent: {}
[398.737498] (-) TimerEvent: {}
[398.838610] (-) TimerEvent: {}
[398.939856] (-) TimerEvent: {}
[399.041340] (-) TimerEvent: {}
[399.142688] (-) TimerEvent: {}
[399.243730] (-) TimerEvent: {}
[399.344417] (-) TimerEvent: {}
[399.445193] (-) TimerEvent: {}
[399.546254] (-) TimerEvent: {}
[399.647185] (-) TimerEvent: {}
[399.748512] (-) TimerEvent: {}
[399.849427] (-) TimerEvent: {}
[399.951018] (-) TimerEvent: {}
[400.053693] (-) TimerEvent: {}
[400.155114] (-) TimerEvent: {}
[400.256498] (-) TimerEvent: {}
[400.357577] (-) TimerEvent: {}
[400.458333] (-) TimerEvent: {}
[400.559050] (-) TimerEvent: {}
[400.659754] (-) TimerEvent: {}
[400.760462] (-) TimerEvent: {}
[400.861179] (-) TimerEvent: {}
[400.962254] (-) TimerEvent: {}
[401.062972] (-) TimerEvent: {}
[401.163641] (-) TimerEvent: {}
[401.267161] (-) TimerEvent: {}
[401.367909] (-) TimerEvent: {}
[401.468589] (-) TimerEvent: {}
[401.569249] (-) TimerEvent: {}
[401.669921] (-) TimerEvent: {}
[401.770602] (-) TimerEvent: {}
[401.872125] (-) TimerEvent: {}
[401.972839] (-) TimerEvent: {}
[402.073494] (-) TimerEvent: {}
[402.174307] (-) TimerEvent: {}
[402.275036] (-) TimerEvent: {}
[402.375944] (-) TimerEvent: {}
[402.476955] (-) TimerEvent: {}
[402.577648] (-) TimerEvent: {}
[402.678454] (-) TimerEvent: {}
[402.779117] (-) TimerEvent: {}
[402.879855] (-) TimerEvent: {}
[402.980609] (-) TimerEvent: {}
[403.081642] (-) TimerEvent: {}
[403.182345] (-) TimerEvent: {}
[403.283002] (-) TimerEvent: {}
[403.383761] (-) TimerEvent: {}
[403.484607] (-) TimerEvent: {}
[403.585447] (-) TimerEvent: {}
[403.686308] (-) TimerEvent: {}
[403.787185] (-) TimerEvent: {}
[403.888635] (-) TimerEvent: {}
[403.989423] (-) TimerEvent: {}
[404.090261] (-) TimerEvent: {}
[404.190960] (-) TimerEvent: {}
[404.292970] (-) TimerEvent: {}
[404.393873] (-) TimerEvent: {}
[404.495869] (-) TimerEvent: {}
[404.596970] (-) TimerEvent: {}
[404.697973] (-) TimerEvent: {}
[404.798768] (-) TimerEvent: {}
[404.899948] (-) TimerEvent: {}
[405.000807] (-) TimerEvent: {}
[405.101701] (-) TimerEvent: {}
[405.202398] (-) TimerEvent: {}
[405.303108] (-) TimerEvent: {}
[405.403786] (-) TimerEvent: {}
[405.504528] (-) TimerEvent: {}
[405.605354] (-) TimerEvent: {}
[405.706115] (-) TimerEvent: {}
[405.806945] (-) TimerEvent: {}
[405.907711] (-) TimerEvent: {}
[406.008633] (-) TimerEvent: {}
[406.109397] (-) TimerEvent: {}
[406.210088] (-) TimerEvent: {}
[406.310770] (-) TimerEvent: {}
[406.412424] (-) TimerEvent: {}
[406.513167] (-) TimerEvent: {}
[406.614070] (-) TimerEvent: {}
[406.714914] (-) TimerEvent: {}
[406.815808] (-) TimerEvent: {}
[406.916530] (-) TimerEvent: {}
[407.017197] (-) TimerEvent: {}
[407.117922] (-) TimerEvent: {}
[407.218643] (-) TimerEvent: {}
[407.319292] (-) TimerEvent: {}
[407.420123] (-) TimerEvent: {}
[407.520936] (-) TimerEvent: {}
[407.621852] (-) TimerEvent: {}
[407.722606] (-) TimerEvent: {}
[407.823314] (-) TimerEvent: {}
[407.924106] (-) TimerEvent: {}
[408.025234] (-) TimerEvent: {}
[408.126493] (-) TimerEvent: {}
[408.227620] (-) TimerEvent: {}
[408.328658] (-) TimerEvent: {}
[408.429489] (-) TimerEvent: {}
[408.530228] (-) TimerEvent: {}
[408.630945] (-) TimerEvent: {}
[408.731837] (-) TimerEvent: {}
[408.832589] (-) TimerEvent: {}
[408.933380] (-) TimerEvent: {}
[409.034639] (-) TimerEvent: {}
[409.135742] (-) TimerEvent: {}
[409.236755] (-) TimerEvent: {}
[409.337774] (-) TimerEvent: {}
[409.438644] (-) TimerEvent: {}
[409.539622] (-) TimerEvent: {}
[409.640808] (-) TimerEvent: {}
[409.741954] (-) TimerEvent: {}
[409.842876] (-) TimerEvent: {}
[409.944068] (-) TimerEvent: {}
[410.044883] (-) TimerEvent: {}
[410.145692] (-) TimerEvent: {}
[410.247059] (-) TimerEvent: {}
[410.348049] (-) TimerEvent: {}
[410.449384] (-) TimerEvent: {}
[410.550466] (-) TimerEvent: {}
[410.651689] (-) TimerEvent: {}
[410.753000] (-) TimerEvent: {}
[410.853916] (-) TimerEvent: {}
[410.955202] (-) TimerEvent: {}
[411.056340] (-) TimerEvent: {}
[411.157251] (-) TimerEvent: {}
[411.258280] (-) TimerEvent: {}
[411.359561] (-) TimerEvent: {}
[411.460829] (-) TimerEvent: {}
[411.561941] (-) TimerEvent: {}
[411.662612] (-) TimerEvent: {}
[411.769791] (-) TimerEvent: {}
[411.870637] (-) TimerEvent: {}
[411.971450] (-) TimerEvent: {}
[412.072291] (-) TimerEvent: {}
[412.173231] (-) TimerEvent: {}
[412.275307] (-) TimerEvent: {}
[412.376258] (-) TimerEvent: {}
[412.478350] (-) TimerEvent: {}
[412.579194] (-) TimerEvent: {}
[412.679998] (-) TimerEvent: {}
[412.780842] (-) TimerEvent: {}
[412.881774] (-) TimerEvent: {}
[412.983731] (-) TimerEvent: {}
[413.084818] (-) TimerEvent: {}
[413.185929] (-) TimerEvent: {}
[413.287145] (-) TimerEvent: {}
[413.388248] (-) TimerEvent: {}
[413.489082] (-) TimerEvent: {}
[413.590420] (-) TimerEvent: {}
[413.691174] (-) TimerEvent: {}
[413.792011] (-) TimerEvent: {}
[413.892775] (-) TimerEvent: {}
[413.993638] (-) TimerEvent: {}
[414.094321] (-) TimerEvent: {}
[414.195051] (-) TimerEvent: {}
[414.296132] (-) TimerEvent: {}
[414.397011] (-) TimerEvent: {}
[414.497877] (-) TimerEvent: {}
[414.598705] (-) TimerEvent: {}
[414.699470] (-) TimerEvent: {}
[414.800149] (-) TimerEvent: {}
[414.900826] (-) TimerEvent: {}
[415.001584] (-) TimerEvent: {}
[415.102336] (-) TimerEvent: {}
[415.203172] (-) TimerEvent: {}
[415.303944] (-) TimerEvent: {}
[415.404657] (-) TimerEvent: {}
[415.505395] (-) TimerEvent: {}
[415.606125] (-) TimerEvent: {}
[415.706873] (-) TimerEvent: {}
[415.807764] (-) TimerEvent: {}
[415.908603] (-) TimerEvent: {}
[416.009316] (-) TimerEvent: {}
[416.110048] (-) TimerEvent: {}
[416.210751] (-) TimerEvent: {}
[416.311450] (-) TimerEvent: {}
[416.412205] (-) TimerEvent: {}
[416.512996] (-) TimerEvent: {}
[416.613883] (-) TimerEvent: {}
[416.714663] (-) TimerEvent: {}
[416.815354] (-) TimerEvent: {}
[416.916138] (-) TimerEvent: {}
[417.016933] (-) TimerEvent: {}
[417.117591] (-) TimerEvent: {}
[417.218245] (-) TimerEvent: {}
[417.319239] (-) TimerEvent: {}
[417.419914] (-) TimerEvent: {}
[417.520620] (-) TimerEvent: {}
[417.621304] (-) TimerEvent: {}
[417.722382] (-) TimerEvent: {}
[417.823159] (-) TimerEvent: {}
[417.923860] (-) TimerEvent: {}
[418.024552] (-) TimerEvent: {}
[418.125219] (-) TimerEvent: {}
[418.226004] (-) TimerEvent: {}
[418.326831] (-) TimerEvent: {}
[418.429783] (-) TimerEvent: {}
[418.530523] (-) TimerEvent: {}
[418.631280] (-) TimerEvent: {}
[418.732020] (-) TimerEvent: {}
[418.832767] (-) TimerEvent: {}
[418.933484] (-) TimerEvent: {}
[419.034295] (-) TimerEvent: {}
[419.135178] (-) TimerEvent: {}
[419.235957] (-) TimerEvent: {}
[419.336707] (-) TimerEvent: {}
[419.437488] (-) TimerEvent: {}
[419.538224] (-) TimerEvent: {}
[419.639003] (-) TimerEvent: {}
[419.739707] (-) TimerEvent: {}
[419.840413] (-) TimerEvent: {}
[419.941255] (-) TimerEvent: {}
[420.042081] (-) TimerEvent: {}
[420.142788] (-) TimerEvent: {}
[420.243630] (-) TimerEvent: {}
[420.344452] (-) TimerEvent: {}
[420.445214] (-) TimerEvent: {}
[420.546146] (-) TimerEvent: {}
[420.646880] (-) TimerEvent: {}
[420.747673] (-) TimerEvent: {}
[420.848532] (-) TimerEvent: {}
[420.949257] (-) TimerEvent: {}
[421.050058] (-) TimerEvent: {}
[421.150813] (-) TimerEvent: {}
[421.251622] (-) TimerEvent: {}
[421.352409] (-) TimerEvent: {}
[421.453217] (-) TimerEvent: {}
[421.554059] (-) TimerEvent: {}
[421.654877] (-) TimerEvent: {}
[421.755628] (-) TimerEvent: {}
[421.856365] (-) TimerEvent: {}
[421.957168] (-) TimerEvent: {}
[422.058121] (-) TimerEvent: {}
[422.161779] (-) TimerEvent: {}
[422.262464] (-) TimerEvent: {}
[422.363135] (-) TimerEvent: {}
[422.464247] (-) TimerEvent: {}
[422.565584] (-) TimerEvent: {}
[422.666318] (-) TimerEvent: {}
[422.767051] (-) TimerEvent: {}
[422.867796] (-) TimerEvent: {}
[422.968531] (-) TimerEvent: {}
[423.069191] (-) TimerEvent: {}
[423.169971] (-) TimerEvent: {}
[423.270727] (-) TimerEvent: {}
[423.371431] (-) TimerEvent: {}
[423.472112] (-) TimerEvent: {}
[423.572800] (-) TimerEvent: {}
[423.673740] (-) TimerEvent: {}
[423.774425] (-) TimerEvent: {}
[423.875163] (-) TimerEvent: {}
[423.975827] (-) TimerEvent: {}
[424.076672] (-) TimerEvent: {}
[424.177353] (-) TimerEvent: {}
[424.278074] (-) TimerEvent: {}
[424.378741] (-) TimerEvent: {}
[424.479459] (-) TimerEvent: {}
[424.580427] (-) TimerEvent: {}
[424.681159] (-) TimerEvent: {}
[424.781955] (-) TimerEvent: {}
[424.882735] (-) TimerEvent: {}
[424.983455] (-) TimerEvent: {}
[425.084226] (-) TimerEvent: {}
[425.184955] (-) TimerEvent: {}
[425.285827] (-) TimerEvent: {}
[425.386545] (-) TimerEvent: {}
[425.487272] (-) TimerEvent: {}
[425.588015] (-) TimerEvent: {}
[425.688872] (-) TimerEvent: {}
[425.789764] (-) TimerEvent: {}
[425.890614] (-) TimerEvent: {}
[425.991359] (-) TimerEvent: {}
[426.092089] (-) TimerEvent: {}
[426.192777] (-) TimerEvent: {}
[426.293466] (-) TimerEvent: {}
[426.394259] (-) TimerEvent: {}
[426.495033] (-) TimerEvent: {}
[426.595765] (-) TimerEvent: {}
[426.696616] (-) TimerEvent: {}
[426.797377] (-) TimerEvent: {}
[426.898242] (-) TimerEvent: {}
[426.999237] (-) TimerEvent: {}
[427.100201] (-) TimerEvent: {}
[427.209854] (-) TimerEvent: {}
[427.310518] (-) TimerEvent: {}
[427.411269] (-) TimerEvent: {}
[427.512031] (-) TimerEvent: {}
[427.612701] (-) TimerEvent: {}
[427.713353] (-) TimerEvent: {}
[427.814167] (-) TimerEvent: {}
[427.914920] (-) TimerEvent: {}
[428.015618] (-) TimerEvent: {}
[428.116374] (-) TimerEvent: {}
[428.217252] (-) TimerEvent: {}
[428.317989] (-) TimerEvent: {}
[428.418830] (-) TimerEvent: {}
[428.519579] (-) TimerEvent: {}
[428.620267] (-) TimerEvent: {}
[428.721009] (-) TimerEvent: {}
[428.821767] (-) TimerEvent: {}
[428.922432] (-) TimerEvent: {}
[429.023251] (-) TimerEvent: {}
[429.123990] (-) TimerEvent: {}
[429.224728] (-) TimerEvent: {}
[429.328989] (-) TimerEvent: {}
[429.429736] (-) TimerEvent: {}
[429.530657] (-) TimerEvent: {}
[429.631450] (-) TimerEvent: {}
[429.732140] (-) TimerEvent: {}
[429.832835] (-) TimerEvent: {}
[429.933601] (-) TimerEvent: {}
[430.034720] (-) TimerEvent: {}
[430.135633] (-) TimerEvent: {}
[430.236506] (-) TimerEvent: {}
[430.337264] (-) TimerEvent: {}
[430.438199] (-) TimerEvent: {}
[430.538938] (-) TimerEvent: {}
[430.639784] (-) TimerEvent: {}
[430.740628] (-) TimerEvent: {}
[430.841414] (-) TimerEvent: {}
[430.942321] (-) TimerEvent: {}
[431.043055] (-) TimerEvent: {}
[431.143770] (-) TimerEvent: {}
[431.244538] (-) TimerEvent: {}
[431.345297] (-) TimerEvent: {}
[431.446127] (-) TimerEvent: {}
[431.546931] (-) TimerEvent: {}
[431.647630] (-) TimerEvent: {}
[431.748329] (-) TimerEvent: {}
[431.849090] (-) TimerEvent: {}
[431.951513] (-) TimerEvent: {}
[432.052397] (-) TimerEvent: {}
[432.153162] (-) TimerEvent: {}
[432.253922] (-) TimerEvent: {}
[432.354924] (-) TimerEvent: {}
[432.455830] (-) TimerEvent: {}
[432.556530] (-) TimerEvent: {}
[432.657257] (-) TimerEvent: {}
[432.757977] (-) TimerEvent: {}
[432.858658] (-) TimerEvent: {}
[432.959356] (-) TimerEvent: {}
[433.060104] (-) TimerEvent: {}
[433.160833] (-) TimerEvent: {}
[433.261658] (-) TimerEvent: {}
[433.362541] (-) TimerEvent: {}
[433.463274] (-) TimerEvent: {}
[433.563927] (-) TimerEvent: {}
[433.664677] (-) TimerEvent: {}
[433.765464] (-) TimerEvent: {}
[433.866258] (-) TimerEvent: {}
[433.966999] (-) TimerEvent: {}
[434.067955] (-) TimerEvent: {}
[434.168680] (-) TimerEvent: {}
[434.269574] (-) TimerEvent: {}
[434.371653] (-) TimerEvent: {}
[434.472582] (-) TimerEvent: {}
[434.573504] (-) TimerEvent: {}
[434.674909] (-) TimerEvent: {}
[434.776249] (-) TimerEvent: {}
[434.876920] (-) TimerEvent: {}
[434.977577] (-) TimerEvent: {}
[435.078362] (-) TimerEvent: {}
[435.179167] (-) TimerEvent: {}
[435.279818] (-) TimerEvent: {}
[435.380479] (-) TimerEvent: {}
[435.481122] (-) TimerEvent: {}
[435.582055] (-) TimerEvent: {}
[435.682699] (-) TimerEvent: {}
[435.783361] (-) TimerEvent: {}
[435.884048] (-) TimerEvent: {}
[435.984744] (-) TimerEvent: {}
[436.085463] (-) TimerEvent: {}
[436.186289] (-) TimerEvent: {}
[436.287372] (-) TimerEvent: {}
[436.388567] (-) TimerEvent: {}
[436.489366] (-) TimerEvent: {}
[436.590132] (-) TimerEvent: {}
[436.691059] (-) TimerEvent: {}
[436.791812] (-) TimerEvent: {}
[436.892650] (-) TimerEvent: {}
[436.993801] (-) TimerEvent: {}
[437.094803] (-) TimerEvent: {}
[437.195574] (-) TimerEvent: {}
[437.296273] (-) TimerEvent: {}
[437.397069] (-) TimerEvent: {}
[437.497802] (-) TimerEvent: {}
[437.598687] (-) TimerEvent: {}
[437.699862] (-) TimerEvent: {}
[437.800591] (-) TimerEvent: {}
[437.901333] (-) TimerEvent: {}
[438.002079] (-) TimerEvent: {}
[438.102957] (-) TimerEvent: {}
[438.204035] (-) TimerEvent: {}
[438.305057] (-) TimerEvent: {}
[438.405830] (-) TimerEvent: {}
[438.507163] (-) TimerEvent: {}
[438.608254] (-) TimerEvent: {}
[438.709358] (-) TimerEvent: {}
[438.810160] (-) TimerEvent: {}
[438.910978] (-) TimerEvent: {}
[439.011818] (-) TimerEvent: {}
[439.112576] (-) TimerEvent: {}
[439.213369] (-) TimerEvent: {}
[439.314249] (-) TimerEvent: {}
[439.415221] (-) TimerEvent: {}
[439.515888] (-) TimerEvent: {}
[439.616547] (-) TimerEvent: {}
[439.717317] (-) TimerEvent: {}
[439.818147] (-) TimerEvent: {}
[439.919151] (-) TimerEvent: {}
[440.019807] (-) TimerEvent: {}
[440.120455] (-) TimerEvent: {}
[440.221563] (-) TimerEvent: {}
[440.322764] (-) TimerEvent: {}
[440.423596] (-) TimerEvent: {}
[440.524679] (-) TimerEvent: {}
[440.625726] (-) TimerEvent: {}
[440.726649] (-) TimerEvent: {}
[440.827481] (-) TimerEvent: {}
[440.928282] (-) TimerEvent: {}
[441.029015] (-) TimerEvent: {}
[441.129735] (-) TimerEvent: {}
[441.230563] (-) TimerEvent: {}
[441.331394] (-) TimerEvent: {}
[441.432296] (-) TimerEvent: {}
[441.533150] (-) TimerEvent: {}
[441.634265] (-) TimerEvent: {}
[441.735082] (-) TimerEvent: {}
[441.835809] (-) TimerEvent: {}
[441.937088] (-) TimerEvent: {}
[442.038155] (-) TimerEvent: {}
[442.139195] (-) TimerEvent: {}
[442.240278] (-) TimerEvent: {}
[442.341111] (-) TimerEvent: {}
[442.442066] (-) TimerEvent: {}
[442.542909] (-) TimerEvent: {}
[442.643736] (-) TimerEvent: {}
[442.744871] (-) TimerEvent: {}
[442.845818] (-) TimerEvent: {}
[442.946852] (-) TimerEvent: {}
[443.047723] (-) TimerEvent: {}
[443.148887] (-) TimerEvent: {}
[443.249753] (-) TimerEvent: {}
[443.350517] (-) TimerEvent: {}
[443.451498] (-) TimerEvent: {}
[443.552236] (-) TimerEvent: {}
[443.653025] (-) TimerEvent: {}
[443.753984] (-) TimerEvent: {}
[443.855108] (-) TimerEvent: {}
[443.956051] (-) TimerEvent: {}
[444.056914] (-) TimerEvent: {}
[444.158067] (-) TimerEvent: {}
[444.258812] (-) TimerEvent: {}
[444.359770] (-) TimerEvent: {}
[444.460581] (-) TimerEvent: {}
[444.561965] (-) TimerEvent: {}
[444.662775] (-) TimerEvent: {}
[444.764478] (-) TimerEvent: {}
[444.865407] (-) TimerEvent: {}
[444.966812] (-) TimerEvent: {}
[445.068151] (-) TimerEvent: {}
[445.169216] (-) TimerEvent: {}
[445.271713] (-) TimerEvent: {}
[445.372477] (-) TimerEvent: {}
[445.473579] (-) TimerEvent: {}
[445.574414] (-) TimerEvent: {}
[445.675600] (-) TimerEvent: {}
[445.776798] (-) TimerEvent: {}
[445.877656] (-) TimerEvent: {}
[445.978453] (-) TimerEvent: {}
[446.079285] (-) TimerEvent: {}
[446.180399] (-) TimerEvent: {}
[446.281059] (-) TimerEvent: {}
[446.381761] (-) TimerEvent: {}
[446.482523] (-) TimerEvent: {}
[446.583231] (-) TimerEvent: {}
[446.683946] (-) TimerEvent: {}
[446.784616] (-) TimerEvent: {}
[446.885355] (-) TimerEvent: {}
[446.986087] (-) TimerEvent: {}
[447.086746] (-) TimerEvent: {}
[447.187487] (-) TimerEvent: {}
[447.288229] (-) TimerEvent: {}
[447.388995] (-) TimerEvent: {}
[447.489791] (-) TimerEvent: {}
[447.590838] (-) TimerEvent: {}
[447.692034] (-) TimerEvent: {}
[447.792871] (-) TimerEvent: {}
[447.894249] (-) TimerEvent: {}
[447.995287] (-) TimerEvent: {}
[448.096102] (-) TimerEvent: {}
[448.196936] (-) TimerEvent: {}
[448.297847] (-) TimerEvent: {}
[448.398623] (-) TimerEvent: {}
[448.499304] (-) TimerEvent: {}
[448.600011] (-) TimerEvent: {}
[448.700700] (-) TimerEvent: {}
[448.801412] (-) TimerEvent: {}
[448.902161] (-) TimerEvent: {}
[449.003114] (-) TimerEvent: {}
[449.103910] (-) TimerEvent: {}
[449.204646] (-) TimerEvent: {}
[449.305379] (-) TimerEvent: {}
[449.406136] (-) TimerEvent: {}
[449.506923] (-) TimerEvent: {}
[449.607614] (-) TimerEvent: {}
[449.708316] (-) TimerEvent: {}
[449.809791] (-) TimerEvent: {}
[449.910478] (-) TimerEvent: {}
[450.011154] (-) TimerEvent: {}
[450.111834] (-) TimerEvent: {}
[450.212518] (-) TimerEvent: {}
[450.313167] (-) TimerEvent: {}
[450.413830] (-) TimerEvent: {}
[450.514540] (-) TimerEvent: {}
[450.615220] (-) TimerEvent: {}
[450.715999] (-) TimerEvent: {}
[450.816664] (-) TimerEvent: {}
[450.917345] (-) TimerEvent: {}
[451.018042] (-) TimerEvent: {}
[451.118800] (-) TimerEvent: {}
[451.219508] (-) TimerEvent: {}
[451.320283] (-) TimerEvent: {}
[451.421005] (-) TimerEvent: {}
[451.521795] (-) TimerEvent: {}
[451.622563] (-) TimerEvent: {}
[451.723330] (-) TimerEvent: {}
[451.824039] (-) TimerEvent: {}
[451.924756] (-) TimerEvent: {}
[452.025462] (-) TimerEvent: {}
[452.126187] (-) TimerEvent: {}
[452.226921] (-) TimerEvent: {}
[452.327844] (-) TimerEvent: {}
[452.428621] (-) TimerEvent: {}
[452.529417] (-) TimerEvent: {}
[452.630123] (-) TimerEvent: {}
[452.730818] (-) TimerEvent: {}
[452.831506] (-) TimerEvent: {}
[452.932520] (-) TimerEvent: {}
[453.034468] (-) TimerEvent: {}
[453.141783] (-) TimerEvent: {}
[453.242462] (-) TimerEvent: {}
[453.343844] (-) TimerEvent: {}
[453.445254] (-) TimerEvent: {}
[453.546193] (-) TimerEvent: {}
[453.647148] (-) TimerEvent: {}
[453.747950] (-) TimerEvent: {}
[453.848785] (-) TimerEvent: {}
[453.949534] (-) TimerEvent: {}
[454.050334] (-) TimerEvent: {}
[454.151306] (-) TimerEvent: {}
[454.252069] (-) TimerEvent: {}
[454.352807] (-) TimerEvent: {}
[454.453711] (-) TimerEvent: {}
[454.554583] (-) TimerEvent: {}
[454.655369] (-) TimerEvent: {}
[454.756084] (-) TimerEvent: {}
[454.856811] (-) TimerEvent: {}
[454.957662] (-) TimerEvent: {}
[455.058369] (-) TimerEvent: {}
[455.159082] (-) TimerEvent: {}
[455.259765] (-) TimerEvent: {}
[455.360455] (-) TimerEvent: {}
[455.461202] (-) TimerEvent: {}
[455.561878] (-) TimerEvent: {}
[455.662743] (-) TimerEvent: {}
[455.763473] (-) TimerEvent: {}
[455.864141] (-) TimerEvent: {}
[455.965323] (-) TimerEvent: {}
[456.066364] (-) TimerEvent: {}
[456.167019] (-) TimerEvent: {}
[456.267947] (-) TimerEvent: {}
[456.368824] (-) TimerEvent: {}
[456.469669] (-) TimerEvent: {}
[456.570606] (-) TimerEvent: {}
[456.671986] (-) TimerEvent: {}
[456.773000] (-) TimerEvent: {}
[456.873985] (-) TimerEvent: {}
[456.975046] (-) TimerEvent: {}
[457.075829] (-) TimerEvent: {}
[457.176796] (-) TimerEvent: {}
[457.278181] (-) TimerEvent: {}
[457.379114] (-) TimerEvent: {}
[457.479767] (-) TimerEvent: {}
[457.580768] (-) TimerEvent: {}
[457.681503] (-) TimerEvent: {}
[457.782790] (-) TimerEvent: {}
[457.883923] (-) TimerEvent: {}
[457.984745] (-) TimerEvent: {}
[458.085786] (-) TimerEvent: {}
[458.186469] (-) TimerEvent: {}
[458.287199] (-) TimerEvent: {}
[458.388022] (-) TimerEvent: {}
[458.488781] (-) TimerEvent: {}
[458.589654] (-) TimerEvent: {}
[458.690389] (-) TimerEvent: {}
[458.791093] (-) TimerEvent: {}
[458.891933] (-) TimerEvent: {}
[458.992632] (-) TimerEvent: {}
[459.093478] (-) TimerEvent: {}
[459.194355] (-) TimerEvent: {}
[459.295067] (-) TimerEvent: {}
[459.395766] (-) TimerEvent: {}
[459.496714] (-) TimerEvent: {}
[459.597531] (-) TimerEvent: {}
[459.698280] (-) TimerEvent: {}
[459.799057] (-) TimerEvent: {}
[459.899884] (-) TimerEvent: {}
[460.000775] (-) TimerEvent: {}
[460.101704] (-) TimerEvent: {}
[460.202540] (-) TimerEvent: {}
[460.303308] (-) TimerEvent: {}
[460.404383] (-) TimerEvent: {}
[460.505084] (-) TimerEvent: {}
[460.605941] (-) TimerEvent: {}
[460.706732] (-) TimerEvent: {}
[460.807504] (-) TimerEvent: {}
[460.908265] (-) TimerEvent: {}
[461.009059] (-) TimerEvent: {}
[461.109742] (-) TimerEvent: {}
[461.210420] (-) TimerEvent: {}
[461.311150] (-) TimerEvent: {}
[461.411788] (-) TimerEvent: {}
[461.512442] (-) TimerEvent: {}
[461.613172] (-) TimerEvent: {}
[461.713933] (-) TimerEvent: {}
[461.814690] (-) TimerEvent: {}
[461.915387] (-) TimerEvent: {}
[462.016030] (-) TimerEvent: {}
[462.116684] (-) TimerEvent: {}
[462.217374] (-) TimerEvent: {}
[462.318368] (-) TimerEvent: {}
[462.419264] (-) TimerEvent: {}
[462.520038] (-) TimerEvent: {}
[462.620905] (-) TimerEvent: {}
[462.722018] (-) TimerEvent: {}
[462.822860] (-) TimerEvent: {}
[462.924059] (-) TimerEvent: {}
[463.025051] (-) TimerEvent: {}
[463.126284] (-) TimerEvent: {}
[463.231707] (-) TimerEvent: {}
[463.332753] (-) TimerEvent: {}
[463.433573] (-) TimerEvent: {}
[463.534391] (-) TimerEvent: {}
[463.635179] (-) TimerEvent: {}
[463.735932] (-) TimerEvent: {}
[463.836740] (-) TimerEvent: {}
[463.937496] (-) TimerEvent: {}
[464.038249] (-) TimerEvent: {}
[464.139003] (-) TimerEvent: {}
[464.240783] (-) TimerEvent: {}
[464.341558] (-) TimerEvent: {}
[464.442523] (-) TimerEvent: {}
[464.543238] (-) TimerEvent: {}
[464.643955] (-) TimerEvent: {}
[464.744677] (-) TimerEvent: {}
[464.845409] (-) TimerEvent: {}
[464.946716] (-) TimerEvent: {}
[465.047770] (-) TimerEvent: {}
[465.148847] (-) TimerEvent: {}
[465.249579] (-) TimerEvent: {}
[465.350392] (-) TimerEvent: {}
[465.451143] (-) TimerEvent: {}
[465.551838] (-) TimerEvent: {}
[465.652556] (-) TimerEvent: {}
[465.753420] (-) TimerEvent: {}
[465.854182] (-) TimerEvent: {}
[465.954882] (-) TimerEvent: {}
[466.055603] (-) TimerEvent: {}
[466.156298] (-) TimerEvent: {}
[466.256986] (-) TimerEvent: {}
[466.357723] (-) TimerEvent: {}
[466.458585] (-) TimerEvent: {}
[466.559355] (-) TimerEvent: {}
[466.660037] (-) TimerEvent: {}
[466.760668] (-) TimerEvent: {}
[466.861331] (-) TimerEvent: {}
[466.962006] (-) TimerEvent: {}
[467.062684] (-) TimerEvent: {}
[467.163368] (-) TimerEvent: {}
[467.264285] (-) TimerEvent: {}
[467.364974] (-) TimerEvent: {}
[467.465755] (-) TimerEvent: {}
[467.566742] (-) TimerEvent: {}
[467.667439] (-) TimerEvent: {}
[467.768064] (-) TimerEvent: {}
[467.868962] (-) TimerEvent: {}
[467.969929] (-) TimerEvent: {}
[468.070608] (-) TimerEvent: {}
[468.171308] (-) TimerEvent: {}
[468.271989] (-) TimerEvent: {}
[468.372684] (-) TimerEvent: {}
[468.473333] (-) TimerEvent: {}
[468.574007] (-) TimerEvent: {}
[468.674729] (-) TimerEvent: {}
[468.775437] (-) TimerEvent: {}
[468.881287] (grab_demo) StdoutLine: {'line': b'[ 93%] \x1b[32m\x1b[1mLinking CXX executable start_grab\x1b[0m\n'}
[468.894626] (-) TimerEvent: {}
[468.995301] (-) TimerEvent: {}
[469.096115] (-) TimerEvent: {}
[469.196812] (-) TimerEvent: {}
[469.297521] (-) TimerEvent: {}
[469.398246] (-) TimerEvent: {}
[469.498926] (-) TimerEvent: {}
[469.599591] (-) TimerEvent: {}
[469.700243] (-) TimerEvent: {}
[469.800912] (-) TimerEvent: {}
[469.901646] (-) TimerEvent: {}
[470.002303] (-) TimerEvent: {}
[470.102945] (-) TimerEvent: {}
[470.133965] (grab_demo) StdoutLine: {'line': b'[ 93%] Built target start_grab\n'}
[470.191642] (grab_demo) StdoutLine: {'line': b'\x1b[35m\x1b[1mConsolidate compiler generated dependencies of target grab_demo__rosidl_typesupport_c__pyext\x1b[0m\n'}
[470.203121] (-) TimerEvent: {}
[470.262475] (grab_demo) StdoutLine: {'line': b'[ 95%] \x1b[32mBuilding C object CMakeFiles/grab_demo__rosidl_typesupport_c__pyext.dir/rosidl_generator_py/grab_demo/_grab_demo_s.ep.rosidl_typesupport_c.c.o\x1b[0m\n'}
[470.303306] (-) TimerEvent: {}
[470.404636] (-) TimerEvent: {}
[470.505995] (-) TimerEvent: {}
[470.607822] (-) TimerEvent: {}
[470.709578] (-) TimerEvent: {}
[470.760501] (grab_demo) StdoutLine: {'line': b'[ 97%] \x1b[32m\x1b[1mLinking C shared library rosidl_generator_py/grab_demo/grab_demo_s__rosidl_typesupport_c.cpython-310-aarch64-linux-gnu.so\x1b[0m\n'}
[470.809756] (-) TimerEvent: {}
[470.911038] (-) TimerEvent: {}
[470.920577] (grab_demo) StdoutLine: {'line': b'[ 97%] Built target grab_demo__rosidl_typesupport_c__pyext\n'}
[471.011215] (-) TimerEvent: {}
[471.112182] (-) TimerEvent: {}
[471.212845] (-) TimerEvent: {}
[471.313591] (-) TimerEvent: {}
[471.414297] (-) TimerEvent: {}
[471.514926] (-) TimerEvent: {}
[471.615544] (-) TimerEvent: {}
[471.716239] (-) TimerEvent: {}
[471.816900] (-) TimerEvent: {}
[471.917581] (-) TimerEvent: {}
[472.018372] (-) TimerEvent: {}
[472.119094] (-) TimerEvent: {}
[472.219870] (-) TimerEvent: {}
[472.320529] (-) TimerEvent: {}
[472.421876] (-) TimerEvent: {}
[472.522757] (-) TimerEvent: {}
[472.623623] (-) TimerEvent: {}
[472.724354] (-) TimerEvent: {}
[472.825200] (-) TimerEvent: {}
[472.926089] (-) TimerEvent: {}
[473.026987] (-) TimerEvent: {}
[473.128260] (-) TimerEvent: {}
[473.229038] (-) TimerEvent: {}
[473.329775] (-) TimerEvent: {}
[473.430476] (-) TimerEvent: {}
[473.531211] (-) TimerEvent: {}
[473.631997] (-) TimerEvent: {}
[473.732760] (-) TimerEvent: {}
[473.833492] (-) TimerEvent: {}
[473.934231] (-) TimerEvent: {}
[474.034986] (-) TimerEvent: {}
[474.135840] (-) TimerEvent: {}
[474.236695] (-) TimerEvent: {}
[474.337425] (-) TimerEvent: {}
[474.343068] (grab_demo) StdoutLine: {'line': b'[100%] \x1b[32m\x1b[1mLinking CXX executable grab_service_node\x1b[0m\n'}
[474.437699] (-) TimerEvent: {}
[474.538499] (-) TimerEvent: {}
[474.639257] (-) TimerEvent: {}
[474.740347] (-) TimerEvent: {}
[474.841230] (-) TimerEvent: {}
[474.942532] (-) TimerEvent: {}
[475.043495] (-) TimerEvent: {}
[475.144676] (-) TimerEvent: {}
[475.245490] (-) TimerEvent: {}
[475.347005] (-) TimerEvent: {}
[475.448480] (-) TimerEvent: {}
[475.549274] (-) TimerEvent: {}
[475.650051] (-) TimerEvent: {}
[475.683791] (grab_demo) StdoutLine: {'line': b'[100%] Built target grab_service_node\n'}
[475.750300] (-) TimerEvent: {}
[475.818340] (grab_demo) CommandEnded: {'returncode': 0}
[475.886376] (-) TimerEvent: {}
[475.900616] (grab_demo) JobProgress: {'identifier': 'grab_demo', 'progress': 'install'}
[475.966389] (grab_demo) Command: {'cmd': ['/usr/bin/cmake', '--install', '/home/dxf/wheeltec_lebai_humble_2024_7_17/build/grab_demo'], 'cwd': '/home/dxf/wheeltec_lebai_humble_2024_7_17/build/grab_demo', 'env': OrderedDict([('LESSOPEN', '| /usr/bin/lesspipe %s'), ('LANGUAGE', 'zh_CN:en_US:en'), ('USER', 'dxf'), ('SSH_CLIENT', '192.168.0.66 49474 22'), ('LC_TIME', 'zh_CN.UTF-8'), ('XDG_SESSION_TYPE', 'tty'), ('GIT_ASKPASS', '/home/dxf/.cursor-server/bin/7a31bffd467aa2d9adfda69076eb924e9062cb20/extensions/git/dist/askpass.sh'), ('SHLVL', '1'), ('LD_LIBRARY_PATH', '/home/dxf/wheeltec_lebai_humble_2024_7_17/install/lebai_interfaces/lib:/home/dxf/wheeltec_lebai_humble_2024_7_17/install/grab_demo/lib:/home/dxf/WHEELTEC_S300Pro_mini/install/yesense_interface/lib:/home/dxf/WHEELTEC_S300Pro_mini/install/wheeltec_rrt_msg/lib:/home/dxf/WHEELTEC_S300Pro_mini/install/wheeltec_robot_rrt/lib:/home/dxf/WHEELTEC_S300Pro_mini/install/wheeltec_mic_msg/lib:/home/dxf/WHEELTEC_S300Pro_mini/install/usb_cam/lib:/home/dxf/WHEELTEC_S300Pro_mini/install/turn_on_wheeltec_robot/lib:/home/dxf/WHEELTEC_S300Pro_mini/install/serial/lib:/home/dxf/WHEELTEC_S300Pro_mini/install/robot_interfaces/lib:/home/dxf/WHEELTEC_S300Pro_mini/install/orb_slam2_ros/lib:/home/dxf/WHEELTEC_S300Pro_mini/install/openslam_gmapping/lib:/home/dxf/WHEELTEC_S300Pro_mini/install/ollama_ros_msgs/lib:/home/dxf/WHEELTEC_S300Pro_mini/install/lslidar_msgs/lib:/home/dxf/WHEELTEC_S300Pro_mini/install/bodyreader_msg/lib:/home/dxf/WHEELTEC_S300Pro_mini/install/astra_camera/lib:/home/dxf/WHEELTEC_S300Pro_mini/install/astra_camera_msgs/lib:/home/dxf/WHEELTEC_S300Pro_mini/install/aruco_ros/lib:/home/dxf/WHEELTEC_S300Pro_mini/install/aruco_msgs/lib:/home/dxf/WHEELTEC_S300Pro_mini/install/aruco/lib:/usr/local/opencv410/lib:/usr/local/lib:/usr/local/cuda-12.6/lib64:/usr/local/opencv410/lib:/usr/local/lib:/opt/ros/humble/opt/rviz_ogre_vendor/lib:/opt/ros/humble/lib/aarch64-linux-gnu:/opt/ros/humble/lib:/usr/local/cuda-12.6/lib64:'), ('BROWSER', '/home/dxf/.cursor-server/bin/7a31bffd467aa2d9adfda69076eb924e9062cb20/bin/helpers/browser.sh'), ('MOTD_SHOWN', 'pam'), ('HOME', '/home/dxf'), ('OLDPWD', '/home/dxf/wheeltec_lebai_humble_2024_7_17'), ('TERM_PROGRAM_VERSION', '2.0.54'), ('VSCODE_IPC_HOOK_CLI', '/run/user/1000/vscode-ipc-c7237062-b93f-4682-b1c9-57fe2a7d88ca.sock'), ('ROS_PYTHON_VERSION', '3'), ('VSCODE_GIT_ASKPASS_MAIN', '/home/dxf/.cursor-server/bin/7a31bffd467aa2d9adfda69076eb924e9062cb20/extensions/git/dist/askpass-main.js'), ('LC_MONETARY', 'zh_CN.UTF-8'), ('VSCODE_GIT_ASKPASS_NODE', '/home/dxf/.cursor-server/bin/7a31bffd467aa2d9adfda69076eb924e9062cb20/node'), ('DBUS_SESSION_BUS_ADDRESS', 'unix:path=/run/user/1000/bus'), ('COLORTERM', 'truecolor'), ('COLCON_PREFIX_PATH', '/home/dxf/wheeltec_lebai_humble_2024_7_17/install:/home/dxf/WHEELTEC_S300Pro_mini/install'), ('ROS_DISTRO', 'humble'), ('LOGNAME', 'dxf'), ('_', '/usr/bin/colcon'), ('ROS_VERSION', '2'), ('PKG_CONFIG_PATH', '/usr/local/opencv410/lib/pkgconfig:/usr/local/opencv410/lib/pkgconfig:'), ('XDG_SESSION_CLASS', 'user'), ('TERM', 'xterm-256color'), ('XDG_SESSION_ID', '9'), ('ROS_LOCALHOST_ONLY', '0'), ('PATH', '/usr/local/cuda-12.6/bin:/home/dxf/.cursor-server/bin/7a31bffd467aa2d9adfda69076eb924e9062cb20/bin/remote-cli:/opt/ros/humble/bin:/usr/local/cuda-12.6/bin:/home/dxf/.cursor-server/bin/7a31bffd467aa2d9adfda69076eb924e9062cb20/bin/remote-cli:/usr/local/sbin:/usr/local/bin:/usr/sbin:/usr/bin:/sbin:/bin:/usr/games:/usr/local/games:/snap/bin'), ('PAPERSIZE', 'a4'), ('LC_ADDRESS', 'zh_CN.UTF-8'), ('XDG_RUNTIME_DIR', '/run/user/1000'), ('DISPLAY', 'localhost:10.0'), ('LANG', 'zh_CN.UTF-8'), ('LC_TELEPHONE', 'zh_CN.UTF-8'), ('LS_COLORS', 'rs=0:di=01;34:ln=01;36:mh=00:pi=40;33:so=01;35:do=01;35:bd=40;33;01:cd=40;33;01:or=40;31;01:mi=00:su=37;41:sg=30;43:ca=30;41:tw=30;42:ow=34;42:st=37;44:ex=01;32:*.tar=01;31:*.tgz=01;31:*.arc=01;31:*.arj=01;31:*.taz=01;31:*.lha=01;31:*.lz4=01;31:*.lzh=01;31:*.lzma=01;31:*.tlz=01;31:*.txz=01;31:*.tzo=01;31:*.t7z=01;31:*.zip=01;31:*.z=01;31:*.dz=01;31:*.gz=01;31:*.lrz=01;31:*.lz=01;31:*.lzo=01;31:*.xz=01;31:*.zst=01;31:*.tzst=01;31:*.bz2=01;31:*.bz=01;31:*.tbz=01;31:*.tbz2=01;31:*.tz=01;31:*.deb=01;31:*.rpm=01;31:*.jar=01;31:*.war=01;31:*.ear=01;31:*.sar=01;31:*.rar=01;31:*.alz=01;31:*.ace=01;31:*.zoo=01;31:*.cpio=01;31:*.7z=01;31:*.rz=01;31:*.cab=01;31:*.wim=01;31:*.swm=01;31:*.dwm=01;31:*.esd=01;31:*.jpg=01;35:*.jpeg=01;35:*.mjpg=01;35:*.mjpeg=01;35:*.gif=01;35:*.bmp=01;35:*.pbm=01;35:*.pgm=01;35:*.ppm=01;35:*.tga=01;35:*.xbm=01;35:*.xpm=01;35:*.tif=01;35:*.tiff=01;35:*.png=01;35:*.svg=01;35:*.svgz=01;35:*.mng=01;35:*.pcx=01;35:*.mov=01;35:*.mpg=01;35:*.mpeg=01;35:*.m2v=01;35:*.mkv=01;35:*.webm=01;35:*.webp=01;35:*.ogm=01;35:*.mp4=01;35:*.m4v=01;35:*.mp4v=01;35:*.vob=01;35:*.qt=01;35:*.nuv=01;35:*.wmv=01;35:*.asf=01;35:*.rm=01;35:*.rmvb=01;35:*.flc=01;35:*.avi=01;35:*.fli=01;35:*.flv=01;35:*.gl=01;35:*.dl=01;35:*.xcf=01;35:*.xwd=01;35:*.yuv=01;35:*.cgm=01;35:*.emf=01;35:*.ogv=01;35:*.ogx=01;35:*.aac=00;36:*.au=00;36:*.flac=00;36:*.m4a=00;36:*.mid=00;36:*.midi=00;36:*.mka=00;36:*.mp3=00;36:*.mpc=00;36:*.ogg=00;36:*.ra=00;36:*.wav=00;36:*.oga=00;36:*.opus=00;36:*.spx=00;36:*.xspf=00;36:'), ('VSCODE_GIT_IPC_HANDLE', '/run/user/1000/vscode-git-699de2faee.sock'), ('TERM_PROGRAM', 'vscode'), ('AMENT_PREFIX_PATH', '/home/dxf/wheeltec_lebai_humble_2024_7_17/install/lebai_tutorials:/home/dxf/wheeltec_lebai_humble_2024_7_17/install/lebai_resources:/home/dxf/wheeltec_lebai_humble_2024_7_17/install/lebai_lm3_moveit_config:/home/dxf/wheeltec_lebai_humble_2024_7_17/install/lebai_lm3_support:/home/dxf/wheeltec_lebai_humble_2024_7_17/install/lebai_interfaces:/home/dxf/wheeltec_lebai_humble_2024_7_17/install/lebai_driver:/home/dxf/wheeltec_lebai_humble_2024_7_17/install/grab_demo:/home/dxf/wheeltec_lebai_humble_2024_7_17/install/arm_demo:/home/dxf/WHEELTEC_S300Pro_mini/install/yesense_std_ros2:/home/dxf/WHEELTEC_S300Pro_mini/install/yesense_interface:/home/dxf/WHEELTEC_S300Pro_mini/install/wheeltec_ultrasonic:/home/dxf/WHEELTEC_S300Pro_mini/install/wheeltec_slam_toolbox:/home/dxf/WHEELTEC_S300Pro_mini/install/wheeltec_rviz2:/home/dxf/WHEELTEC_S300Pro_mini/install/wheeltec_rrt_msg:/home/dxf/WHEELTEC_S300Pro_mini/install/wheeltec_robot_rtab:/home/dxf/WHEELTEC_S300Pro_mini/install/wheeltec_robot_rrt:/home/dxf/WHEELTEC_S300Pro_mini/install/wheeltec_robot_keyboard:/home/dxf/WHEELTEC_S300Pro_mini/install/wheeltec_robot_kcf:/home/dxf/WHEELTEC_S300Pro_mini/install/wheeltec_path_follow:/home/dxf/WHEELTEC_S300Pro_mini/install/wheeltec_nav2:/home/dxf/WHEELTEC_S300Pro_mini/install/wheeltec_mic_ros2:/home/dxf/WHEELTEC_S300Pro_mini/install/wheeltec_mic_msg:/home/dxf/WHEELTEC_S300Pro_mini/install/wheeltec_joy:/home/dxf/WHEELTEC_S300Pro_mini/install/wheeltec_cartographer:/home/dxf/WHEELTEC_S300Pro_mini/install/web_video_server:/home/dxf/WHEELTEC_S300Pro_mini/install/usb_cam:/home/dxf/WHEELTEC_S300Pro_mini/install/simple_follower_ros2:/home/dxf/WHEELTEC_S300Pro_mini/install/turn_on_wheeltec_robot:/home/dxf/WHEELTEC_S300Pro_mini/install/slam_gmapping:/home/dxf/WHEELTEC_S300Pro_mini/install/bodyreader:/home/dxf/WHEELTEC_S300Pro_mini/install/serial:/home/dxf/WHEELTEC_S300Pro_mini/install/robot_interfaces:/home/dxf/WHEELTEC_S300Pro_mini/install/rm_description:/home/dxf/WHEELTEC_S300Pro_mini/install/qt_ros_test:/home/dxf/WHEELTEC_S300Pro_mini/install/orb_slam2_ros:/home/dxf/WHEELTEC_S300Pro_mini/install/openslam_gmapping:/home/dxf/WHEELTEC_S300Pro_mini/install/ollama_ros_chat:/home/dxf/WHEELTEC_S300Pro_mini/install/ollama_ros_msgs:/home/dxf/WHEELTEC_S300Pro_mini/install/nav2_waypoint_cycle:/home/dxf/WHEELTEC_S300Pro_mini/install/lslidar_driver:/home/dxf/WHEELTEC_S300Pro_mini/install/lslidar_msgs:/home/dxf/WHEELTEC_S300Pro_mini/install/ldlidar_stl_ros2:/home/dxf/WHEELTEC_S300Pro_mini/install/ldlidar_sl_ros2:/home/dxf/WHEELTEC_S300Pro_mini/install/double_lidar_fusion:/home/dxf/WHEELTEC_S300Pro_mini/install/bodyreader_msg:/home/dxf/WHEELTEC_S300Pro_mini/install/auto_recharge_ros2:/home/dxf/WHEELTEC_S300Pro_mini/install/astra_camera:/home/dxf/WHEELTEC_S300Pro_mini/install/astra_camera_msgs:/home/dxf/WHEELTEC_S300Pro_mini/install/aruco_ros:/home/dxf/WHEELTEC_S300Pro_mini/install/aruco_msgs:/home/dxf/WHEELTEC_S300Pro_mini/install/aruco:/opt/ros/humble'), ('SHELL', '/bin/bash'), ('LC_NAME', 'zh_CN.UTF-8'), ('LESSCLOSE', '/usr/bin/lesspipe %s %s'), ('LC_MEASUREMENT', 'zh_CN.UTF-8'), ('OpenCV_DIR', '/usr/local/opencv410/lib/cmake/opencv4'), ('LC_IDENTIFICATION', 'zh_CN.UTF-8'), ('VSCODE_GIT_ASKPASS_EXTRA_ARGS', ''), ('PWD', '/home/dxf/wheeltec_lebai_humble_2024_7_17/build/grab_demo'), ('SSH_CONNECTION', '192.168.0.66 49474 192.168.0.100 22'), ('XDG_DATA_DIRS', '/usr/share/gnome:/usr/local/share:/usr/share:/var/lib/snapd/desktop'), ('PYTHONPATH', '/home/dxf/wheeltec_lebai_humble_2024_7_17/install/lebai_interfaces/local/lib/python3.10/dist-packages:/home/dxf/wheeltec_lebai_humble_2024_7_17/install/lebai_driver/lib/python3.10/site-packages:/home/dxf/wheeltec_lebai_humble_2024_7_17/install/grab_demo/local/lib/python3.10/dist-packages:/home/dxf/WHEELTEC_S300Pro_mini/install/yesense_interface/local/lib/python3.10/dist-packages:/home/dxf/WHEELTEC_S300Pro_mini/install/wheeltec_rrt_msg/local/lib/python3.10/dist-packages:/home/dxf/WHEELTEC_S300Pro_mini/install/wheeltec_robot_keyboard/lib/python3.10/site-packages:/home/dxf/WHEELTEC_S300Pro_mini/install/wheeltec_mic_msg/local/lib/python3.10/dist-packages:/home/dxf/WHEELTEC_S300Pro_mini/install/simple_follower_ros2/lib/python3.10/site-packages:/home/dxf/WHEELTEC_S300Pro_mini/install/turn_on_wheeltec_robot/local/lib/python3.10/dist-packages:/home/dxf/WHEELTEC_S300Pro_mini/install/robot_interfaces/local/lib/python3.10/dist-packages:/home/dxf/WHEELTEC_S300Pro_mini/install/orb_slam2_ros/local/lib/python3.10/dist-packages:/home/dxf/WHEELTEC_S300Pro_mini/install/ollama_ros_chat/lib/python3.10/site-packages:/home/dxf/WHEELTEC_S300Pro_mini/install/ollama_ros_msgs/local/lib/python3.10/dist-packages:/home/dxf/WHEELTEC_S300Pro_mini/install/nav2_waypoint_cycle/lib/python3.10/site-packages:/home/dxf/WHEELTEC_S300Pro_mini/install/lslidar_msgs/local/lib/python3.10/dist-packages:/home/dxf/WHEELTEC_S300Pro_mini/install/bodyreader_msg/local/lib/python3.10/dist-packages:/home/dxf/WHEELTEC_S300Pro_mini/install/auto_recharge_ros2/lib/python3.10/site-packages:/home/dxf/WHEELTEC_S300Pro_mini/install/astra_camera_msgs/local/lib/python3.10/dist-packages:/home/dxf/WHEELTEC_S300Pro_mini/install/aruco_msgs/local/lib/python3.10/dist-packages:/opt/ros/humble/lib/python3.10/site-packages:/opt/ros/humble/local/lib/python3.10/dist-packages'), ('LC_NUMERIC', 'zh_CN.UTF-8'), ('LC_PAPER', 'zh_CN.UTF-8'), ('COLCON', '1'), ('CMAKE_PREFIX_PATH', '/home/dxf/wheeltec_lebai_humble_2024_7_17/install/lebai_tutorials:/home/dxf/wheeltec_lebai_humble_2024_7_17/install/lebai_resources:/home/dxf/wheeltec_lebai_humble_2024_7_17/install/lebai_lm3_moveit_config:/home/dxf/wheeltec_lebai_humble_2024_7_17/install/lebai_lm3_support:/home/dxf/wheeltec_lebai_humble_2024_7_17/install/lebai_interfaces:/home/dxf/wheeltec_lebai_humble_2024_7_17/install/grab_demo:/home/dxf/wheeltec_lebai_humble_2024_7_17/install/arm_demo:/home/dxf/WHEELTEC_S300Pro_mini/install/yesense_std_ros2:/home/dxf/WHEELTEC_S300Pro_mini/install/yesense_interface:/home/dxf/WHEELTEC_S300Pro_mini/install/wheeltec_ultrasonic:/home/dxf/WHEELTEC_S300Pro_mini/install/wheeltec_slam_toolbox:/home/dxf/WHEELTEC_S300Pro_mini/install/wheeltec_rviz2:/home/dxf/WHEELTEC_S300Pro_mini/install/wheeltec_rrt_msg:/home/dxf/WHEELTEC_S300Pro_mini/install/wheeltec_robot_rtab:/home/dxf/WHEELTEC_S300Pro_mini/install/wheeltec_robot_rrt:/home/dxf/WHEELTEC_S300Pro_mini/install/wheeltec_robot_kcf:/home/dxf/WHEELTEC_S300Pro_mini/install/wheeltec_path_follow:/home/dxf/WHEELTEC_S300Pro_mini/install/wheeltec_nav2:/home/dxf/WHEELTEC_S300Pro_mini/install/wheeltec_mic_ros2:/home/dxf/WHEELTEC_S300Pro_mini/install/wheeltec_mic_msg:/home/dxf/WHEELTEC_S300Pro_mini/install/wheeltec_joy:/home/dxf/WHEELTEC_S300Pro_mini/install/wheeltec_cartographer:/home/dxf/WHEELTEC_S300Pro_mini/install/web_video_server:/home/dxf/WHEELTEC_S300Pro_mini/install/usb_cam:/home/dxf/WHEELTEC_S300Pro_mini/install/turn_on_wheeltec_robot:/home/dxf/WHEELTEC_S300Pro_mini/install/slam_gmapping:/home/dxf/WHEELTEC_S300Pro_mini/install/bodyreader:/home/dxf/WHEELTEC_S300Pro_mini/install/serial:/home/dxf/WHEELTEC_S300Pro_mini/install/robot_interfaces:/home/dxf/WHEELTEC_S300Pro_mini/install/rm_description:/home/dxf/WHEELTEC_S300Pro_mini/install/qt_ros_test:/home/dxf/WHEELTEC_S300Pro_mini/install/orb_slam2_ros:/home/dxf/WHEELTEC_S300Pro_mini/install/openslam_gmapping:/home/dxf/WHEELTEC_S300Pro_mini/install/ollama_ros_msgs:/home/dxf/WHEELTEC_S300Pro_mini/install/lslidar_driver:/home/dxf/WHEELTEC_S300Pro_mini/install/lslidar_msgs:/home/dxf/WHEELTEC_S300Pro_mini/install/ldlidar_stl_ros2:/home/dxf/WHEELTEC_S300Pro_mini/install/ldlidar_sl_ros2:/home/dxf/WHEELTEC_S300Pro_mini/install/double_lidar_fusion:/home/dxf/WHEELTEC_S300Pro_mini/install/bodyreader_msg:/home/dxf/WHEELTEC_S300Pro_mini/install/astra_camera:/home/dxf/WHEELTEC_S300Pro_mini/install/astra_camera_msgs:/home/dxf/WHEELTEC_S300Pro_mini/install/aruco_ros:/home/dxf/WHEELTEC_S300Pro_mini/install/aruco_msgs:/home/dxf/WHEELTEC_S300Pro_mini/install/aruco:/usr/local/opencv410:/usr/local/opencv410::/home/dxf/wheeltec_lebai_humble_2024_7_17/install/lebai_driver:/home/dxf/WHEELTEC_S300Pro_mini/install/wheeltec_robot_keyboard:/home/dxf/WHEELTEC_S300Pro_mini/install/simple_follower_ros2:/home/dxf/WHEELTEC_S300Pro_mini/install/ollama_ros_chat:/home/dxf/WHEELTEC_S300Pro_mini/install/nav2_waypoint_cycle:/home/dxf/WHEELTEC_S300Pro_mini/install/auto_recharge_ros2:/opt/ros/humble')]), 'shell': False}
[475.989108] (-) TimerEvent: {}
[476.009869] (grab_demo) StdoutLine: {'line': b'-- Install configuration: "Debug"\n'}
[476.013718] (grab_demo) StdoutLine: {'line': b'-- Up-to-date: /home/dxf/wheeltec_lebai_humble_2024_7_17/install/grab_demo/share/ament_index/resource_index/rosidl_interfaces/grab_demo\n'}
[476.015247] (grab_demo) StdoutLine: {'line': b'-- Up-to-date: /home/dxf/wheeltec_lebai_humble_2024_7_17/install/grab_demo/include/grab_demo/grab_demo\n'}
[476.015804] (grab_demo) StdoutLine: {'line': b'-- Up-to-date: /home/dxf/wheeltec_lebai_humble_2024_7_17/install/grab_demo/include/grab_demo/grab_demo/msg\n'}
[476.016253] (grab_demo) StdoutLine: {'line': b'-- Up-to-date: /home/dxf/wheeltec_lebai_humble_2024_7_17/install/grab_demo/include/grab_demo/grab_demo/msg/rosidl_generator_c__visibility_control.h\n'}
[476.016548] (grab_demo) StdoutLine: {'line': b'-- Up-to-date: /home/dxf/wheeltec_lebai_humble_2024_7_17/install/grab_demo/include/grab_demo/grab_demo/srv\n'}
[476.016723] (grab_demo) StdoutLine: {'line': b'-- Up-to-date: /home/dxf/wheeltec_lebai_humble_2024_7_17/install/grab_demo/include/grab_demo/grab_demo/srv/grab_object.h\n'}
[476.016893] (grab_demo) StdoutLine: {'line': b'-- Up-to-date: /home/dxf/wheeltec_lebai_humble_2024_7_17/install/grab_demo/include/grab_demo/grab_demo/srv/detail\n'}
[476.017044] (grab_demo) StdoutLine: {'line': b'-- Up-to-date: /home/dxf/wheeltec_lebai_humble_2024_7_17/install/grab_demo/include/grab_demo/grab_demo/srv/detail/grab_object__struct.h\n'}
[476.017310] (grab_demo) StdoutLine: {'line': b'-- Up-to-date: /home/dxf/wheeltec_lebai_humble_2024_7_17/install/grab_demo/include/grab_demo/grab_demo/srv/detail/grab_object__type_support.h\n'}
[476.017753] (grab_demo) StdoutLine: {'line': b'-- Up-to-date: /home/dxf/wheeltec_lebai_humble_2024_7_17/install/grab_demo/include/grab_demo/grab_demo/srv/detail/grab_object__functions.c\n'}
[476.017963] (grab_demo) StdoutLine: {'line': b'-- Up-to-date: /home/dxf/wheeltec_lebai_humble_2024_7_17/install/grab_demo/include/grab_demo/grab_demo/srv/detail/grab_object__functions.h\n'}
[476.018580] (grab_demo) StdoutLine: {'line': b'-- Up-to-date: /home/dxf/wheeltec_lebai_humble_2024_7_17/install/grab_demo/share/grab_demo/environment/library_path.sh\n'}
[476.019837] (grab_demo) StdoutLine: {'line': b'-- Installing: /home/dxf/wheeltec_lebai_humble_2024_7_17/install/grab_demo/share/grab_demo/environment/library_path.dsv\n'}
[476.020410] (grab_demo) StdoutLine: {'line': b'-- Installing: /home/dxf/wheeltec_lebai_humble_2024_7_17/install/grab_demo/lib/libgrab_demo__rosidl_generator_c.so\n'}
[476.021268] (grab_demo) StdoutLine: {'line': b'-- Set runtime path of "/home/dxf/wheeltec_lebai_humble_2024_7_17/install/grab_demo/lib/libgrab_demo__rosidl_generator_c.so" to ""\n'}
[476.021666] (grab_demo) StdoutLine: {'line': b'-- Up-to-date: /home/dxf/wheeltec_lebai_humble_2024_7_17/install/grab_demo/include/grab_demo/grab_demo\n'}
[476.021969] (grab_demo) StdoutLine: {'line': b'-- Up-to-date: /home/dxf/wheeltec_lebai_humble_2024_7_17/install/grab_demo/include/grab_demo/grab_demo/msg\n'}
[476.022227] (grab_demo) StdoutLine: {'line': b'-- Up-to-date: /home/dxf/wheeltec_lebai_humble_2024_7_17/install/grab_demo/include/grab_demo/grab_demo/msg/rosidl_typesupport_fastrtps_c__visibility_control.h\n'}
[476.022461] (grab_demo) StdoutLine: {'line': b'-- Up-to-date: /home/dxf/wheeltec_lebai_humble_2024_7_17/install/grab_demo/include/grab_demo/grab_demo/srv\n'}
[476.022636] (grab_demo) StdoutLine: {'line': b'-- Up-to-date: /home/dxf/wheeltec_lebai_humble_2024_7_17/install/grab_demo/include/grab_demo/grab_demo/srv/detail\n'}
[476.022837] (grab_demo) StdoutLine: {'line': b'-- Up-to-date: /home/dxf/wheeltec_lebai_humble_2024_7_17/install/grab_demo/include/grab_demo/grab_demo/srv/detail/grab_object__rosidl_typesupport_fastrtps_c.h\n'}
[476.023617] (grab_demo) StdoutLine: {'line': b'-- Installing: /home/dxf/wheeltec_lebai_humble_2024_7_17/install/grab_demo/lib/libgrab_demo__rosidl_typesupport_fastrtps_c.so\n'}
[476.025513] (grab_demo) StdoutLine: {'line': b'-- Set runtime path of "/home/dxf/wheeltec_lebai_humble_2024_7_17/install/grab_demo/lib/libgrab_demo__rosidl_typesupport_fastrtps_c.so" to ""\n'}
[476.033879] (grab_demo) StdoutLine: {'line': b'-- Up-to-date: /home/dxf/wheeltec_lebai_humble_2024_7_17/install/grab_demo/include/grab_demo/grab_demo\n'}
[476.035122] (grab_demo) StdoutLine: {'line': b'-- Up-to-date: /home/dxf/wheeltec_lebai_humble_2024_7_17/install/grab_demo/include/grab_demo/grab_demo/msg\n'}
[476.035346] (grab_demo) StdoutLine: {'line': b'-- Up-to-date: /home/dxf/wheeltec_lebai_humble_2024_7_17/install/grab_demo/include/grab_demo/grab_demo/msg/rosidl_generator_cpp__visibility_control.hpp\n'}
[476.035521] (grab_demo) StdoutLine: {'line': b'-- Up-to-date: /home/dxf/wheeltec_lebai_humble_2024_7_17/install/grab_demo/include/grab_demo/grab_demo/srv\n'}
[476.035802] (grab_demo) StdoutLine: {'line': b'-- Up-to-date: /home/dxf/wheeltec_lebai_humble_2024_7_17/install/grab_demo/include/grab_demo/grab_demo/srv/detail\n'}
[476.036034] (grab_demo) StdoutLine: {'line': b'-- Up-to-date: /home/dxf/wheeltec_lebai_humble_2024_7_17/install/grab_demo/include/grab_demo/grab_demo/srv/detail/grab_object__traits.hpp\n'}
[476.036259] (grab_demo) StdoutLine: {'line': b'-- Up-to-date: /home/dxf/wheeltec_lebai_humble_2024_7_17/install/grab_demo/include/grab_demo/grab_demo/srv/detail/grab_object__type_support.hpp\n'}
[476.036416] (grab_demo) StdoutLine: {'line': b'-- Up-to-date: /home/dxf/wheeltec_lebai_humble_2024_7_17/install/grab_demo/include/grab_demo/grab_demo/srv/detail/grab_object__builder.hpp\n'}
[476.036607] (grab_demo) StdoutLine: {'line': b'-- Up-to-date: /home/dxf/wheeltec_lebai_humble_2024_7_17/install/grab_demo/include/grab_demo/grab_demo/srv/detail/grab_object__struct.hpp\n'}
[476.036783] (grab_demo) StdoutLine: {'line': b'-- Up-to-date: /home/dxf/wheeltec_lebai_humble_2024_7_17/install/grab_demo/include/grab_demo/grab_demo/srv/grab_object.hpp\n'}
[476.036943] (grab_demo) StdoutLine: {'line': b'-- Up-to-date: /home/dxf/wheeltec_lebai_humble_2024_7_17/install/grab_demo/include/grab_demo/grab_demo\n'}
[476.037084] (grab_demo) StdoutLine: {'line': b'-- Up-to-date: /home/dxf/wheeltec_lebai_humble_2024_7_17/install/grab_demo/include/grab_demo/grab_demo/msg\n'}
[476.037231] (grab_demo) StdoutLine: {'line': b'-- Up-to-date: /home/dxf/wheeltec_lebai_humble_2024_7_17/install/grab_demo/include/grab_demo/grab_demo/msg/rosidl_typesupport_fastrtps_cpp__visibility_control.h\n'}
[476.037444] (grab_demo) StdoutLine: {'line': b'-- Up-to-date: /home/dxf/wheeltec_lebai_humble_2024_7_17/install/grab_demo/include/grab_demo/grab_demo/srv\n'}
[476.037644] (grab_demo) StdoutLine: {'line': b'-- Up-to-date: /home/dxf/wheeltec_lebai_humble_2024_7_17/install/grab_demo/include/grab_demo/grab_demo/srv/detail\n'}
[476.037840] (grab_demo) StdoutLine: {'line': b'-- Up-to-date: /home/dxf/wheeltec_lebai_humble_2024_7_17/install/grab_demo/include/grab_demo/grab_demo/srv/detail/dds_fastrtps\n'}
[476.037989] (grab_demo) StdoutLine: {'line': b'-- Up-to-date: /home/dxf/wheeltec_lebai_humble_2024_7_17/install/grab_demo/include/grab_demo/grab_demo/srv/detail/grab_object__rosidl_typesupport_fastrtps_cpp.hpp\n'}
[476.038188] (grab_demo) StdoutLine: {'line': b'-- Installing: /home/dxf/wheeltec_lebai_humble_2024_7_17/install/grab_demo/lib/libgrab_demo__rosidl_typesupport_fastrtps_cpp.so\n'}
[476.038537] (grab_demo) StdoutLine: {'line': b'-- Set runtime path of "/home/dxf/wheeltec_lebai_humble_2024_7_17/install/grab_demo/lib/libgrab_demo__rosidl_typesupport_fastrtps_cpp.so" to ""\n'}
[476.038709] (grab_demo) StdoutLine: {'line': b'-- Up-to-date: /home/dxf/wheeltec_lebai_humble_2024_7_17/install/grab_demo/include/grab_demo/grab_demo\n'}
[476.038855] (grab_demo) StdoutLine: {'line': b'-- Up-to-date: /home/dxf/wheeltec_lebai_humble_2024_7_17/install/grab_demo/include/grab_demo/grab_demo/msg\n'}
[476.039042] (grab_demo) StdoutLine: {'line': b'-- Up-to-date: /home/dxf/wheeltec_lebai_humble_2024_7_17/install/grab_demo/include/grab_demo/grab_demo/msg/rosidl_typesupport_introspection_c__visibility_control.h\n'}
[476.039217] (grab_demo) StdoutLine: {'line': b'-- Up-to-date: /home/dxf/wheeltec_lebai_humble_2024_7_17/install/grab_demo/include/grab_demo/grab_demo/srv\n'}
[476.039362] (grab_demo) StdoutLine: {'line': b'-- Up-to-date: /home/dxf/wheeltec_lebai_humble_2024_7_17/install/grab_demo/include/grab_demo/grab_demo/srv/detail\n'}
[476.039507] (grab_demo) StdoutLine: {'line': b'-- Up-to-date: /home/dxf/wheeltec_lebai_humble_2024_7_17/install/grab_demo/include/grab_demo/grab_demo/srv/detail/grab_object__type_support.c\n'}
[476.039659] (grab_demo) StdoutLine: {'line': b'-- Up-to-date: /home/dxf/wheeltec_lebai_humble_2024_7_17/install/grab_demo/include/grab_demo/grab_demo/srv/detail/grab_object__rosidl_typesupport_introspection_c.h\n'}
[476.039823] (grab_demo) StdoutLine: {'line': b'-- Installing: /home/dxf/wheeltec_lebai_humble_2024_7_17/install/grab_demo/lib/libgrab_demo__rosidl_typesupport_introspection_c.so\n'}
[476.039984] (grab_demo) StdoutLine: {'line': b'-- Set runtime path of "/home/dxf/wheeltec_lebai_humble_2024_7_17/install/grab_demo/lib/libgrab_demo__rosidl_typesupport_introspection_c.so" to ""\n'}
[476.040129] (grab_demo) StdoutLine: {'line': b'-- Installing: /home/dxf/wheeltec_lebai_humble_2024_7_17/install/grab_demo/lib/libgrab_demo__rosidl_typesupport_c.so\n'}
[476.040263] (grab_demo) StdoutLine: {'line': b'-- Set runtime path of "/home/dxf/wheeltec_lebai_humble_2024_7_17/install/grab_demo/lib/libgrab_demo__rosidl_typesupport_c.so" to ""\n'}
[476.040414] (grab_demo) StdoutLine: {'line': b'-- Up-to-date: /home/dxf/wheeltec_lebai_humble_2024_7_17/install/grab_demo/include/grab_demo/grab_demo\n'}
[476.040630] (grab_demo) StdoutLine: {'line': b'-- Up-to-date: /home/dxf/wheeltec_lebai_humble_2024_7_17/install/grab_demo/include/grab_demo/grab_demo/srv\n'}
[476.040769] (grab_demo) StdoutLine: {'line': b'-- Up-to-date: /home/dxf/wheeltec_lebai_humble_2024_7_17/install/grab_demo/include/grab_demo/grab_demo/srv/detail\n'}
[476.040905] (grab_demo) StdoutLine: {'line': b'-- Up-to-date: /home/dxf/wheeltec_lebai_humble_2024_7_17/install/grab_demo/include/grab_demo/grab_demo/srv/detail/grab_object__rosidl_typesupport_introspection_cpp.hpp\n'}
[476.041041] (grab_demo) StdoutLine: {'line': b'-- Up-to-date: /home/dxf/wheeltec_lebai_humble_2024_7_17/install/grab_demo/include/grab_demo/grab_demo/srv/detail/grab_object__type_support.cpp\n'}
[476.041241] (grab_demo) StdoutLine: {'line': b'-- Installing: /home/dxf/wheeltec_lebai_humble_2024_7_17/install/grab_demo/lib/libgrab_demo__rosidl_typesupport_introspection_cpp.so\n'}
[476.041413] (grab_demo) StdoutLine: {'line': b'-- Set runtime path of "/home/dxf/wheeltec_lebai_humble_2024_7_17/install/grab_demo/lib/libgrab_demo__rosidl_typesupport_introspection_cpp.so" to ""\n'}
[476.041558] (grab_demo) StdoutLine: {'line': b'-- Installing: /home/dxf/wheeltec_lebai_humble_2024_7_17/install/grab_demo/lib/libgrab_demo__rosidl_typesupport_cpp.so\n'}
[476.042113] (grab_demo) StdoutLine: {'line': b'-- Set runtime path of "/home/dxf/wheeltec_lebai_humble_2024_7_17/install/grab_demo/lib/libgrab_demo__rosidl_typesupport_cpp.so" to ""\n'}
[476.042482] (grab_demo) StdoutLine: {'line': b'-- Up-to-date: /home/dxf/wheeltec_lebai_humble_2024_7_17/install/grab_demo/share/grab_demo/environment/pythonpath.sh\n'}
[476.042690] (grab_demo) StdoutLine: {'line': b'-- Installing: /home/dxf/wheeltec_lebai_humble_2024_7_17/install/grab_demo/share/grab_demo/environment/pythonpath.dsv\n'}
[476.043610] (grab_demo) StdoutLine: {'line': b'-- Up-to-date: /home/dxf/wheeltec_lebai_humble_2024_7_17/install/grab_demo/local/lib/python3.10/dist-packages/grab_demo-0.0.0-py3.10.egg-info\n'}
[476.043920] (grab_demo) StdoutLine: {'line': b'-- Installing: /home/dxf/wheeltec_lebai_humble_2024_7_17/install/grab_demo/local/lib/python3.10/dist-packages/grab_demo-0.0.0-py3.10.egg-info/dependency_links.txt\n'}
[476.044792] (grab_demo) StdoutLine: {'line': b'-- Installing: /home/dxf/wheeltec_lebai_humble_2024_7_17/install/grab_demo/local/lib/python3.10/dist-packages/grab_demo-0.0.0-py3.10.egg-info/PKG-INFO\n'}
[476.045179] (grab_demo) StdoutLine: {'line': b'-- Installing: /home/dxf/wheeltec_lebai_humble_2024_7_17/install/grab_demo/local/lib/python3.10/dist-packages/grab_demo-0.0.0-py3.10.egg-info/top_level.txt\n'}
[476.045560] (grab_demo) StdoutLine: {'line': b'-- Installing: /home/dxf/wheeltec_lebai_humble_2024_7_17/install/grab_demo/local/lib/python3.10/dist-packages/grab_demo-0.0.0-py3.10.egg-info/SOURCES.txt\n'}
[476.046126] (grab_demo) StdoutLine: {'line': b'-- Up-to-date: /home/dxf/wheeltec_lebai_humble_2024_7_17/install/grab_demo/local/lib/python3.10/dist-packages/grab_demo\n'}
[476.046541] (grab_demo) StdoutLine: {'line': b'-- Installing: /home/dxf/wheeltec_lebai_humble_2024_7_17/install/grab_demo/local/lib/python3.10/dist-packages/grab_demo/libgrab_demo__rosidl_generator_py.so\n'}
[476.046844] (grab_demo) StdoutLine: {'line': b'-- Up-to-date: /home/dxf/wheeltec_lebai_humble_2024_7_17/install/grab_demo/local/lib/python3.10/dist-packages/grab_demo/_grab_demo_s.ep.rosidl_typesupport_c.c\n'}
[476.047537] (grab_demo) StdoutLine: {'line': b'-- Installing: /home/dxf/wheeltec_lebai_humble_2024_7_17/install/grab_demo/local/lib/python3.10/dist-packages/grab_demo/__init__.py\n'}
[476.047983] (grab_demo) StdoutLine: {'line': b'-- Up-to-date: /home/dxf/wheeltec_lebai_humble_2024_7_17/install/grab_demo/local/lib/python3.10/dist-packages/grab_demo/_grab_demo_s.ep.rosidl_typesupport_introspection_c.c\n'}
[476.049461] (grab_demo) StdoutLine: {'line': b'-- Up-to-date: /home/dxf/wheeltec_lebai_humble_2024_7_17/install/grab_demo/local/lib/python3.10/dist-packages/grab_demo/_grab_demo_s.ep.rosidl_typesupport_fastrtps_c.c\n'}
[476.049716] (grab_demo) StdoutLine: {'line': b'-- Installing: /home/dxf/wheeltec_lebai_humble_2024_7_17/install/grab_demo/local/lib/python3.10/dist-packages/grab_demo/grab_demo_s__rosidl_typesupport_introspection_c.cpython-310-aarch64-linux-gnu.so\n'}
[476.050063] (grab_demo) StdoutLine: {'line': b'-- Installing: /home/dxf/wheeltec_lebai_humble_2024_7_17/install/grab_demo/local/lib/python3.10/dist-packages/grab_demo/grab_demo_s__rosidl_typesupport_c.cpython-310-aarch64-linux-gnu.so\n'}
[476.050240] (grab_demo) StdoutLine: {'line': b'-- Up-to-date: /home/dxf/wheeltec_lebai_humble_2024_7_17/install/grab_demo/local/lib/python3.10/dist-packages/grab_demo/srv\n'}
[476.050604] (grab_demo) StdoutLine: {'line': b'-- Up-to-date: /home/dxf/wheeltec_lebai_humble_2024_7_17/install/grab_demo/local/lib/python3.10/dist-packages/grab_demo/srv/__init__.py\n'}
[476.050788] (grab_demo) StdoutLine: {'line': b'-- Up-to-date: /home/dxf/wheeltec_lebai_humble_2024_7_17/install/grab_demo/local/lib/python3.10/dist-packages/grab_demo/srv/_grab_object.py\n'}
[476.050941] (grab_demo) StdoutLine: {'line': b'-- Up-to-date: /home/dxf/wheeltec_lebai_humble_2024_7_17/install/grab_demo/local/lib/python3.10/dist-packages/grab_demo/srv/_grab_object_s.c\n'}
[476.051125] (grab_demo) StdoutLine: {'line': b'-- Installing: /home/dxf/wheeltec_lebai_humble_2024_7_17/install/grab_demo/local/lib/python3.10/dist-packages/grab_demo/grab_demo_s__rosidl_typesupport_fastrtps_c.cpython-310-aarch64-linux-gnu.so\n'}
[476.089280] (-) TimerEvent: {}
[476.189941] (-) TimerEvent: {}
[476.291531] (-) TimerEvent: {}
[476.294143] (grab_demo) StdoutLine: {'line': b"Listing '/home/dxf/wheeltec_lebai_humble_2024_7_17/install/grab_demo/local/lib/python3.10/dist-packages/grab_demo'...\n"}
[476.294662] (grab_demo) StdoutLine: {'line': b"Compiling '/home/dxf/wheeltec_lebai_humble_2024_7_17/install/grab_demo/local/lib/python3.10/dist-packages/grab_demo/__init__.py'...\n"}
[476.294859] (grab_demo) StdoutLine: {'line': b"Listing '/home/dxf/wheeltec_lebai_humble_2024_7_17/install/grab_demo/local/lib/python3.10/dist-packages/grab_demo/srv'...\n"}
[476.325673] (grab_demo) StdoutLine: {'line': b'-- Installing: /home/dxf/wheeltec_lebai_humble_2024_7_17/install/grab_demo/local/lib/python3.10/dist-packages/grab_demo/grab_demo_s__rosidl_typesupport_fastrtps_c.cpython-310-aarch64-linux-gnu.so\n'}
[476.326430] (grab_demo) StdoutLine: {'line': b'-- Set runtime path of "/home/dxf/wheeltec_lebai_humble_2024_7_17/install/grab_demo/local/lib/python3.10/dist-packages/grab_demo/grab_demo_s__rosidl_typesupport_fastrtps_c.cpython-310-aarch64-linux-gnu.so" to ""\n'}
[476.326961] (grab_demo) StdoutLine: {'line': b'-- Installing: /home/dxf/wheeltec_lebai_humble_2024_7_17/install/grab_demo/local/lib/python3.10/dist-packages/grab_demo/grab_demo_s__rosidl_typesupport_introspection_c.cpython-310-aarch64-linux-gnu.so\n'}
[476.328303] (grab_demo) StdoutLine: {'line': b'-- Set runtime path of "/home/dxf/wheeltec_lebai_humble_2024_7_17/install/grab_demo/local/lib/python3.10/dist-packages/grab_demo/grab_demo_s__rosidl_typesupport_introspection_c.cpython-310-aarch64-linux-gnu.so" to ""\n'}
[476.328874] (grab_demo) StdoutLine: {'line': b'-- Installing: /home/dxf/wheeltec_lebai_humble_2024_7_17/install/grab_demo/local/lib/python3.10/dist-packages/grab_demo/grab_demo_s__rosidl_typesupport_c.cpython-310-aarch64-linux-gnu.so\n'}
[476.329760] (grab_demo) StdoutLine: {'line': b'-- Set runtime path of "/home/dxf/wheeltec_lebai_humble_2024_7_17/install/grab_demo/local/lib/python3.10/dist-packages/grab_demo/grab_demo_s__rosidl_typesupport_c.cpython-310-aarch64-linux-gnu.so" to ""\n'}
[476.331221] (grab_demo) StdoutLine: {'line': b'-- Installing: /home/dxf/wheeltec_lebai_humble_2024_7_17/install/grab_demo/lib/libgrab_demo__rosidl_generator_py.so\n'}
[476.331980] (grab_demo) StdoutLine: {'line': b'-- Set runtime path of "/home/dxf/wheeltec_lebai_humble_2024_7_17/install/grab_demo/lib/libgrab_demo__rosidl_generator_py.so" to ""\n'}
[476.332891] (grab_demo) StdoutLine: {'line': b'-- Up-to-date: /home/dxf/wheeltec_lebai_humble_2024_7_17/install/grab_demo/share/grab_demo/srv/GrabObject.idl\n'}
[476.333258] (grab_demo) StdoutLine: {'line': b'-- Up-to-date: /home/dxf/wheeltec_lebai_humble_2024_7_17/install/grab_demo/share/grab_demo/srv/GrabObject.srv\n'}
[476.333550] (grab_demo) StdoutLine: {'line': b'-- Up-to-date: /home/dxf/wheeltec_lebai_humble_2024_7_17/install/grab_demo/share/grab_demo/srv/GrabObject_Request.msg\n'}
[476.333860] (grab_demo) StdoutLine: {'line': b'-- Up-to-date: /home/dxf/wheeltec_lebai_humble_2024_7_17/install/grab_demo/share/grab_demo/srv/GrabObject_Response.msg\n'}
[476.334735] (grab_demo) StdoutLine: {'line': b'-- Installing: /home/dxf/wheeltec_lebai_humble_2024_7_17/install/grab_demo/lib/grab_demo/charuco_dectet_node\n'}
[476.391310] (grab_demo) StdoutLine: {'line': b'-- Set runtime path of "/home/dxf/wheeltec_lebai_humble_2024_7_17/install/grab_demo/lib/grab_demo/charuco_dectet_node" to ""\n'}
[476.391844] (-) TimerEvent: {}
[476.392631] (grab_demo) StdoutLine: {'line': b'-- Installing: /home/dxf/wheeltec_lebai_humble_2024_7_17/install/grab_demo/lib/grab_demo/hand_eye\n'}
[476.468066] (grab_demo) StdoutLine: {'line': b'-- Set runtime path of "/home/dxf/wheeltec_lebai_humble_2024_7_17/install/grab_demo/lib/grab_demo/hand_eye" to ""\n'}
[476.469655] (grab_demo) StdoutLine: {'line': b'-- Installing: /home/dxf/wheeltec_lebai_humble_2024_7_17/install/grab_demo/lib/grab_demo/hsv_range\n'}
[476.492045] (-) TimerEvent: {}
[476.559664] (grab_demo) StdoutLine: {'line': b'-- Set runtime path of "/home/dxf/wheeltec_lebai_humble_2024_7_17/install/grab_demo/lib/grab_demo/hsv_range" to ""\n'}
[476.560276] (grab_demo) StdoutLine: {'line': b'-- Installing: /home/dxf/wheeltec_lebai_humble_2024_7_17/install/grab_demo/lib/grab_demo/aruco_dectet\n'}
[476.592204] (-) TimerEvent: {}
[476.603881] (grab_demo) StdoutLine: {'line': b'-- Set runtime path of "/home/dxf/wheeltec_lebai_humble_2024_7_17/install/grab_demo/lib/grab_demo/aruco_dectet" to ""\n'}
[476.604498] (grab_demo) StdoutLine: {'line': b'-- Installing: /home/dxf/wheeltec_lebai_humble_2024_7_17/install/grab_demo/lib/grab_demo/grab_service_node\n'}
[476.633806] (grab_demo) StdoutLine: {'line': b'-- Set runtime path of "/home/dxf/wheeltec_lebai_humble_2024_7_17/install/grab_demo/lib/grab_demo/grab_service_node" to ""\n'}
[476.634572] (grab_demo) StdoutLine: {'line': b'-- Installing: /home/dxf/wheeltec_lebai_humble_2024_7_17/install/grab_demo/lib/grab_demo/start_grab\n'}
[476.653940] (grab_demo) StdoutLine: {'line': b'-- Set runtime path of "/home/dxf/wheeltec_lebai_humble_2024_7_17/install/grab_demo/lib/grab_demo/start_grab" to ""\n'}
[476.655118] (grab_demo) StdoutLine: {'line': b'-- Installing: /home/dxf/wheeltec_lebai_humble_2024_7_17/install/grab_demo/lib/grab_demo/camera_info_node\n'}
[476.666841] (grab_demo) StdoutLine: {'line': b'-- Set runtime path of "/home/dxf/wheeltec_lebai_humble_2024_7_17/install/grab_demo/lib/grab_demo/camera_info_node" to ""\n'}
[476.667766] (grab_demo) StdoutLine: {'line': b'-- Installing: /home/dxf/wheeltec_lebai_humble_2024_7_17/install/grab_demo/lib/grab_demo/nav_grab\n'}
[476.682831] (grab_demo) StdoutLine: {'line': b'-- Set runtime path of "/home/dxf/wheeltec_lebai_humble_2024_7_17/install/grab_demo/lib/grab_demo/nav_grab" to ""\n'}
[476.683318] (grab_demo) StdoutLine: {'line': b'-- Up-to-date: /home/dxf/wheeltec_lebai_humble_2024_7_17/install/grab_demo/share/grab_demo/launch\n'}
[476.683511] (grab_demo) StdoutLine: {'line': b'-- Up-to-date: /home/dxf/wheeltec_lebai_humble_2024_7_17/install/grab_demo/share/grab_demo/launch/start_grab.launch.py\n'}
[476.683696] (grab_demo) StdoutLine: {'line': b'-- Up-to-date: /home/dxf/wheeltec_lebai_humble_2024_7_17/install/grab_demo/share/grab_demo/launch/hand_eye.launch.py\n'}
[476.684339] (grab_demo) StdoutLine: {'line': b'-- Up-to-date: /home/dxf/wheeltec_lebai_humble_2024_7_17/install/grab_demo/share/grab_demo/launch/color_grab.launch.py\n'}
[476.684799] (grab_demo) StdoutLine: {'line': b'-- Up-to-date: /home/dxf/wheeltec_lebai_humble_2024_7_17/install/grab_demo/share/grab_demo/launch/aruco_grab.launch.py\n'}
[476.685242] (grab_demo) StdoutLine: {'line': b'-- Up-to-date: /home/dxf/wheeltec_lebai_humble_2024_7_17/install/grab_demo/share/ament_index/resource_index/package_run_dependencies/grab_demo\n'}
[476.685542] (grab_demo) StdoutLine: {'line': b'-- Installing: /home/dxf/wheeltec_lebai_humble_2024_7_17/install/grab_demo/share/ament_index/resource_index/parent_prefix_path/grab_demo\n'}
[476.687294] (grab_demo) StdoutLine: {'line': b'-- Up-to-date: /home/dxf/wheeltec_lebai_humble_2024_7_17/install/grab_demo/share/grab_demo/environment/ament_prefix_path.sh\n'}
[476.687660] (grab_demo) StdoutLine: {'line': b'-- Installing: /home/dxf/wheeltec_lebai_humble_2024_7_17/install/grab_demo/share/grab_demo/environment/ament_prefix_path.dsv\n'}
[476.688057] (grab_demo) StdoutLine: {'line': b'-- Up-to-date: /home/dxf/wheeltec_lebai_humble_2024_7_17/install/grab_demo/share/grab_demo/environment/path.sh\n'}
[476.688354] (grab_demo) StdoutLine: {'line': b'-- Installing: /home/dxf/wheeltec_lebai_humble_2024_7_17/install/grab_demo/share/grab_demo/environment/path.dsv\n'}
[476.688533] (grab_demo) StdoutLine: {'line': b'-- Up-to-date: /home/dxf/wheeltec_lebai_humble_2024_7_17/install/grab_demo/share/grab_demo/local_setup.bash\n'}
[476.688688] (grab_demo) StdoutLine: {'line': b'-- Up-to-date: /home/dxf/wheeltec_lebai_humble_2024_7_17/install/grab_demo/share/grab_demo/local_setup.sh\n'}
[476.688832] (grab_demo) StdoutLine: {'line': b'-- Up-to-date: /home/dxf/wheeltec_lebai_humble_2024_7_17/install/grab_demo/share/grab_demo/local_setup.zsh\n'}
[476.689094] (grab_demo) StdoutLine: {'line': b'-- Installing: /home/dxf/wheeltec_lebai_humble_2024_7_17/install/grab_demo/share/grab_demo/local_setup.dsv\n'}
[476.689287] (grab_demo) StdoutLine: {'line': b'-- Installing: /home/dxf/wheeltec_lebai_humble_2024_7_17/install/grab_demo/share/grab_demo/package.dsv\n'}
[476.689449] (grab_demo) StdoutLine: {'line': b'-- Up-to-date: /home/dxf/wheeltec_lebai_humble_2024_7_17/install/grab_demo/share/ament_index/resource_index/packages/grab_demo\n'}
[476.690392] (grab_demo) StdoutLine: {'line': b'-- Up-to-date: /home/dxf/wheeltec_lebai_humble_2024_7_17/install/grab_demo/share/grab_demo/cmake/export_grab_demo__rosidl_generator_cExport.cmake\n'}
[476.690659] (grab_demo) StdoutLine: {'line': b'-- Installing: /home/dxf/wheeltec_lebai_humble_2024_7_17/install/grab_demo/share/grab_demo/cmake/export_grab_demo__rosidl_generator_cExport-debug.cmake\n'}
[476.691782] (grab_demo) StdoutLine: {'line': b'-- Up-to-date: /home/dxf/wheeltec_lebai_humble_2024_7_17/install/grab_demo/share/grab_demo/cmake/export_grab_demo__rosidl_typesupport_fastrtps_cExport.cmake\n'}
[476.692121] (grab_demo) StdoutLine: {'line': b'-- Installing: /home/dxf/wheeltec_lebai_humble_2024_7_17/install/grab_demo/share/grab_demo/cmake/export_grab_demo__rosidl_typesupport_fastrtps_cExport-debug.cmake\n'}
[476.692328] (-) TimerEvent: {}
[476.693024] (grab_demo) StdoutLine: {'line': b'-- Up-to-date: /home/dxf/wheeltec_lebai_humble_2024_7_17/install/grab_demo/share/grab_demo/cmake/export_grab_demo__rosidl_generator_cppExport.cmake\n'}
[476.693397] (grab_demo) StdoutLine: {'line': b'-- Up-to-date: /home/dxf/wheeltec_lebai_humble_2024_7_17/install/grab_demo/share/grab_demo/cmake/export_grab_demo__rosidl_typesupport_fastrtps_cppExport.cmake\n'}
[476.693575] (grab_demo) StdoutLine: {'line': b'-- Installing: /home/dxf/wheeltec_lebai_humble_2024_7_17/install/grab_demo/share/grab_demo/cmake/export_grab_demo__rosidl_typesupport_fastrtps_cppExport-debug.cmake\n'}
[476.694370] (grab_demo) StdoutLine: {'line': b'-- Up-to-date: /home/dxf/wheeltec_lebai_humble_2024_7_17/install/grab_demo/share/grab_demo/cmake/grab_demo__rosidl_typesupport_introspection_cExport.cmake\n'}
[476.694598] (grab_demo) StdoutLine: {'line': b'-- Installing: /home/dxf/wheeltec_lebai_humble_2024_7_17/install/grab_demo/share/grab_demo/cmake/grab_demo__rosidl_typesupport_introspection_cExport-debug.cmake\n'}
[476.695315] (grab_demo) StdoutLine: {'line': b'-- Up-to-date: /home/dxf/wheeltec_lebai_humble_2024_7_17/install/grab_demo/share/grab_demo/cmake/grab_demo__rosidl_typesupport_cExport.cmake\n'}
[476.696401] (grab_demo) StdoutLine: {'line': b'-- Installing: /home/dxf/wheeltec_lebai_humble_2024_7_17/install/grab_demo/share/grab_demo/cmake/grab_demo__rosidl_typesupport_cExport-debug.cmake\n'}
[476.704191] (grab_demo) StdoutLine: {'line': b'-- Up-to-date: /home/dxf/wheeltec_lebai_humble_2024_7_17/install/grab_demo/share/grab_demo/cmake/grab_demo__rosidl_typesupport_introspection_cppExport.cmake\n'}
[476.704994] (grab_demo) StdoutLine: {'line': b'-- Installing: /home/dxf/wheeltec_lebai_humble_2024_7_17/install/grab_demo/share/grab_demo/cmake/grab_demo__rosidl_typesupport_introspection_cppExport-debug.cmake\n'}
[476.705268] (grab_demo) StdoutLine: {'line': b'-- Up-to-date: /home/dxf/wheeltec_lebai_humble_2024_7_17/install/grab_demo/share/grab_demo/cmake/grab_demo__rosidl_typesupport_cppExport.cmake\n'}
[476.705472] (grab_demo) StdoutLine: {'line': b'-- Installing: /home/dxf/wheeltec_lebai_humble_2024_7_17/install/grab_demo/share/grab_demo/cmake/grab_demo__rosidl_typesupport_cppExport-debug.cmake\n'}
[476.705763] (grab_demo) StdoutLine: {'line': b'-- Up-to-date: /home/dxf/wheeltec_lebai_humble_2024_7_17/install/grab_demo/share/grab_demo/cmake/export_grab_demo__rosidl_generator_pyExport.cmake\n'}
[476.706210] (grab_demo) StdoutLine: {'line': b'-- Installing: /home/dxf/wheeltec_lebai_humble_2024_7_17/install/grab_demo/share/grab_demo/cmake/export_grab_demo__rosidl_generator_pyExport-debug.cmake\n'}
[476.706696] (grab_demo) StdoutLine: {'line': b'-- Up-to-date: /home/dxf/wheeltec_lebai_humble_2024_7_17/install/grab_demo/share/grab_demo/cmake/rosidl_cmake-extras.cmake\n'}
[476.706942] (grab_demo) StdoutLine: {'line': b'-- Up-to-date: /home/dxf/wheeltec_lebai_humble_2024_7_17/install/grab_demo/share/grab_demo/cmake/ament_cmake_export_include_directories-extras.cmake\n'}
[476.707164] (grab_demo) StdoutLine: {'line': b'-- Up-to-date: /home/dxf/wheeltec_lebai_humble_2024_7_17/install/grab_demo/share/grab_demo/cmake/ament_cmake_export_libraries-extras.cmake\n'}
[476.707342] (grab_demo) StdoutLine: {'line': b'-- Up-to-date: /home/dxf/wheeltec_lebai_humble_2024_7_17/install/grab_demo/share/grab_demo/cmake/ament_cmake_export_targets-extras.cmake\n'}
[476.707529] (grab_demo) StdoutLine: {'line': b'-- Up-to-date: /home/dxf/wheeltec_lebai_humble_2024_7_17/install/grab_demo/share/grab_demo/cmake/rosidl_cmake_export_typesupport_targets-extras.cmake\n'}
[476.707687] (grab_demo) StdoutLine: {'line': b'-- Up-to-date: /home/dxf/wheeltec_lebai_humble_2024_7_17/install/grab_demo/share/grab_demo/cmake/ament_cmake_export_dependencies-extras.cmake\n'}
[476.707961] (grab_demo) StdoutLine: {'line': b'-- Up-to-date: /home/dxf/wheeltec_lebai_humble_2024_7_17/install/grab_demo/share/grab_demo/cmake/rosidl_cmake_export_typesupport_libraries-extras.cmake\n'}
[476.708134] (grab_demo) StdoutLine: {'line': b'-- Up-to-date: /home/dxf/wheeltec_lebai_humble_2024_7_17/install/grab_demo/share/grab_demo/cmake/grab_demoConfig.cmake\n'}
[476.708319] (grab_demo) StdoutLine: {'line': b'-- Up-to-date: /home/dxf/wheeltec_lebai_humble_2024_7_17/install/grab_demo/share/grab_demo/cmake/grab_demoConfig-version.cmake\n'}
[476.708537] (grab_demo) StdoutLine: {'line': b'-- Up-to-date: /home/dxf/wheeltec_lebai_humble_2024_7_17/install/grab_demo/share/grab_demo/package.xml\n'}
[476.721402] (grab_demo) CommandEnded: {'returncode': 0}
[476.794424] (-) TimerEvent: {}
[476.874084] (grab_demo) JobEnded: {'identifier': 'grab_demo', 'rc': 0}
[476.880942] (-) EventReactorShutdown: {}
