[0.000000] (-) TimerEvent: {}
[0.001269] (-) JobUnselected: {'identifier': 'arm_demo'}
[0.002202] (-) JobUnselected: {'identifier': 'lebai_driver'}
[0.002257] (-) JobUnselected: {'identifier': 'lebai_interfaces'}
[0.002398] (-) JobUnselected: {'identifier': 'lebai_lm3_moveit_config'}
[0.002444] (-) JobUnselected: {'identifier': 'lebai_lm3_support'}
[0.002517] (-) JobUnselected: {'identifier': 'lebai_resources'}
[0.002971] (-) JobUnselected: {'identifier': 'lebai_tutorials'}
[0.003059] (grab_demo) JobQueued: {'identifier': 'grab_demo', 'dependencies': OrderedDict()}
[0.003796] (grab_demo) JobStarted: {'identifier': 'grab_demo'}
[0.026770] (grab_demo) JobProgress: {'identifier': 'grab_demo', 'progress': 'cmake'}
[0.030285] (grab_demo) JobProgress: {'identifier': 'grab_demo', 'progress': 'build'}
[0.031937] (grab_demo) Command: {'cmd': ['/usr/bin/cmake', '--build', '/home/dxf/wheeltec_lebai_humble_2024_7_17/build/grab_demo', '--', '-j6', '-l6'], 'cwd': '/home/dxf/wheeltec_lebai_humble_2024_7_17/build/grab_demo', 'env': OrderedDict([('PYTHON_BASIC_REPL', '1'), ('LESSOPEN', '| /usr/bin/lesspipe %s'), ('LANGUAGE', 'zh_CN:en_US:en'), ('USER', 'dxf'), ('SSH_CLIENT', '192.168.0.66 60207 22'), ('LC_TIME', 'zh_CN.UTF-8'), ('XDG_SESSION_TYPE', 'tty'), ('GIT_ASKPASS', '/home/dxf/.vscode-server/cli/servers/Stable-6f17636121051a53c88d3e605c491d22af2ba755/server/extensions/git/dist/askpass.sh'), ('SHLVL', '1'), ('LD_LIBRARY_PATH', '/usr/local/opencv410/lib:/usr/local/lib:/opt/ros/humble/opt/rviz_ogre_vendor/lib:/opt/ros/humble/lib/aarch64-linux-gnu:/opt/ros/humble/lib:/usr/local/cuda-12.6/lib64:'), ('BROWSER', '/home/dxf/.vscode-server/cli/servers/Stable-6f17636121051a53c88d3e605c491d22af2ba755/server/bin/helpers/browser.sh'), ('MOTD_SHOWN', 'pam'), ('HOME', '/home/dxf'), ('OLDPWD', '/home/dxf/wheeltec_lebai_humble_2024_7_17'), ('TERM_PROGRAM_VERSION', '1.103.2'), ('VSCODE_IPC_HOOK_CLI', '/run/user/1000/vscode-ipc-64d8d815-fbca-4dbf-ab23-547b4d062b4d.sock'), ('ROS_PYTHON_VERSION', '3'), ('VSCODE_GIT_ASKPASS_MAIN', '/home/dxf/.vscode-server/cli/servers/Stable-6f17636121051a53c88d3e605c491d22af2ba755/server/extensions/git/dist/askpass-main.js'), ('LC_MONETARY', 'zh_CN.UTF-8'), ('VSCODE_GIT_ASKPASS_NODE', '/home/dxf/.vscode-server/cli/servers/Stable-6f17636121051a53c88d3e605c491d22af2ba755/server/node'), ('SSL_CERT_FILE', '/usr/lib/ssl/certs/ca-certificates.crt'), ('PYDEVD_DISABLE_FILE_VALIDATION', '1'), ('BUNDLED_DEBUGPY_PATH', '/home/dxf/.vscode-server/extensions/ms-python.debugpy-2025.14.1-linux-arm64/bundled/libs/debugpy'), ('DBUS_SESSION_BUS_ADDRESS', 'unix:path=/run/user/1000/bus'), ('COLORTERM', 'truecolor'), ('ROS_DISTRO', 'humble'), ('LOGNAME', 'dxf'), ('_', '/usr/bin/colcon'), ('ROS_VERSION', '2'), ('PKG_CONFIG_PATH', '/usr/local/opencv410/lib/pkgconfig:'), ('XDG_SESSION_CLASS', 'user'), ('TERM', 'xterm-256color'), ('XDG_SESSION_ID', '29'), ('ROS_LOCALHOST_ONLY', '0'), ('PATH', '/home/dxf/.vscode-server/cli/servers/Stable-6f17636121051a53c88d3e605c491d22af2ba755/server/bin/remote-cli:/opt/ros/humble/bin:/usr/local/cuda-12.6/bin:/usr/local/sbin:/usr/local/bin:/usr/sbin:/usr/bin:/sbin:/bin:/usr/games:/usr/local/games:/snap/bin:/home/dxf/.vscode-server/extensions/ms-python.debugpy-2025.14.1-linux-arm64/bundled/scripts/noConfigScripts'), ('PAPERSIZE', 'a4'), ('LC_ADDRESS', 'zh_CN.UTF-8'), ('XDG_RUNTIME_DIR', '/run/user/1000'), ('SSL_CERT_DIR', '/usr/lib/ssl/certs'), ('DISPLAY', 'localhost:10.0'), ('VSCODE_DEBUGPY_ADAPTER_ENDPOINTS', '/home/dxf/.vscode-server/extensions/ms-python.debugpy-2025.14.1-linux-arm64/.noConfigDebugAdapterEndpoints/endpoint-8b23ef7f21be4a2f.txt'), ('LANG', 'zh_CN.UTF-8'), ('PYTHONSTARTUP', '/home/dxf/.vscode-server/data/User/workspaceStorage/4ecfe97e1d690ce6b205eecd25d67bdf/ms-python.python/pythonrc.py'), ('LC_TELEPHONE', 'zh_CN.UTF-8'), ('LS_COLORS', ''), ('VSCODE_GIT_IPC_HANDLE', '/run/user/1000/vscode-git-42a3dc7ec5.sock'), ('TERM_PROGRAM', 'vscode'), ('AMENT_PREFIX_PATH', '/opt/ros/humble'), ('SHELL', '/bin/bash'), ('LC_NAME', 'zh_CN.UTF-8'), ('LESSCLOSE', '/usr/bin/lesspipe %s %s'), ('LC_MEASUREMENT', 'zh_CN.UTF-8'), ('OpenCV_DIR', '/usr/local/opencv410/lib/cmake/opencv4'), ('LC_IDENTIFICATION', 'zh_CN.UTF-8'), ('VSCODE_GIT_ASKPASS_EXTRA_ARGS', ''), ('PWD', '/home/dxf/wheeltec_lebai_humble_2024_7_17/build/grab_demo'), ('SSH_CONNECTION', '192.168.0.66 60207 192.168.0.100 22'), ('XDG_DATA_DIRS', '/usr/share/gnome:/usr/local/share:/usr/share:/var/lib/snapd/desktop'), ('PYTHONPATH', '/opt/ros/humble/lib/python3.10/site-packages:/opt/ros/humble/local/lib/python3.10/dist-packages'), ('LC_NUMERIC', 'zh_CN.UTF-8'), ('LC_PAPER', 'zh_CN.UTF-8'), ('COLCON', '1'), ('CMAKE_PREFIX_PATH', '/usr/local/opencv410::/opt/ros/humble')]), 'shell': False}
[0.097400] (-) TimerEvent: {}
[0.198073] (-) TimerEvent: {}
[0.298766] (-) TimerEvent: {}
[0.399521] (-) TimerEvent: {}
[0.500201] (-) TimerEvent: {}
[0.600866] (-) TimerEvent: {}
[0.701569] (-) TimerEvent: {}
[0.802215] (-) TimerEvent: {}
[0.902890] (-) TimerEvent: {}
[1.003587] (-) TimerEvent: {}
[1.104243] (-) TimerEvent: {}
[1.197894] (grab_demo) StdoutLine: {'line': b'[  2%] Built target grab_demo__cpp\n'}
[1.204420] (-) TimerEvent: {}
[1.305144] (-) TimerEvent: {}
[1.405928] (-) TimerEvent: {}
[1.490049] (grab_demo) StdoutLine: {'line': b'[  6%] Built target hsv_range\n'}
[1.506070] (-) TimerEvent: {}
[1.606734] (-) TimerEvent: {}
[1.707407] (-) TimerEvent: {}
[1.737073] (grab_demo) StdoutLine: {'line': b'[ 10%] Built target aruco_dectet\n'}
[1.807564] (-) TimerEvent: {}
[1.836830] (grab_demo) StdoutLine: {'line': b'[ 14%] Built target camera_info_node\n'}
[1.907735] (-) TimerEvent: {}
[1.910111] (grab_demo) StdoutLine: {'line': b'[ 21%] Built target grab_demo__rosidl_typesupport_cpp\n'}
[1.983404] (grab_demo) StdoutLine: {'line': b'[ 27%] Built target grab_demo__rosidl_typesupport_fastrtps_cpp\n'}
[2.007943] (-) TimerEvent: {}
[2.060149] (grab_demo) StdoutLine: {'line': b'[ 34%] Built target grab_demo__rosidl_typesupport_introspection_cpp\n'}
[2.108154] (-) TimerEvent: {}
[2.209534] (-) TimerEvent: {}
[2.242040] (grab_demo) StdoutLine: {'line': b'[ 38%] Built target grab_service_node\n'}
[2.309714] (-) TimerEvent: {}
[2.348626] (grab_demo) StdoutLine: {'line': b'[ 42%] Built target start_grab\n'}
[2.409883] (-) TimerEvent: {}
[2.436001] (grab_demo) StdoutLine: {'line': b'[ 46%] Built target nav_grab\n'}
[2.510063] (-) TimerEvent: {}
[2.571612] (grab_demo) StdoutLine: {'line': b'[ 48%] \x1b[32mBuilding CXX object CMakeFiles/hand_eye.dir/src/hand_eye.cpp.o\x1b[0m\n'}
[2.610432] (-) TimerEvent: {}
[2.711472] (-) TimerEvent: {}
[2.812258] (-) TimerEvent: {}
[2.912925] (-) TimerEvent: {}
[3.013622] (-) TimerEvent: {}
[3.114420] (-) TimerEvent: {}
[3.215312] (-) TimerEvent: {}
[3.316256] (-) TimerEvent: {}
[3.417040] (-) TimerEvent: {}
[3.518203] (-) TimerEvent: {}
[3.619291] (-) TimerEvent: {}
[3.720325] (-) TimerEvent: {}
[3.821005] (-) TimerEvent: {}
[3.921751] (-) TimerEvent: {}
[4.023290] (-) TimerEvent: {}
[4.123943] (-) TimerEvent: {}
[4.224591] (-) TimerEvent: {}
[4.325223] (-) TimerEvent: {}
[4.425843] (-) TimerEvent: {}
[4.526517] (-) TimerEvent: {}
[4.627346] (-) TimerEvent: {}
[4.728007] (-) TimerEvent: {}
[4.828746] (-) TimerEvent: {}
[4.929785] (-) TimerEvent: {}
[5.030591] (-) TimerEvent: {}
[5.131275] (-) TimerEvent: {}
[5.231991] (-) TimerEvent: {}
[5.332852] (-) TimerEvent: {}
[5.433562] (-) TimerEvent: {}
[5.534206] (-) TimerEvent: {}
[5.634843] (-) TimerEvent: {}
[5.735970] (-) TimerEvent: {}
[5.837040] (-) TimerEvent: {}
[5.937753] (-) TimerEvent: {}
[6.038449] (-) TimerEvent: {}
[6.139389] (-) TimerEvent: {}
[6.240123] (-) TimerEvent: {}
[6.342108] (-) TimerEvent: {}
[6.442802] (-) TimerEvent: {}
[6.543546] (-) TimerEvent: {}
[6.644234] (-) TimerEvent: {}
[6.744954] (-) TimerEvent: {}
[6.845638] (-) TimerEvent: {}
[6.946269] (-) TimerEvent: {}
[7.047289] (-) TimerEvent: {}
[7.148042] (-) TimerEvent: {}
[7.248717] (-) TimerEvent: {}
[7.349464] (-) TimerEvent: {}
[7.450186] (-) TimerEvent: {}
[7.550840] (-) TimerEvent: {}
[7.651584] (-) TimerEvent: {}
[7.752385] (-) TimerEvent: {}
[7.853116] (-) TimerEvent: {}
[7.953828] (-) TimerEvent: {}
[8.054492] (-) TimerEvent: {}
[8.155150] (-) TimerEvent: {}
[8.255892] (-) TimerEvent: {}
[8.356617] (-) TimerEvent: {}
[8.457337] (-) TimerEvent: {}
[8.558025] (-) TimerEvent: {}
[8.658695] (-) TimerEvent: {}
[8.759393] (-) TimerEvent: {}
[8.860231] (-) TimerEvent: {}
[8.960936] (-) TimerEvent: {}
[9.061643] (-) TimerEvent: {}
[9.162319] (-) TimerEvent: {}
[9.263006] (-) TimerEvent: {}
[9.363637] (-) TimerEvent: {}
[9.464261] (-) TimerEvent: {}
[9.564943] (-) TimerEvent: {}
[9.665604] (-) TimerEvent: {}
[9.766267] (-) TimerEvent: {}
[9.866913] (-) TimerEvent: {}
[9.967597] (-) TimerEvent: {}
[10.068294] (-) TimerEvent: {}
[10.168991] (-) TimerEvent: {}
[10.276739] (-) TimerEvent: {}
[10.377497] (-) TimerEvent: {}
[10.478267] (-) TimerEvent: {}
[10.578943] (-) TimerEvent: {}
[10.683130] (-) TimerEvent: {}
[10.785243] (-) TimerEvent: {}
[10.885903] (-) TimerEvent: {}
[10.986557] (-) TimerEvent: {}
[11.087183] (-) TimerEvent: {}
[11.187874] (-) TimerEvent: {}
[11.288938] (-) TimerEvent: {}
[11.389674] (-) TimerEvent: {}
[11.490353] (-) TimerEvent: {}
[11.591015] (-) TimerEvent: {}
[11.691699] (-) TimerEvent: {}
[11.794674] (-) TimerEvent: {}
[11.895322] (-) TimerEvent: {}
[11.995981] (-) TimerEvent: {}
[12.096627] (-) TimerEvent: {}
[12.212124] (-) TimerEvent: {}
[12.329611] (-) TimerEvent: {}
[12.430289] (-) TimerEvent: {}
[12.531087] (-) TimerEvent: {}
[12.634076] (-) TimerEvent: {}
[12.734772] (-) TimerEvent: {}
[12.836205] (-) TimerEvent: {}
[12.936995] (-) TimerEvent: {}
[13.037745] (-) TimerEvent: {}
[13.138450] (-) TimerEvent: {}
[13.239379] (-) TimerEvent: {}
[13.342072] (-) TimerEvent: {}
[13.443152] (-) TimerEvent: {}
[13.544203] (-) TimerEvent: {}
[13.644981] (-) TimerEvent: {}
[13.745812] (-) TimerEvent: {}
[13.846665] (-) TimerEvent: {}
[13.947570] (-) TimerEvent: {}
[14.049143] (-) TimerEvent: {}
[14.150417] (-) TimerEvent: {}
[14.252609] (-) TimerEvent: {}
[14.353873] (-) TimerEvent: {}
[14.456061] (-) TimerEvent: {}
[14.556945] (-) TimerEvent: {}
[14.658951] (-) TimerEvent: {}
[14.760146] (-) TimerEvent: {}
[14.862051] (-) TimerEvent: {}
[14.963624] (-) TimerEvent: {}
[15.064569] (-) TimerEvent: {}
[15.165325] (-) TimerEvent: {}
[15.267088] (-) TimerEvent: {}
[15.370968] (-) TimerEvent: {}
[15.472538] (-) TimerEvent: {}
[15.573603] (-) TimerEvent: {}
[15.674517] (-) TimerEvent: {}
[15.775336] (-) TimerEvent: {}
[15.876186] (-) TimerEvent: {}
[15.977142] (-) TimerEvent: {}
[16.079361] (-) TimerEvent: {}
[16.180409] (-) TimerEvent: {}
[16.281178] (-) TimerEvent: {}
[16.382451] (-) TimerEvent: {}
[16.484000] (-) TimerEvent: {}
[16.584689] (-) TimerEvent: {}
[16.685725] (-) TimerEvent: {}
[16.786477] (-) TimerEvent: {}
[16.887221] (-) TimerEvent: {}
[16.988091] (-) TimerEvent: {}
[17.088850] (-) TimerEvent: {}
[17.193386] (-) TimerEvent: {}
[17.295314] (-) TimerEvent: {}
[17.395967] (-) TimerEvent: {}
[17.496622] (-) TimerEvent: {}
[17.597825] (-) TimerEvent: {}
[17.699496] (-) TimerEvent: {}
[17.800229] (-) TimerEvent: {}
[17.900914] (-) TimerEvent: {}
[18.001631] (-) TimerEvent: {}
[18.105281] (-) TimerEvent: {}
[18.205979] (-) TimerEvent: {}
[18.306880] (-) TimerEvent: {}
[18.407583] (-) TimerEvent: {}
[18.508282] (-) TimerEvent: {}
[18.608964] (-) TimerEvent: {}
[18.709690] (-) TimerEvent: {}
[18.810719] (-) TimerEvent: {}
[18.911361] (-) TimerEvent: {}
[19.012031] (-) TimerEvent: {}
[19.115691] (-) TimerEvent: {}
[19.217131] (-) TimerEvent: {}
[19.318029] (-) TimerEvent: {}
[19.418787] (-) TimerEvent: {}
[19.519682] (-) TimerEvent: {}
[19.620674] (-) TimerEvent: {}
[19.721738] (-) TimerEvent: {}
[19.825387] (-) TimerEvent: {}
[19.935326] (-) TimerEvent: {}
[20.036024] (-) TimerEvent: {}
[20.137050] (-) TimerEvent: {}
[20.237790] (-) TimerEvent: {}
[20.338650] (-) TimerEvent: {}
[20.439490] (-) TimerEvent: {}
[20.540251] (-) TimerEvent: {}
[20.641127] (-) TimerEvent: {}
[20.741813] (-) TimerEvent: {}
[20.842833] (-) TimerEvent: {}
[20.944101] (-) TimerEvent: {}
[21.044847] (-) TimerEvent: {}
[21.145609] (-) TimerEvent: {}
[21.246680] (-) TimerEvent: {}
[21.347735] (-) TimerEvent: {}
[21.448602] (-) TimerEvent: {}
[21.549914] (-) TimerEvent: {}
[21.650648] (-) TimerEvent: {}
[21.751334] (-) TimerEvent: {}
[21.852419] (-) TimerEvent: {}
[21.953419] (-) TimerEvent: {}
[22.054587] (-) TimerEvent: {}
[22.155874] (-) TimerEvent: {}
[22.256926] (-) TimerEvent: {}
[22.358006] (-) TimerEvent: {}
[22.460153] (-) TimerEvent: {}
[22.561446] (-) TimerEvent: {}
[22.662748] (-) TimerEvent: {}
[22.764058] (-) TimerEvent: {}
[22.865602] (-) TimerEvent: {}
[22.966618] (-) TimerEvent: {}
[23.067674] (-) TimerEvent: {}
[23.168817] (-) TimerEvent: {}
[23.269562] (-) TimerEvent: {}
[23.370768] (-) TimerEvent: {}
[23.471917] (-) TimerEvent: {}
[23.573118] (-) TimerEvent: {}
[23.674206] (-) TimerEvent: {}
[23.775360] (-) TimerEvent: {}
[23.876438] (-) TimerEvent: {}
[23.977749] (-) TimerEvent: {}
[24.079243] (-) TimerEvent: {}
[24.180321] (-) TimerEvent: {}
[24.281441] (-) TimerEvent: {}
[24.385321] (-) TimerEvent: {}
[24.486808] (-) TimerEvent: {}
[24.593941] (-) TimerEvent: {}
[24.695064] (-) TimerEvent: {}
[24.796670] (-) TimerEvent: {}
[24.899602] (-) TimerEvent: {}
[25.004607] (-) TimerEvent: {}
[25.106946] (-) TimerEvent: {}
[25.207780] (-) TimerEvent: {}
[25.308560] (-) TimerEvent: {}
[25.409456] (-) TimerEvent: {}
[25.510480] (-) TimerEvent: {}
[25.611533] (-) TimerEvent: {}
[25.712597] (-) TimerEvent: {}
[25.813356] (-) TimerEvent: {}
[25.914788] (-) TimerEvent: {}
[26.016066] (-) TimerEvent: {}
[26.116811] (-) TimerEvent: {}
[26.217585] (-) TimerEvent: {}
[26.318533] (-) TimerEvent: {}
[26.421280] (-) TimerEvent: {}
[26.522451] (-) TimerEvent: {}
[26.623781] (-) TimerEvent: {}
[26.724551] (-) TimerEvent: {}
[26.825255] (-) TimerEvent: {}
[26.925917] (-) TimerEvent: {}
[27.026583] (-) TimerEvent: {}
[27.127360] (-) TimerEvent: {}
[27.228079] (-) TimerEvent: {}
[27.329239] (-) TimerEvent: {}
[27.430542] (-) TimerEvent: {}
[27.531531] (-) TimerEvent: {}
[27.632636] (-) TimerEvent: {}
[27.733898] (-) TimerEvent: {}
[27.834702] (-) TimerEvent: {}
[27.935831] (-) TimerEvent: {}
[28.036521] (-) TimerEvent: {}
[28.137248] (-) TimerEvent: {}
[28.237908] (-) TimerEvent: {}
[28.338631] (-) TimerEvent: {}
[28.439312] (-) TimerEvent: {}
[28.540006] (-) TimerEvent: {}
[28.640700] (-) TimerEvent: {}
[28.741371] (-) TimerEvent: {}
[28.842030] (-) TimerEvent: {}
[28.942691] (-) TimerEvent: {}
[29.043387] (-) TimerEvent: {}
[29.144326] (-) TimerEvent: {}
[29.249415] (-) TimerEvent: {}
[29.350161] (-) TimerEvent: {}
[29.451324] (-) TimerEvent: {}
[29.552647] (-) TimerEvent: {}
[29.655459] (-) TimerEvent: {}
[29.756242] (-) TimerEvent: {}
[29.856867] (-) TimerEvent: {}
[29.957729] (-) TimerEvent: {}
[30.064092] (-) TimerEvent: {}
[30.172082] (-) TimerEvent: {}
[30.276879] (-) TimerEvent: {}
[30.377647] (-) TimerEvent: {}
[30.478538] (-) TimerEvent: {}
[30.579172] (-) TimerEvent: {}
[30.680173] (-) TimerEvent: {}
[30.781079] (-) TimerEvent: {}
[30.882012] (-) TimerEvent: {}
[30.982665] (-) TimerEvent: {}
[31.083510] (-) TimerEvent: {}
[31.184243] (-) TimerEvent: {}
[31.288241] (-) TimerEvent: {}
[31.388928] (-) TimerEvent: {}
[31.489706] (-) TimerEvent: {}
[31.590462] (-) TimerEvent: {}
[31.691099] (-) TimerEvent: {}
[31.791905] (-) TimerEvent: {}
[31.892752] (-) TimerEvent: {}
[31.993428] (-) TimerEvent: {}
[32.094155] (-) TimerEvent: {}
[32.195231] (-) TimerEvent: {}
[32.297347] (-) TimerEvent: {}
[32.398033] (-) TimerEvent: {}
[32.498777] (-) TimerEvent: {}
[32.599832] (-) TimerEvent: {}
[32.700611] (-) TimerEvent: {}
[32.801332] (-) TimerEvent: {}
[32.901970] (-) TimerEvent: {}
[33.003009] (-) TimerEvent: {}
[33.104241] (-) TimerEvent: {}
[33.205062] (-) TimerEvent: {}
[33.305782] (-) TimerEvent: {}
[33.406554] (-) TimerEvent: {}
[33.507448] (-) TimerEvent: {}
[33.608150] (-) TimerEvent: {}
[33.708818] (-) TimerEvent: {}
[33.809571] (-) TimerEvent: {}
[33.910627] (-) TimerEvent: {}
[34.011341] (-) TimerEvent: {}
[34.112271] (-) TimerEvent: {}
[34.212902] (-) TimerEvent: {}
[34.313599] (-) TimerEvent: {}
[34.414534] (-) TimerEvent: {}
[34.515215] (-) TimerEvent: {}
[34.629533] (-) TimerEvent: {}
[34.733548] (-) TimerEvent: {}
[34.834269] (-) TimerEvent: {}
[34.935085] (-) TimerEvent: {}
[35.035795] (-) TimerEvent: {}
[35.136610] (-) TimerEvent: {}
[35.237241] (-) TimerEvent: {}
[35.337882] (-) TimerEvent: {}
[35.448836] (-) TimerEvent: {}
[35.549537] (-) TimerEvent: {}
[35.650506] (-) TimerEvent: {}
[35.751192] (-) TimerEvent: {}
[35.851819] (-) TimerEvent: {}
[35.952472] (-) TimerEvent: {}
[36.053115] (-) TimerEvent: {}
[36.154661] (-) TimerEvent: {}
[36.255407] (-) TimerEvent: {}
[36.356172] (-) TimerEvent: {}
[36.457397] (-) TimerEvent: {}
[36.558031] (-) TimerEvent: {}
[36.661241] (-) TimerEvent: {}
[36.773775] (-) TimerEvent: {}
[36.876962] (-) TimerEvent: {}
[36.981868] (-) TimerEvent: {}
[37.082905] (-) TimerEvent: {}
[37.185780] (-) TimerEvent: {}
[37.288819] (-) TimerEvent: {}
[37.390616] (-) TimerEvent: {}
[37.493239] (-) TimerEvent: {}
[37.593874] (-) TimerEvent: {}
[37.694473] (-) TimerEvent: {}
[37.797444] (-) TimerEvent: {}
[37.898794] (-) TimerEvent: {}
[37.999898] (-) TimerEvent: {}
[38.100788] (-) TimerEvent: {}
[38.201786] (-) TimerEvent: {}
[38.302871] (-) TimerEvent: {}
[38.403527] (-) TimerEvent: {}
[38.504184] (-) TimerEvent: {}
[38.604867] (-) TimerEvent: {}
[38.705712] (-) TimerEvent: {}
[38.806359] (-) TimerEvent: {}
[38.909301] (-) TimerEvent: {}
[39.009929] (-) TimerEvent: {}
[39.110616] (-) TimerEvent: {}
[39.211248] (-) TimerEvent: {}
[39.311887] (-) TimerEvent: {}
[39.412542] (-) TimerEvent: {}
[39.513249] (-) TimerEvent: {}
[39.613906] (-) TimerEvent: {}
[39.714583] (-) TimerEvent: {}
[39.815288] (-) TimerEvent: {}
[39.915986] (-) TimerEvent: {}
[40.016664] (-) TimerEvent: {}
[40.117455] (-) TimerEvent: {}
[40.218149] (-) TimerEvent: {}
[40.318748] (-) TimerEvent: {}
[40.419410] (-) TimerEvent: {}
[40.520139] (-) TimerEvent: {}
[40.620796] (-) TimerEvent: {}
[40.721516] (-) TimerEvent: {}
[40.822188] (-) TimerEvent: {}
[40.925948] (-) TimerEvent: {}
[41.028436] (-) TimerEvent: {}
[41.129353] (-) TimerEvent: {}
[41.230538] (-) TimerEvent: {}
[41.331620] (-) TimerEvent: {}
[41.433307] (-) TimerEvent: {}
[41.537550] (-) TimerEvent: {}
[41.638321] (-) TimerEvent: {}
[41.739077] (-) TimerEvent: {}
[41.840077] (-) TimerEvent: {}
[41.940786] (-) TimerEvent: {}
[42.045283] (-) TimerEvent: {}
[42.146026] (-) TimerEvent: {}
[42.246696] (-) TimerEvent: {}
[42.347332] (-) TimerEvent: {}
[42.447988] (-) TimerEvent: {}
[42.549371] (-) TimerEvent: {}
[42.650882] (-) TimerEvent: {}
[42.752082] (-) TimerEvent: {}
[42.853133] (-) TimerEvent: {}
[42.954287] (-) TimerEvent: {}
[43.055435] (-) TimerEvent: {}
[43.156532] (-) TimerEvent: {}
[43.257289] (-) TimerEvent: {}
[43.358035] (-) TimerEvent: {}
[43.458730] (-) TimerEvent: {}
[43.559514] (-) TimerEvent: {}
[43.660626] (-) TimerEvent: {}
[43.761343] (-) TimerEvent: {}
[43.862637] (-) TimerEvent: {}
[43.963760] (-) TimerEvent: {}
[44.065137] (-) TimerEvent: {}
[44.173402] (-) TimerEvent: {}
[44.274057] (-) TimerEvent: {}
[44.375801] (-) TimerEvent: {}
[44.476823] (-) TimerEvent: {}
[44.578692] (-) TimerEvent: {}
[44.681329] (-) TimerEvent: {}
[44.782322] (-) TimerEvent: {}
[44.883378] (-) TimerEvent: {}
[44.984114] (-) TimerEvent: {}
[45.085351] (-) TimerEvent: {}
[45.186552] (-) TimerEvent: {}
[45.288034] (-) TimerEvent: {}
[45.388798] (-) TimerEvent: {}
[45.491935] (-) TimerEvent: {}
[45.593446] (-) TimerEvent: {}
[45.694232] (-) TimerEvent: {}
[45.794908] (-) TimerEvent: {}
[45.895619] (-) TimerEvent: {}
[45.996387] (-) TimerEvent: {}
[46.098212] (-) TimerEvent: {}
[46.198922] (-) TimerEvent: {}
[46.300144] (-) TimerEvent: {}
[46.401837] (-) TimerEvent: {}
[46.502491] (-) TimerEvent: {}
[46.603944] (-) TimerEvent: {}
[46.705251] (-) TimerEvent: {}
[46.815848] (-) TimerEvent: {}
[46.917554] (-) TimerEvent: {}
[47.018398] (-) TimerEvent: {}
[47.119065] (-) TimerEvent: {}
[47.221079] (-) TimerEvent: {}
[47.321735] (-) TimerEvent: {}
[47.422534] (-) TimerEvent: {}
[47.523263] (-) TimerEvent: {}
[47.624183] (-) TimerEvent: {}
[47.725450] (-) TimerEvent: {}
[47.826133] (-) TimerEvent: {}
[47.926870] (-) TimerEvent: {}
[48.028042] (-) TimerEvent: {}
[48.128740] (-) TimerEvent: {}
[48.229594] (-) TimerEvent: {}
[48.330644] (-) TimerEvent: {}
[48.431332] (-) TimerEvent: {}
[48.532207] (-) TimerEvent: {}
[48.632870] (-) TimerEvent: {}
[48.733554] (-) TimerEvent: {}
[48.834249] (-) TimerEvent: {}
[48.934872] (-) TimerEvent: {}
[49.035897] (-) TimerEvent: {}
[49.136664] (-) TimerEvent: {}
[49.237412] (-) TimerEvent: {}
[49.340022] (-) TimerEvent: {}
[49.440707] (-) TimerEvent: {}
[49.541768] (-) TimerEvent: {}
[49.645278] (-) TimerEvent: {}
[49.747171] (-) TimerEvent: {}
[49.848900] (-) TimerEvent: {}
[49.950000] (-) TimerEvent: {}
[50.051075] (-) TimerEvent: {}
[50.151819] (-) TimerEvent: {}
[50.253025] (-) TimerEvent: {}
[50.354253] (-) TimerEvent: {}
[50.455641] (-) TimerEvent: {}
[50.560951] (-) TimerEvent: {}
[50.661999] (-) TimerEvent: {}
[50.763012] (-) TimerEvent: {}
[50.864024] (-) TimerEvent: {}
[50.969510] (-) TimerEvent: {}
[51.070230] (-) TimerEvent: {}
[51.170959] (-) TimerEvent: {}
[51.271646] (-) TimerEvent: {}
[51.372360] (-) TimerEvent: {}
[51.473472] (-) TimerEvent: {}
[51.574531] (-) TimerEvent: {}
[51.685254] (-) TimerEvent: {}
[51.785948] (-) TimerEvent: {}
[51.886635] (-) TimerEvent: {}
[51.989401] (-) TimerEvent: {}
[52.091999] (-) TimerEvent: {}
[52.193262] (-) TimerEvent: {}
[52.293982] (-) TimerEvent: {}
[52.395433] (-) TimerEvent: {}
[52.496097] (-) TimerEvent: {}
[52.597074] (-) TimerEvent: {}
[52.697747] (-) TimerEvent: {}
[52.798364] (-) TimerEvent: {}
[52.899008] (-) TimerEvent: {}
[52.999662] (-) TimerEvent: {}
[53.100950] (-) TimerEvent: {}
[53.202017] (-) TimerEvent: {}
[53.302645] (-) TimerEvent: {}
[53.404551] (-) TimerEvent: {}
[53.509260] (-) TimerEvent: {}
[53.610067] (-) TimerEvent: {}
[53.711587] (-) TimerEvent: {}
[53.812287] (-) TimerEvent: {}
[53.913128] (-) TimerEvent: {}
[54.013855] (-) TimerEvent: {}
[54.114532] (-) TimerEvent: {}
[54.215198] (-) TimerEvent: {}
[54.315906] (-) TimerEvent: {}
[54.416520] (-) TimerEvent: {}
[54.517864] (-) TimerEvent: {}
[54.619132] (-) TimerEvent: {}
[54.719788] (-) TimerEvent: {}
[54.820442] (-) TimerEvent: {}
[54.925288] (-) TimerEvent: {}
[55.026074] (-) TimerEvent: {}
[55.127367] (-) TimerEvent: {}
[55.238944] (-) TimerEvent: {}
[55.339634] (-) TimerEvent: {}
[55.441208] (-) TimerEvent: {}
[55.542261] (-) TimerEvent: {}
[55.643259] (-) TimerEvent: {}
[55.746614] (-) TimerEvent: {}
[55.847240] (-) TimerEvent: {}
[55.947869] (-) TimerEvent: {}
[56.048536] (-) TimerEvent: {}
[56.149275] (-) TimerEvent: {}
[56.250404] (-) TimerEvent: {}
[56.351637] (-) TimerEvent: {}
[56.452354] (-) TimerEvent: {}
[56.553278] (-) TimerEvent: {}
[56.653956] (-) TimerEvent: {}
[56.754858] (-) TimerEvent: {}
[56.855519] (-) TimerEvent: {}
[56.956322] (-) TimerEvent: {}
[57.057296] (-) TimerEvent: {}
[57.158052] (-) TimerEvent: {}
[57.258761] (-) TimerEvent: {}
[57.360208] (-) TimerEvent: {}
[57.472216] (-) TimerEvent: {}
[57.572888] (-) TimerEvent: {}
[57.677257] (-) TimerEvent: {}
[57.777943] (-) TimerEvent: {}
[57.878870] (-) TimerEvent: {}
[57.979587] (-) TimerEvent: {}
[58.080476] (-) TimerEvent: {}
[58.181276] (-) TimerEvent: {}
[58.282266] (-) TimerEvent: {}
[58.383291] (-) TimerEvent: {}
[58.484185] (-) TimerEvent: {}
[58.584905] (-) TimerEvent: {}
[58.685890] (-) TimerEvent: {}
[58.786586] (-) TimerEvent: {}
[58.887317] (-) TimerEvent: {}
[58.988324] (-) TimerEvent: {}
[59.089140] (-) TimerEvent: {}
[59.189834] (-) TimerEvent: {}
[59.290473] (-) TimerEvent: {}
[59.393268] (-) TimerEvent: {}
[59.496869] (-) TimerEvent: {}
[59.599041] (-) TimerEvent: {}
[59.699888] (-) TimerEvent: {}
[59.800540] (-) TimerEvent: {}
[59.901228] (-) TimerEvent: {}
[60.001910] (-) TimerEvent: {}
[60.112697] (-) TimerEvent: {}
[60.218573] (-) TimerEvent: {}
[60.319272] (-) TimerEvent: {}
[60.419921] (-) TimerEvent: {}
[60.520682] (-) TimerEvent: {}
[60.621637] (-) TimerEvent: {}
[60.722242] (-) TimerEvent: {}
[60.823252] (-) TimerEvent: {}
[60.927053] (-) TimerEvent: {}
[61.027791] (-) TimerEvent: {}
[61.128629] (-) TimerEvent: {}
[61.229786] (-) TimerEvent: {}
[61.330590] (-) TimerEvent: {}
[61.431266] (-) TimerEvent: {}
[61.532386] (-) TimerEvent: {}
[61.633457] (-) TimerEvent: {}
[61.734246] (-) TimerEvent: {}
[61.835427] (-) TimerEvent: {}
[61.936368] (-) TimerEvent: {}
[62.037045] (-) TimerEvent: {}
[62.138297] (-) TimerEvent: {}
[62.239106] (-) TimerEvent: {}
[62.339822] (-) TimerEvent: {}
[62.440547] (-) TimerEvent: {}
[62.541245] (-) TimerEvent: {}
[62.641990] (-) TimerEvent: {}
[62.742714] (-) TimerEvent: {}
[62.843822] (-) TimerEvent: {}
[62.944655] (-) TimerEvent: {}
[63.045944] (-) TimerEvent: {}
[63.146848] (-) TimerEvent: {}
[63.247722] (-) TimerEvent: {}
[63.348436] (-) TimerEvent: {}
[63.452765] (-) TimerEvent: {}
[63.553491] (-) TimerEvent: {}
[63.654232] (-) TimerEvent: {}
[63.754948] (-) TimerEvent: {}
[63.855760] (-) TimerEvent: {}
[63.956477] (-) TimerEvent: {}
[64.057693] (-) TimerEvent: {}
[64.158708] (-) TimerEvent: {}
[64.259736] (-) TimerEvent: {}
[64.361009] (-) TimerEvent: {}
[64.462174] (-) TimerEvent: {}
[64.563311] (-) TimerEvent: {}
[64.664718] (-) TimerEvent: {}
[64.765980] (-) TimerEvent: {}
[64.867108] (-) TimerEvent: {}
[64.968475] (-) TimerEvent: {}
[65.069529] (-) TimerEvent: {}
[65.170562] (-) TimerEvent: {}
[65.272536] (-) TimerEvent: {}
[65.373257] (-) TimerEvent: {}
[65.474181] (-) TimerEvent: {}
[65.574887] (-) TimerEvent: {}
[65.675821] (-) TimerEvent: {}
[65.777053] (-) TimerEvent: {}
[65.879480] (-) TimerEvent: {}
[65.980184] (-) TimerEvent: {}
[66.080865] (-) TimerEvent: {}
[66.181606] (-) TimerEvent: {}
[66.282359] (-) TimerEvent: {}
[66.383098] (-) TimerEvent: {}
[66.483804] (-) TimerEvent: {}
[66.584970] (-) TimerEvent: {}
[66.685654] (-) TimerEvent: {}
[66.786348] (-) TimerEvent: {}
[66.887431] (-) TimerEvent: {}
[66.988150] (-) TimerEvent: {}
[67.089317] (-) TimerEvent: {}
[67.192508] (-) TimerEvent: {}
[67.293182] (-) TimerEvent: {}
[67.397257] (-) TimerEvent: {}
[67.500241] (-) TimerEvent: {}
[67.603606] (-) TimerEvent: {}
[67.707058] (-) TimerEvent: {}
[67.807995] (-) TimerEvent: {}
[67.908649] (-) TimerEvent: {}
[68.013997] (-) TimerEvent: {}
[68.114659] (-) TimerEvent: {}
[68.215375] (-) TimerEvent: {}
[68.316103] (-) TimerEvent: {}
[68.417022] (-) TimerEvent: {}
[68.517714] (-) TimerEvent: {}
[68.618379] (-) TimerEvent: {}
[68.719536] (-) TimerEvent: {}
[68.820346] (-) TimerEvent: {}
[68.921161] (-) TimerEvent: {}
[69.021866] (-) TimerEvent: {}
[69.122517] (-) TimerEvent: {}
[69.223203] (-) TimerEvent: {}
[69.323859] (-) TimerEvent: {}
[69.424512] (-) TimerEvent: {}
[69.527194] (-) TimerEvent: {}
[69.628255] (-) TimerEvent: {}
[69.729343] (-) TimerEvent: {}
[69.830723] (-) TimerEvent: {}
[69.931439] (-) TimerEvent: {}
[70.032154] (-) TimerEvent: {}
[70.132895] (-) TimerEvent: {}
[70.234147] (-) TimerEvent: {}
[70.335381] (-) TimerEvent: {}
[70.436214] (-) TimerEvent: {}
[70.536966] (-) TimerEvent: {}
[70.637848] (-) TimerEvent: {}
[70.738564] (-) TimerEvent: {}
[70.839514] (-) TimerEvent: {}
[70.940631] (-) TimerEvent: {}
[71.041794] (-) TimerEvent: {}
[71.144247] (-) TimerEvent: {}
[71.245127] (-) TimerEvent: {}
[71.345791] (-) TimerEvent: {}
[71.447056] (-) TimerEvent: {}
[71.548060] (-) TimerEvent: {}
[71.649050] (-) TimerEvent: {}
[71.750251] (-) TimerEvent: {}
[71.850917] (-) TimerEvent: {}
[71.951658] (-) TimerEvent: {}
[72.052398] (-) TimerEvent: {}
[72.153114] (-) TimerEvent: {}
[72.253795] (-) TimerEvent: {}
[72.354615] (-) TimerEvent: {}
[72.455567] (-) TimerEvent: {}
[72.556228] (-) TimerEvent: {}
[72.656891] (-) TimerEvent: {}
[72.757782] (-) TimerEvent: {}
[72.858553] (-) TimerEvent: {}
[72.959244] (-) TimerEvent: {}
[73.059914] (-) TimerEvent: {}
[73.160627] (-) TimerEvent: {}
[73.262549] (-) TimerEvent: {}
[73.363255] (-) TimerEvent: {}
[73.464112] (-) TimerEvent: {}
[73.564831] (-) TimerEvent: {}
[73.665608] (-) TimerEvent: {}
[73.766347] (-) TimerEvent: {}
[73.867061] (-) TimerEvent: {}
[73.967747] (-) TimerEvent: {}
[74.068896] (-) TimerEvent: {}
[74.169658] (-) TimerEvent: {}
[74.270465] (-) TimerEvent: {}
[74.371218] (-) TimerEvent: {}
[74.471996] (-) TimerEvent: {}
[74.572737] (-) TimerEvent: {}
[74.673500] (-) TimerEvent: {}
[74.774370] (-) TimerEvent: {}
[74.875199] (-) TimerEvent: {}
[74.975857] (-) TimerEvent: {}
[75.076520] (-) TimerEvent: {}
[75.177246] (-) TimerEvent: {}
[75.277931] (-) TimerEvent: {}
[75.378605] (-) TimerEvent: {}
[75.479334] (-) TimerEvent: {}
[75.580091] (-) TimerEvent: {}
[75.680805] (-) TimerEvent: {}
[75.781553] (-) TimerEvent: {}
[75.882450] (-) TimerEvent: {}
[75.983277] (-) TimerEvent: {}
[76.085498] (-) TimerEvent: {}
[76.186214] (-) TimerEvent: {}
[76.306250] (-) TimerEvent: {}
[76.406916] (-) TimerEvent: {}
[76.507564] (-) TimerEvent: {}
[76.608789] (-) TimerEvent: {}
[76.709585] (-) TimerEvent: {}
[76.810361] (-) TimerEvent: {}
[76.911379] (-) TimerEvent: {}
[77.014263] (-) TimerEvent: {}
[77.115504] (-) TimerEvent: {}
[77.216268] (-) TimerEvent: {}
[77.316987] (-) TimerEvent: {}
[77.418232] (-) TimerEvent: {}
[77.521167] (-) TimerEvent: {}
[77.623898] (-) TimerEvent: {}
[77.725411] (-) TimerEvent: {}
[77.826348] (-) TimerEvent: {}
[77.927084] (-) TimerEvent: {}
[78.028443] (-) TimerEvent: {}
[78.129173] (-) TimerEvent: {}
[78.229859] (-) TimerEvent: {}
[78.330555] (-) TimerEvent: {}
[78.435264] (-) TimerEvent: {}
[78.536040] (-) TimerEvent: {}
[78.636803] (-) TimerEvent: {}
[78.737585] (-) TimerEvent: {}
[78.838309] (-) TimerEvent: {}
[78.938954] (-) TimerEvent: {}
[79.040535] (-) TimerEvent: {}
[79.141229] (-) TimerEvent: {}
[79.241884] (-) TimerEvent: {}
[79.342519] (-) TimerEvent: {}
[79.443206] (-) TimerEvent: {}
[79.543839] (-) TimerEvent: {}
[79.644574] (-) TimerEvent: {}
[79.745258] (-) TimerEvent: {}
[79.845950] (-) TimerEvent: {}
[79.946654] (-) TimerEvent: {}
[80.047899] (-) TimerEvent: {}
[80.149217] (-) TimerEvent: {}
[80.252556] (-) TimerEvent: {}
[80.353818] (-) TimerEvent: {}
[80.454873] (-) TimerEvent: {}
[80.555624] (-) TimerEvent: {}
[80.656314] (-) TimerEvent: {}
[80.757077] (-) TimerEvent: {}
[80.858179] (-) TimerEvent: {}
[80.959764] (-) TimerEvent: {}
[81.060870] (-) TimerEvent: {}
[81.161709] (-) TimerEvent: {}
[81.262486] (-) TimerEvent: {}
[81.363603] (-) TimerEvent: {}
[81.464337] (-) TimerEvent: {}
[81.565028] (-) TimerEvent: {}
[81.665735] (-) TimerEvent: {}
[81.766397] (-) TimerEvent: {}
[81.867147] (-) TimerEvent: {}
[81.967937] (-) TimerEvent: {}
[82.069144] (-) TimerEvent: {}
[82.170175] (-) TimerEvent: {}
[82.271125] (-) TimerEvent: {}
[82.372153] (-) TimerEvent: {}
[82.473566] (-) TimerEvent: {}
[82.574668] (-) TimerEvent: {}
[82.675639] (-) TimerEvent: {}
[82.776374] (-) TimerEvent: {}
[82.877197] (-) TimerEvent: {}
[82.978451] (-) TimerEvent: {}
[83.081164] (-) TimerEvent: {}
[83.182275] (-) TimerEvent: {}
[83.283358] (-) TimerEvent: {}
[83.384569] (-) TimerEvent: {}
[83.485662] (-) TimerEvent: {}
[83.586866] (-) TimerEvent: {}
[83.687602] (-) TimerEvent: {}
[83.788289] (-) TimerEvent: {}
[83.889010] (-) TimerEvent: {}
[83.990197] (-) TimerEvent: {}
[84.091303] (-) TimerEvent: {}
[84.192833] (-) TimerEvent: {}
[84.293959] (-) TimerEvent: {}
[84.395119] (-) TimerEvent: {}
[84.496256] (-) TimerEvent: {}
[84.597419] (-) TimerEvent: {}
[84.698666] (-) TimerEvent: {}
[84.799778] (-) TimerEvent: {}
[84.900793] (-) TimerEvent: {}
[85.001594] (-) TimerEvent: {}
[85.102258] (-) TimerEvent: {}
[85.203534] (-) TimerEvent: {}
[85.304249] (-) TimerEvent: {}
[85.404900] (-) TimerEvent: {}
[85.505574] (-) TimerEvent: {}
[85.607785] (-) TimerEvent: {}
[85.708724] (-) TimerEvent: {}
[85.809494] (-) TimerEvent: {}
[85.910177] (-) TimerEvent: {}
[86.010855] (-) TimerEvent: {}
[86.111538] (-) TimerEvent: {}
[86.212179] (-) TimerEvent: {}
[86.313264] (-) TimerEvent: {}
[86.418128] (-) TimerEvent: {}
[86.519663] (-) TimerEvent: {}
[86.620314] (-) TimerEvent: {}
[86.720942] (-) TimerEvent: {}
[86.821600] (-) TimerEvent: {}
[86.922248] (-) TimerEvent: {}
[87.023510] (-) TimerEvent: {}
[87.124926] (-) TimerEvent: {}
[87.226108] (-) TimerEvent: {}
[87.326970] (-) TimerEvent: {}
[87.428118] (-) TimerEvent: {}
[87.528900] (-) TimerEvent: {}
[87.629598] (-) TimerEvent: {}
[87.732813] (-) TimerEvent: {}
[87.833557] (-) TimerEvent: {}
[87.934438] (-) TimerEvent: {}
[88.035117] (-) TimerEvent: {}
[88.136154] (-) TimerEvent: {}
[88.237333] (-) TimerEvent: {}
[88.348803] (-) TimerEvent: {}
[88.449929] (-) TimerEvent: {}
[88.550886] (-) TimerEvent: {}
[88.652372] (-) TimerEvent: {}
[88.754846] (-) TimerEvent: {}
[88.855820] (-) TimerEvent: {}
[88.956532] (-) TimerEvent: {}
[89.057274] (-) TimerEvent: {}
[89.158000] (-) TimerEvent: {}
[89.258765] (-) TimerEvent: {}
[89.359464] (-) TimerEvent: {}
[89.461458] (-) TimerEvent: {}
[89.562109] (-) TimerEvent: {}
[89.662866] (-) TimerEvent: {}
[89.763579] (-) TimerEvent: {}
[89.864272] (-) TimerEvent: {}
[89.965003] (-) TimerEvent: {}
[90.065758] (-) TimerEvent: {}
[90.166371] (-) TimerEvent: {}
[90.278989] (-) TimerEvent: {}
[90.424298] (-) TimerEvent: {}
[90.529581] (-) TimerEvent: {}
[90.630628] (-) TimerEvent: {}
[90.731753] (-) TimerEvent: {}
[90.832793] (-) TimerEvent: {}
[90.933939] (-) TimerEvent: {}
[91.040818] (-) TimerEvent: {}
[91.147974] (-) TimerEvent: {}
[91.248668] (-) TimerEvent: {}
[91.349364] (-) TimerEvent: {}
[91.450055] (-) TimerEvent: {}
[91.550740] (-) TimerEvent: {}
[91.651803] (-) TimerEvent: {}
[91.752561] (-) TimerEvent: {}
[91.853320] (-) TimerEvent: {}
[91.954026] (-) TimerEvent: {}
[92.054720] (-) TimerEvent: {}
[92.155510] (-) TimerEvent: {}
[92.256373] (-) TimerEvent: {}
[92.357140] (-) TimerEvent: {}
[92.457851] (-) TimerEvent: {}
[92.560287] (-) TimerEvent: {}
[92.661172] (-) TimerEvent: {}
[92.762006] (-) TimerEvent: {}
[92.863954] (-) TimerEvent: {}
[92.964694] (-) TimerEvent: {}
[93.065638] (-) TimerEvent: {}
[93.166335] (-) TimerEvent: {}
[93.267000] (-) TimerEvent: {}
[93.368069] (-) TimerEvent: {}
[93.469603] (-) TimerEvent: {}
[93.570251] (-) TimerEvent: {}
[93.671570] (-) TimerEvent: {}
[93.772635] (-) TimerEvent: {}
[93.873741] (-) TimerEvent: {}
[93.975051] (-) TimerEvent: {}
[94.076294] (-) TimerEvent: {}
[94.177429] (-) TimerEvent: {}
[94.278570] (-) TimerEvent: {}
[94.379635] (-) TimerEvent: {}
[94.480463] (-) TimerEvent: {}
[94.581228] (-) TimerEvent: {}
[94.682614] (-) TimerEvent: {}
[94.783780] (-) TimerEvent: {}
[94.884677] (-) TimerEvent: {}
[94.985785] (-) TimerEvent: {}
[95.087074] (-) TimerEvent: {}
[95.188334] (-) TimerEvent: {}
[95.289732] (-) TimerEvent: {}
[95.390848] (-) TimerEvent: {}
[95.492005] (-) TimerEvent: {}
[95.592686] (-) TimerEvent: {}
[95.693349] (-) TimerEvent: {}
[95.794096] (-) TimerEvent: {}
[95.894818] (-) TimerEvent: {}
[95.995475] (-) TimerEvent: {}
[96.096096] (-) TimerEvent: {}
[96.196601] (-) TimerEvent: {}
[96.297379] (-) TimerEvent: {}
[96.403547] (-) TimerEvent: {}
[96.521044] (-) TimerEvent: {}
[96.625787] (-) TimerEvent: {}
[96.733311] (-) TimerEvent: {}
[96.834337] (-) TimerEvent: {}
[96.935795] (-) TimerEvent: {}
[97.036499] (-) TimerEvent: {}
[97.137467] (-) TimerEvent: {}
[97.238206] (-) TimerEvent: {}
[97.421774] (-) TimerEvent: {}
[97.522444] (-) TimerEvent: {}
[97.624150] (-) TimerEvent: {}
[97.724891] (-) TimerEvent: {}
[97.825673] (-) TimerEvent: {}
[97.926635] (-) TimerEvent: {}
[98.027361] (-) TimerEvent: {}
[98.128028] (-) TimerEvent: {}
[98.228698] (-) TimerEvent: {}
[98.329422] (-) TimerEvent: {}
[98.430548] (-) TimerEvent: {}
[98.531306] (-) TimerEvent: {}
[98.632105] (-) TimerEvent: {}
[98.732865] (-) TimerEvent: {}
[98.833599] (-) TimerEvent: {}
[98.934495] (-) TimerEvent: {}
[99.035350] (-) TimerEvent: {}
[99.136058] (-) TimerEvent: {}
[99.236874] (-) TimerEvent: {}
[99.337732] (-) TimerEvent: {}
[99.438575] (-) TimerEvent: {}
[99.539403] (-) TimerEvent: {}
[99.640413] (-) TimerEvent: {}
[99.741161] (-) TimerEvent: {}
[99.842052] (-) TimerEvent: {}
[99.942912] (-) TimerEvent: {}
[100.043642] (-) TimerEvent: {}
[100.144775] (-) TimerEvent: {}
[100.245556] (-) TimerEvent: {}
[100.346314] (-) TimerEvent: {}
[100.446990] (-) TimerEvent: {}
[100.560779] (-) TimerEvent: {}
[100.661951] (-) TimerEvent: {}
[100.763111] (-) TimerEvent: {}
[100.863826] (-) TimerEvent: {}
[100.964538] (-) TimerEvent: {}
[101.065251] (-) TimerEvent: {}
[101.165938] (-) TimerEvent: {}
[101.266604] (-) TimerEvent: {}
[101.367278] (-) TimerEvent: {}
[101.469510] (-) TimerEvent: {}
[101.571275] (-) TimerEvent: {}
[101.672028] (-) TimerEvent: {}
[101.772866] (-) TimerEvent: {}
[101.873657] (-) TimerEvent: {}
[101.974533] (-) TimerEvent: {}
[102.075403] (-) TimerEvent: {}
[102.176207] (-) TimerEvent: {}
[102.277549] (-) TimerEvent: {}
[102.378356] (-) TimerEvent: {}
[102.479033] (-) TimerEvent: {}
[102.580000] (-) TimerEvent: {}
[102.680749] (-) TimerEvent: {}
[102.781457] (-) TimerEvent: {}
[102.883226] (-) TimerEvent: {}
[102.984183] (-) TimerEvent: {}
[103.085002] (-) TimerEvent: {}
[103.186232] (-) TimerEvent: {}
[103.287009] (-) TimerEvent: {}
[103.387982] (-) TimerEvent: {}
[103.488734] (-) TimerEvent: {}
[103.589552] (-) TimerEvent: {}
[103.690322] (-) TimerEvent: {}
[103.790977] (-) TimerEvent: {}
[103.891911] (-) TimerEvent: {}
[103.992667] (-) TimerEvent: {}
[104.093540] (-) TimerEvent: {}
[104.194225] (-) TimerEvent: {}
[104.294861] (-) TimerEvent: {}
[104.395552] (-) TimerEvent: {}
[104.496577] (-) TimerEvent: {}
[104.597467] (-) TimerEvent: {}
[104.698628] (-) TimerEvent: {}
[104.799679] (-) TimerEvent: {}
[104.900557] (-) TimerEvent: {}
[105.001796] (-) TimerEvent: {}
[105.102813] (-) TimerEvent: {}
[105.203574] (-) TimerEvent: {}
[105.304285] (-) TimerEvent: {}
[105.404926] (-) TimerEvent: {}
[105.505617] (-) TimerEvent: {}
[105.606237] (-) TimerEvent: {}
[105.707299] (-) TimerEvent: {}
[105.807965] (-) TimerEvent: {}
[105.908641] (-) TimerEvent: {}
[106.009296] (-) TimerEvent: {}
[106.109905] (-) TimerEvent: {}
[106.210531] (-) TimerEvent: {}
[106.311532] (-) TimerEvent: {}
[106.412216] (-) TimerEvent: {}
[106.513613] (-) TimerEvent: {}
[106.614368] (-) TimerEvent: {}
[106.715059] (-) TimerEvent: {}
[106.815753] (-) TimerEvent: {}
[106.916470] (-) TimerEvent: {}
[107.017253] (-) TimerEvent: {}
[107.118059] (-) TimerEvent: {}
[107.218838] (-) TimerEvent: {}
[107.319554] (-) TimerEvent: {}
[107.420312] (-) TimerEvent: {}
[107.521160] (-) TimerEvent: {}
[107.621939] (-) TimerEvent: {}
[107.722654] (-) TimerEvent: {}
[107.823654] (-) TimerEvent: {}
[107.924457] (-) TimerEvent: {}
[108.025414] (-) TimerEvent: {}
[108.126150] (-) TimerEvent: {}
[108.226845] (-) TimerEvent: {}
[108.327582] (-) TimerEvent: {}
[108.428334] (-) TimerEvent: {}
[108.529022] (-) TimerEvent: {}
[108.629733] (-) TimerEvent: {}
[108.730385] (-) TimerEvent: {}
[108.831117] (-) TimerEvent: {}
[108.931935] (-) TimerEvent: {}
[109.032753] (-) TimerEvent: {}
[109.133603] (-) TimerEvent: {}
[109.234429] (-) TimerEvent: {}
[109.335245] (-) TimerEvent: {}
[109.435909] (-) TimerEvent: {}
[109.536561] (-) TimerEvent: {}
[109.637415] (-) TimerEvent: {}
[109.738057] (-) TimerEvent: {}
[109.838688] (-) TimerEvent: {}
[109.939332] (-) TimerEvent: {}
[110.040045] (-) TimerEvent: {}
[110.141006] (-) TimerEvent: {}
[110.241678] (-) TimerEvent: {}
[110.342355] (-) TimerEvent: {}
[110.443029] (-) TimerEvent: {}
[110.544137] (-) TimerEvent: {}
[110.644874] (-) TimerEvent: {}
[110.746103] (-) TimerEvent: {}
[110.847579] (-) TimerEvent: {}
[110.948429] (-) TimerEvent: {}
[111.049496] (-) TimerEvent: {}
[111.150262] (-) TimerEvent: {}
[111.254417] (-) TimerEvent: {}
[111.355197] (-) TimerEvent: {}
[111.455909] (-) TimerEvent: {}
[111.556657] (-) TimerEvent: {}
[111.657604] (-) TimerEvent: {}
[111.758371] (-) TimerEvent: {}
[111.859126] (-) TimerEvent: {}
[111.959997] (-) TimerEvent: {}
[112.060682] (-) TimerEvent: {}
[112.161536] (-) TimerEvent: {}
[112.262299] (-) TimerEvent: {}
[112.363250] (-) TimerEvent: {}
[112.464270] (-) TimerEvent: {}
[112.565157] (-) TimerEvent: {}
[112.665904] (-) TimerEvent: {}
[112.766728] (-) TimerEvent: {}
[112.867759] (-) TimerEvent: {}
[112.971030] (-) TimerEvent: {}
[113.071830] (-) TimerEvent: {}
[113.176297] (-) TimerEvent: {}
[113.277192] (-) TimerEvent: {}
[113.377958] (-) TimerEvent: {}
[113.478671] (-) TimerEvent: {}
[113.579388] (-) TimerEvent: {}
[113.680465] (-) TimerEvent: {}
[113.781268] (-) TimerEvent: {}
[113.882080] (-) TimerEvent: {}
[113.982892] (-) TimerEvent: {}
[114.083652] (-) TimerEvent: {}
[114.184318] (-) TimerEvent: {}
[114.285150] (-) TimerEvent: {}
[114.385892] (-) TimerEvent: {}
[114.486617] (-) TimerEvent: {}
[114.587583] (-) TimerEvent: {}
[114.688919] (-) TimerEvent: {}
[114.790267] (-) TimerEvent: {}
[114.891287] (-) TimerEvent: {}
[114.991967] (-) TimerEvent: {}
[115.092711] (-) TimerEvent: {}
[115.193340] (-) TimerEvent: {}
[115.293960] (-) TimerEvent: {}
[115.394621] (-) TimerEvent: {}
[115.495566] (-) TimerEvent: {}
[115.596280] (-) TimerEvent: {}
[115.697142] (-) TimerEvent: {}
[115.797858] (-) TimerEvent: {}
[115.898635] (-) TimerEvent: {}
[115.999412] (-) TimerEvent: {}
[116.100373] (-) TimerEvent: {}
[116.200998] (-) TimerEvent: {}
[116.302089] (-) TimerEvent: {}
[116.402760] (-) TimerEvent: {}
[116.503437] (-) TimerEvent: {}
[116.605286] (-) TimerEvent: {}
[116.705935] (-) TimerEvent: {}
[116.806551] (-) TimerEvent: {}
[116.907220] (-) TimerEvent: {}
[117.008767] (-) TimerEvent: {}
[117.109978] (-) TimerEvent: {}
[117.210646] (-) TimerEvent: {}
[117.330616] (-) TimerEvent: {}
[117.435158] (-) TimerEvent: {}
[117.537298] (-) TimerEvent: {}
[117.641403] (-) TimerEvent: {}
[117.742109] (-) TimerEvent: {}
[117.842754] (-) TimerEvent: {}
[117.944082] (-) TimerEvent: {}
[118.045194] (-) TimerEvent: {}
[118.146774] (-) TimerEvent: {}
[118.247876] (-) TimerEvent: {}
[118.348987] (-) TimerEvent: {}
[118.450342] (-) TimerEvent: {}
[118.551535] (-) TimerEvent: {}
[118.652570] (-) TimerEvent: {}
[118.753266] (-) TimerEvent: {}
[118.853915] (-) TimerEvent: {}
[118.957472] (-) TimerEvent: {}
[119.058546] (-) TimerEvent: {}
[119.159273] (-) TimerEvent: {}
[119.259968] (-) TimerEvent: {}
[119.360634] (-) TimerEvent: {}
[119.463865] (-) TimerEvent: {}
[119.568668] (-) TimerEvent: {}
[119.671679] (-) TimerEvent: {}
[119.772345] (-) TimerEvent: {}
[119.873035] (-) TimerEvent: {}
[119.973768] (-) TimerEvent: {}
[120.074508] (-) TimerEvent: {}
[120.175270] (-) TimerEvent: {}
[120.275967] (-) TimerEvent: {}
[120.376563] (-) TimerEvent: {}
[120.477119] (-) TimerEvent: {}
[120.577672] (-) TimerEvent: {}
[120.678543] (-) TimerEvent: {}
[120.779217] (-) TimerEvent: {}
[120.879902] (-) TimerEvent: {}
[120.980991] (-) TimerEvent: {}
[121.081724] (-) TimerEvent: {}
[121.182695] (-) TimerEvent: {}
[121.283831] (-) TimerEvent: {}
[121.384918] (-) TimerEvent: {}
[121.489785] (-) TimerEvent: {}
[121.591800] (-) TimerEvent: {}
[121.693243] (-) TimerEvent: {}
[121.797471] (-) TimerEvent: {}
[121.898179] (-) TimerEvent: {}
[121.998840] (-) TimerEvent: {}
[122.100861] (-) TimerEvent: {}
[122.201832] (-) TimerEvent: {}
[122.303009] (-) TimerEvent: {}
[122.403680] (-) TimerEvent: {}
[122.504448] (-) TimerEvent: {}
[122.605256] (-) TimerEvent: {}
[122.706215] (-) TimerEvent: {}
[122.809594] (-) TimerEvent: {}
[122.912998] (-) TimerEvent: {}
[123.014229] (-) TimerEvent: {}
[123.115546] (-) TimerEvent: {}
[123.216299] (-) TimerEvent: {}
[123.317019] (-) TimerEvent: {}
[123.417740] (-) TimerEvent: {}
[123.519725] (-) TimerEvent: {}
[123.621704] (-) TimerEvent: {}
[123.722812] (-) TimerEvent: {}
[123.824157] (-) TimerEvent: {}
[123.924800] (-) TimerEvent: {}
[124.026587] (-) TimerEvent: {}
[124.127349] (-) TimerEvent: {}
[124.228146] (-) TimerEvent: {}
[124.328948] (-) TimerEvent: {}
[124.429708] (-) TimerEvent: {}
[124.530322] (-) TimerEvent: {}
[124.631025] (-) TimerEvent: {}
[124.731829] (-) TimerEvent: {}
[124.832511] (-) TimerEvent: {}
[124.933226] (-) TimerEvent: {}
[125.033850] (-) TimerEvent: {}
[125.134505] (-) TimerEvent: {}
[125.237272] (-) TimerEvent: {}
[125.337936] (-) TimerEvent: {}
[125.438583] (-) TimerEvent: {}
[125.539230] (-) TimerEvent: {}
[125.639925] (-) TimerEvent: {}
[125.740630] (-) TimerEvent: {}
[125.845038] (-) TimerEvent: {}
[125.946915] (-) TimerEvent: {}
[126.048116] (-) TimerEvent: {}
[126.149229] (-) TimerEvent: {}
[126.249883] (-) TimerEvent: {}
[126.350555] (-) TimerEvent: {}
[126.451226] (-) TimerEvent: {}
[126.551932] (-) TimerEvent: {}
[126.652654] (-) TimerEvent: {}
[126.753403] (-) TimerEvent: {}
[126.854206] (-) TimerEvent: {}
[126.955079] (-) TimerEvent: {}
[127.055743] (-) TimerEvent: {}
[127.156443] (-) TimerEvent: {}
[127.257166] (-) TimerEvent: {}
[127.357859] (-) TimerEvent: {}
[127.458551] (-) TimerEvent: {}
[127.559258] (-) TimerEvent: {}
[127.659978] (-) TimerEvent: {}
[127.760700] (-) TimerEvent: {}
[127.861391] (-) TimerEvent: {}
[127.962083] (-) TimerEvent: {}
[128.062749] (-) TimerEvent: {}
[128.163495] (-) TimerEvent: {}
[128.264231] (-) TimerEvent: {}
[128.364920] (-) TimerEvent: {}
[128.465619] (-) TimerEvent: {}
[128.566285] (-) TimerEvent: {}
[128.666980] (-) TimerEvent: {}
[128.767714] (-) TimerEvent: {}
[128.868407] (-) TimerEvent: {}
[128.969123] (-) TimerEvent: {}
[129.069827] (-) TimerEvent: {}
[129.170551] (-) TimerEvent: {}
[129.271270] (-) TimerEvent: {}
[129.372112] (-) TimerEvent: {}
[129.473180] (-) TimerEvent: {}
[129.574019] (-) TimerEvent: {}
[129.674844] (-) TimerEvent: {}
[129.775644] (-) TimerEvent: {}
[129.876324] (-) TimerEvent: {}
[129.977243] (-) TimerEvent: {}
[130.077966] (-) TimerEvent: {}
[130.178674] (-) TimerEvent: {}
[130.279511] (-) TimerEvent: {}
[130.380231] (-) TimerEvent: {}
[130.480927] (-) TimerEvent: {}
[130.582459] (-) TimerEvent: {}
[130.683181] (-) TimerEvent: {}
[130.783878] (-) TimerEvent: {}
[130.884562] (-) TimerEvent: {}
[130.985265] (-) TimerEvent: {}
[131.086110] (-) TimerEvent: {}
[131.186924] (-) TimerEvent: {}
[131.287747] (-) TimerEvent: {}
[131.831592] (-) TimerEvent: {}
[131.937273] (-) TimerEvent: {}
[132.037957] (-) TimerEvent: {}
[132.145233] (-) TimerEvent: {}
[132.249561] (-) TimerEvent: {}
[132.350539] (-) TimerEvent: {}
[132.451431] (-) TimerEvent: {}
[132.552295] (-) TimerEvent: {}
[132.653258] (-) TimerEvent: {}
[132.754310] (-) TimerEvent: {}
[132.856026] (-) TimerEvent: {}
[132.957410] (-) TimerEvent: {}
[133.058787] (-) TimerEvent: {}
[133.161271] (-) TimerEvent: {}
[133.262382] (-) TimerEvent: {}
[133.363152] (-) TimerEvent: {}
[133.463966] (-) TimerEvent: {}
[133.564824] (-) TimerEvent: {}
[133.669290] (-) TimerEvent: {}
[133.770009] (-) TimerEvent: {}
[133.870694] (-) TimerEvent: {}
[133.971405] (-) TimerEvent: {}
[134.072308] (-) TimerEvent: {}
[134.173043] (-) TimerEvent: {}
[134.273832] (-) TimerEvent: {}
[134.374639] (-) TimerEvent: {}
[134.475523] (-) TimerEvent: {}
[134.576320] (-) TimerEvent: {}
[134.677157] (-) TimerEvent: {}
[134.777991] (-) TimerEvent: {}
[134.878856] (-) TimerEvent: {}
[134.979643] (-) TimerEvent: {}
[135.080323] (-) TimerEvent: {}
[135.181035] (-) TimerEvent: {}
[135.281716] (-) TimerEvent: {}
[135.397247] (-) TimerEvent: {}
[135.497896] (-) TimerEvent: {}
[135.598606] (-) TimerEvent: {}
[135.700554] (-) TimerEvent: {}
[135.801397] (-) TimerEvent: {}
[135.903538] (-) TimerEvent: {}
[136.004572] (-) TimerEvent: {}
[136.108142] (-) TimerEvent: {}
[136.217951] (-) TimerEvent: {}
[136.319083] (-) TimerEvent: {}
[136.429261] (-) TimerEvent: {}
[136.529997] (-) TimerEvent: {}
[136.630660] (-) TimerEvent: {}
[136.733274] (-) TimerEvent: {}
[136.833929] (-) TimerEvent: {}
[136.934918] (-) TimerEvent: {}
[137.035770] (-) TimerEvent: {}
[137.136495] (-) TimerEvent: {}
[137.237150] (-) TimerEvent: {}
[137.337803] (-) TimerEvent: {}
[137.438686] (-) TimerEvent: {}
[137.539661] (-) TimerEvent: {}
[137.640604] (-) TimerEvent: {}
[137.741373] (-) TimerEvent: {}
[137.842162] (-) TimerEvent: {}
[137.942848] (-) TimerEvent: {}
[138.043529] (-) TimerEvent: {}
[138.144197] (-) TimerEvent: {}
[138.245247] (-) TimerEvent: {}
[138.345898] (-) TimerEvent: {}
[138.446570] (-) TimerEvent: {}
[138.547686] (-) TimerEvent: {}
[138.648335] (-) TimerEvent: {}
[138.748974] (-) TimerEvent: {}
[138.849721] (-) TimerEvent: {}
[138.950467] (-) TimerEvent: {}
[139.051223] (-) TimerEvent: {}
[139.151899] (-) TimerEvent: {}
[139.252528] (-) TimerEvent: {}
[139.353229] (-) TimerEvent: {}
[139.453897] (-) TimerEvent: {}
[139.554568] (-) TimerEvent: {}
[139.655308] (-) TimerEvent: {}
[139.756020] (-) TimerEvent: {}
[139.856694] (-) TimerEvent: {}
[139.957426] (-) TimerEvent: {}
[140.058185] (-) TimerEvent: {}
[140.158794] (-) TimerEvent: {}
[140.259520] (-) TimerEvent: {}
[140.360219] (-) TimerEvent: {}
[140.460879] (-) TimerEvent: {}
[140.561578] (-) TimerEvent: {}
[140.662852] (-) TimerEvent: {}
[140.763524] (-) TimerEvent: {}
[140.864209] (-) TimerEvent: {}
[140.964885] (-) TimerEvent: {}
[141.065828] (-) TimerEvent: {}
[141.166675] (-) TimerEvent: {}
[141.267320] (-) TimerEvent: {}
[141.368093] (-) TimerEvent: {}
[141.469260] (-) TimerEvent: {}
[141.571690] (-) TimerEvent: {}
[141.672439] (-) TimerEvent: {}
[141.773831] (-) TimerEvent: {}
[141.875909] (-) TimerEvent: {}
[141.977593] (-) TimerEvent: {}
[142.078761] (-) TimerEvent: {}
[142.180532] (-) TimerEvent: {}
[142.281682] (-) TimerEvent: {}
[142.382733] (-) TimerEvent: {}
[142.483514] (-) TimerEvent: {}
[142.584443] (-) TimerEvent: {}
[142.686404] (-) TimerEvent: {}
[142.787561] (-) TimerEvent: {}
[142.888287] (-) TimerEvent: {}
[142.989067] (-) TimerEvent: {}
[143.089894] (-) TimerEvent: {}
[143.190632] (-) TimerEvent: {}
[143.291436] (-) TimerEvent: {}
[143.392608] (-) TimerEvent: {}
[143.493226] (-) TimerEvent: {}
[143.593876] (-) TimerEvent: {}
[143.694498] (-) TimerEvent: {}
[143.795198] (-) TimerEvent: {}
[143.897372] (-) TimerEvent: {}
[143.998091] (-) TimerEvent: {}
[144.098805] (-) TimerEvent: {}
[144.199912] (-) TimerEvent: {}
[144.301816] (-) TimerEvent: {}
[144.402503] (-) TimerEvent: {}
[144.503196] (-) TimerEvent: {}
[144.603830] (-) TimerEvent: {}
[144.704477] (-) TimerEvent: {}
[144.805279] (-) TimerEvent: {}
[144.906242] (-) TimerEvent: {}
[145.007634] (-) TimerEvent: {}
[145.108322] (-) TimerEvent: {}
[145.209021] (-) TimerEvent: {}
[145.309716] (-) TimerEvent: {}
[145.410391] (-) TimerEvent: {}
[145.511232] (-) TimerEvent: {}
[145.611873] (-) TimerEvent: {}
[145.712572] (-) TimerEvent: {}
[145.813589] (-) TimerEvent: {}
[145.914942] (-) TimerEvent: {}
[146.015990] (-) TimerEvent: {}
[146.116900] (-) TimerEvent: {}
[146.217662] (-) TimerEvent: {}
[146.318338] (-) TimerEvent: {}
[146.419043] (-) TimerEvent: {}
[146.519908] (-) TimerEvent: {}
[146.620827] (-) TimerEvent: {}
[146.721705] (-) TimerEvent: {}
[146.822413] (-) TimerEvent: {}
[146.923177] (-) TimerEvent: {}
[147.024049] (-) TimerEvent: {}
[147.124927] (-) TimerEvent: {}
[147.225936] (-) TimerEvent: {}
[147.327227] (-) TimerEvent: {}
[147.427944] (-) TimerEvent: {}
[147.528900] (-) TimerEvent: {}
[147.630048] (-) TimerEvent: {}
[147.730738] (-) TimerEvent: {}
[147.831415] (-) TimerEvent: {}
[147.932089] (-) TimerEvent: {}
[148.032876] (-) TimerEvent: {}
[148.133697] (-) TimerEvent: {}
[148.234432] (-) TimerEvent: {}
[148.335190] (-) TimerEvent: {}
[148.436328] (-) TimerEvent: {}
[148.537240] (-) TimerEvent: {}
[148.638070] (-) TimerEvent: {}
[148.738859] (-) TimerEvent: {}
[148.841453] (-) TimerEvent: {}
[148.942122] (-) TimerEvent: {}
[149.042769] (-) TimerEvent: {}
[149.143455] (-) TimerEvent: {}
[149.244535] (-) TimerEvent: {}
[149.345663] (-) TimerEvent: {}
[149.447295] (-) TimerEvent: {}
[149.547995] (-) TimerEvent: {}
[149.648678] (-) TimerEvent: {}
[149.749373] (-) TimerEvent: {}
[149.850013] (-) TimerEvent: {}
[149.951535] (-) TimerEvent: {}
[150.052189] (-) TimerEvent: {}
[150.153322] (-) TimerEvent: {}
[150.254259] (-) TimerEvent: {}
[150.355174] (-) TimerEvent: {}
[150.455925] (-) TimerEvent: {}
[150.556656] (-) TimerEvent: {}
[150.657413] (-) TimerEvent: {}
[150.758246] (-) TimerEvent: {}
[150.858985] (-) TimerEvent: {}
[150.960357] (-) TimerEvent: {}
[151.061262] (-) TimerEvent: {}
[151.161985] (-) TimerEvent: {}
[151.262685] (-) TimerEvent: {}
[151.363676] (-) TimerEvent: {}
[151.464380] (-) TimerEvent: {}
[151.565055] (-) TimerEvent: {}
[151.665763] (-) TimerEvent: {}
[151.766412] (-) TimerEvent: {}
[151.867068] (-) TimerEvent: {}
[151.967827] (-) TimerEvent: {}
[152.068519] (-) TimerEvent: {}
[152.169262] (-) TimerEvent: {}
[152.269940] (-) TimerEvent: {}
[152.370641] (-) TimerEvent: {}
[152.471395] (-) TimerEvent: {}
[152.572088] (-) TimerEvent: {}
[152.672763] (-) TimerEvent: {}
[152.773481] (-) TimerEvent: {}
[152.874427] (-) TimerEvent: {}
[152.975084] (-) TimerEvent: {}
[153.075752] (-) TimerEvent: {}
[153.176433] (-) TimerEvent: {}
[153.277427] (-) TimerEvent: {}
[153.378153] (-) TimerEvent: {}
[153.478900] (-) TimerEvent: {}
[153.579704] (-) TimerEvent: {}
[153.680475] (-) TimerEvent: {}
[153.781413] (-) TimerEvent: {}
[153.882170] (-) TimerEvent: {}
[153.982951] (-) TimerEvent: {}
[154.083674] (-) TimerEvent: {}
[154.184330] (-) TimerEvent: {}
[154.285165] (-) TimerEvent: {}
[154.386060] (-) TimerEvent: {}
[154.487036] (-) TimerEvent: {}
[154.587994] (-) TimerEvent: {}
[154.688855] (-) TimerEvent: {}
[154.789746] (-) TimerEvent: {}
[154.890407] (-) TimerEvent: {}
[154.991257] (-) TimerEvent: {}
[155.091956] (-) TimerEvent: {}
[155.192563] (-) TimerEvent: {}
[155.293254] (-) TimerEvent: {}
[155.393890] (-) TimerEvent: {}
[155.497306] (-) TimerEvent: {}
[155.597951] (-) TimerEvent: {}
[155.698618] (-) TimerEvent: {}
[155.799506] (-) TimerEvent: {}
[155.900248] (-) TimerEvent: {}
[156.001210] (-) TimerEvent: {}
[156.101927] (-) TimerEvent: {}
[156.202905] (-) TimerEvent: {}
[156.303660] (-) TimerEvent: {}
[156.404334] (-) TimerEvent: {}
[156.505052] (-) TimerEvent: {}
[156.605951] (-) TimerEvent: {}
[156.706760] (-) TimerEvent: {}
[156.807964] (-) TimerEvent: {}
[156.911191] (-) TimerEvent: {}
[157.011924] (-) TimerEvent: {}
[157.112976] (-) TimerEvent: {}
[157.213687] (-) TimerEvent: {}
[157.314454] (-) TimerEvent: {}
[157.415675] (-) TimerEvent: {}
[157.516492] (-) TimerEvent: {}
[157.617430] (-) TimerEvent: {}
[157.718200] (-) TimerEvent: {}
[157.818997] (-) TimerEvent: {}
[157.919898] (-) TimerEvent: {}
[158.023444] (-) TimerEvent: {}
[158.124077] (-) TimerEvent: {}
[158.224683] (-) TimerEvent: {}
[158.325402] (-) TimerEvent: {}
[158.426103] (-) TimerEvent: {}
[158.526804] (-) TimerEvent: {}
[158.627589] (-) TimerEvent: {}
[158.728351] (-) TimerEvent: {}
[158.829160] (-) TimerEvent: {}
[158.929959] (-) TimerEvent: {}
[159.031082] (-) TimerEvent: {}
[159.131769] (-) TimerEvent: {}
[159.232756] (-) TimerEvent: {}
[159.333529] (-) TimerEvent: {}
[159.434224] (-) TimerEvent: {}
[159.535522] (-) TimerEvent: {}
[159.636220] (-) TimerEvent: {}
[159.737199] (-) TimerEvent: {}
[159.837973] (-) TimerEvent: {}
[159.938799] (-) TimerEvent: {}
[160.039585] (-) TimerEvent: {}
[160.140361] (-) TimerEvent: {}
[160.241152] (-) TimerEvent: {}
[160.342440] (-) TimerEvent: {}
[160.443369] (-) TimerEvent: {}
[160.544893] (-) TimerEvent: {}
[160.645806] (-) TimerEvent: {}
[160.746533] (-) TimerEvent: {}
[160.847225] (-) TimerEvent: {}
[160.947911] (-) TimerEvent: {}
[161.048562] (-) TimerEvent: {}
[161.149388] (-) TimerEvent: {}
[161.250056] (-) TimerEvent: {}
[161.350741] (-) TimerEvent: {}
[161.451403] (-) TimerEvent: {}
[161.552230] (-) TimerEvent: {}
[161.653032] (-) TimerEvent: {}
[161.753815] (-) TimerEvent: {}
[161.854547] (-) TimerEvent: {}
[161.955328] (-) TimerEvent: {}
[162.056192] (-) TimerEvent: {}
[162.157179] (-) TimerEvent: {}
[162.258089] (-) TimerEvent: {}
[162.358921] (-) TimerEvent: {}
[162.459739] (-) TimerEvent: {}
[162.560692] (-) TimerEvent: {}
[162.661826] (-) TimerEvent: {}
[162.762586] (-) TimerEvent: {}
[162.863310] (-) TimerEvent: {}
[162.964148] (-) TimerEvent: {}
[163.065011] (-) TimerEvent: {}
[163.165761] (-) TimerEvent: {}
[163.266477] (-) TimerEvent: {}
[163.367083] (-) TimerEvent: {}
[163.467793] (-) TimerEvent: {}
[163.568568] (-) TimerEvent: {}
[163.669311] (-) TimerEvent: {}
[163.769995] (-) TimerEvent: {}
[163.870661] (-) TimerEvent: {}
[163.971446] (-) TimerEvent: {}
[164.072237] (-) TimerEvent: {}
[164.173019] (-) TimerEvent: {}
[164.273837] (-) TimerEvent: {}
[164.374595] (-) TimerEvent: {}
[164.475439] (-) TimerEvent: {}
[164.576650] (-) TimerEvent: {}
[164.678503] (-) TimerEvent: {}
[164.779340] (-) TimerEvent: {}
[164.880133] (-) TimerEvent: {}
[164.981021] (-) TimerEvent: {}
[165.082111] (-) TimerEvent: {}
[165.182776] (-) TimerEvent: {}
[165.283471] (-) TimerEvent: {}
[165.384212] (-) TimerEvent: {}
[165.485303] (-) TimerEvent: {}
[165.586235] (-) TimerEvent: {}
[165.687041] (-) TimerEvent: {}
[165.787779] (-) TimerEvent: {}
[165.888596] (-) TimerEvent: {}
[165.989370] (-) TimerEvent: {}
[166.090153] (-) TimerEvent: {}
[166.190785] (-) TimerEvent: {}
[166.291498] (-) TimerEvent: {}
[166.393115] (-) TimerEvent: {}
[166.493931] (-) TimerEvent: {}
[166.594673] (-) TimerEvent: {}
[166.695406] (-) TimerEvent: {}
[166.796047] (-) TimerEvent: {}
[166.896931] (-) TimerEvent: {}
[166.997721] (-) TimerEvent: {}
[167.098348] (-) TimerEvent: {}
[167.199714] (-) TimerEvent: {}
[167.300422] (-) TimerEvent: {}
[167.402429] (-) TimerEvent: {}
[167.503052] (-) TimerEvent: {}
[167.603688] (-) TimerEvent: {}
[167.704345] (-) TimerEvent: {}
[167.805019] (-) TimerEvent: {}
[167.905706] (-) TimerEvent: {}
[168.006374] (-) TimerEvent: {}
[168.106988] (-) TimerEvent: {}
[168.207617] (-) TimerEvent: {}
[168.308508] (-) TimerEvent: {}
[168.409447] (-) TimerEvent: {}
[168.510247] (-) TimerEvent: {}
[168.611029] (-) TimerEvent: {}
[168.711715] (-) TimerEvent: {}
[168.812479] (-) TimerEvent: {}
[168.913153] (-) TimerEvent: {}
[169.014110] (-) TimerEvent: {}
[169.114863] (-) TimerEvent: {}
[169.215695] (-) TimerEvent: {}
[169.316466] (-) TimerEvent: {}
[169.417172] (-) TimerEvent: {}
[169.517938] (-) TimerEvent: {}
[169.618627] (-) TimerEvent: {}
[169.719321] (-) TimerEvent: {}
[169.820040] (-) TimerEvent: {}
[169.920988] (-) TimerEvent: {}
[170.022403] (-) TimerEvent: {}
[170.123527] (-) TimerEvent: {}
[170.224233] (-) TimerEvent: {}
[170.324904] (-) TimerEvent: {}
[170.425560] (-) TimerEvent: {}
[170.526238] (-) TimerEvent: {}
[170.626886] (-) TimerEvent: {}
[170.727727] (-) TimerEvent: {}
[170.828529] (-) TimerEvent: {}
[170.929259] (-) TimerEvent: {}
[171.030036] (-) TimerEvent: {}
[171.130730] (-) TimerEvent: {}
[171.231432] (-) TimerEvent: {}
[171.332356] (-) TimerEvent: {}
[171.433006] (-) TimerEvent: {}
[171.533679] (-) TimerEvent: {}
[171.634515] (-) TimerEvent: {}
[171.735251] (-) TimerEvent: {}
[171.835929] (-) TimerEvent: {}
[171.936617] (-) TimerEvent: {}
[172.037396] (-) TimerEvent: {}
[172.138060] (-) TimerEvent: {}
[172.238759] (-) TimerEvent: {}
[172.339402] (-) TimerEvent: {}
[172.440101] (-) TimerEvent: {}
[172.540769] (-) TimerEvent: {}
[172.641708] (-) TimerEvent: {}
[172.742579] (-) TimerEvent: {}
[172.843807] (-) TimerEvent: {}
[172.944947] (-) TimerEvent: {}
[173.046086] (-) TimerEvent: {}
[173.147715] (-) TimerEvent: {}
[173.249057] (-) TimerEvent: {}
[173.349922] (-) TimerEvent: {}
[173.450560] (-) TimerEvent: {}
[173.551233] (-) TimerEvent: {}
[173.651904] (-) TimerEvent: {}
[173.752613] (-) TimerEvent: {}
[173.856825] (-) TimerEvent: {}
[173.957676] (-) TimerEvent: {}
[174.058365] (-) TimerEvent: {}
[174.159036] (-) TimerEvent: {}
[174.259695] (-) TimerEvent: {}
[174.360382] (-) TimerEvent: {}
[174.461193] (-) TimerEvent: {}
[174.561906] (-) TimerEvent: {}
[174.662703] (-) TimerEvent: {}
[174.763539] (-) TimerEvent: {}
[174.864347] (-) TimerEvent: {}
[174.965120] (-) TimerEvent: {}
[175.065917] (-) TimerEvent: {}
[175.167912] (-) TimerEvent: {}
[175.268891] (-) TimerEvent: {}
[175.369872] (-) TimerEvent: {}
[175.470945] (-) TimerEvent: {}
[175.571698] (-) TimerEvent: {}
[175.672357] (-) TimerEvent: {}
[175.773018] (-) TimerEvent: {}
[175.873709] (-) TimerEvent: {}
[175.977261] (-) TimerEvent: {}
[176.078910] (-) TimerEvent: {}
[176.179657] (-) TimerEvent: {}
[176.280404] (-) TimerEvent: {}
[176.381290] (-) TimerEvent: {}
[176.481979] (-) TimerEvent: {}
[176.582728] (-) TimerEvent: {}
[176.683587] (-) TimerEvent: {}
[176.784367] (-) TimerEvent: {}
[176.885171] (-) TimerEvent: {}
[176.986055] (-) TimerEvent: {}
[177.086831] (-) TimerEvent: {}
[177.187764] (-) TimerEvent: {}
[177.288696] (-) TimerEvent: {}
[177.389456] (-) TimerEvent: {}
[177.490504] (-) TimerEvent: {}
[177.591513] (-) TimerEvent: {}
[177.692145] (-) TimerEvent: {}
[177.795405] (-) TimerEvent: {}
[177.896032] (-) TimerEvent: {}
[177.996675] (-) TimerEvent: {}
[178.097321] (-) TimerEvent: {}
[178.198092] (-) TimerEvent: {}
[178.298849] (-) TimerEvent: {}
[178.399498] (-) TimerEvent: {}
[178.500369] (-) TimerEvent: {}
[178.601290] (-) TimerEvent: {}
[178.702024] (-) TimerEvent: {}
[178.802758] (-) TimerEvent: {}
[178.903533] (-) TimerEvent: {}
[179.004301] (-) TimerEvent: {}
[179.105218] (-) TimerEvent: {}
[179.206012] (-) TimerEvent: {}
[179.306663] (-) TimerEvent: {}
[179.407351] (-) TimerEvent: {}
[179.508018] (-) TimerEvent: {}
[179.608797] (-) TimerEvent: {}
[179.709618] (-) TimerEvent: {}
[179.810409] (-) TimerEvent: {}
[179.911180] (-) TimerEvent: {}
[180.011974] (-) TimerEvent: {}
[180.112891] (-) TimerEvent: {}
[180.215511] (-) TimerEvent: {}
[180.316264] (-) TimerEvent: {}
[180.416975] (-) TimerEvent: {}
[180.521483] (-) TimerEvent: {}
[180.622274] (-) TimerEvent: {}
[180.723152] (-) TimerEvent: {}
[180.823961] (-) TimerEvent: {}
[180.924865] (-) TimerEvent: {}
[181.025746] (-) TimerEvent: {}
[181.126572] (-) TimerEvent: {}
[181.227743] (-) TimerEvent: {}
[181.328515] (-) TimerEvent: {}
[181.429314] (-) TimerEvent: {}
[181.530054] (-) TimerEvent: {}
[181.631185] (-) TimerEvent: {}
[181.731850] (-) TimerEvent: {}
[181.832552] (-) TimerEvent: {}
[181.933275] (-) TimerEvent: {}
[182.033960] (-) TimerEvent: {}
[182.134716] (-) TimerEvent: {}
[182.235598] (-) TimerEvent: {}
[182.336879] (-) TimerEvent: {}
[182.437675] (-) TimerEvent: {}
[182.538389] (-) TimerEvent: {}
[182.639227] (-) TimerEvent: {}
[182.740100] (-) TimerEvent: {}
[182.840781] (-) TimerEvent: {}
[182.941763] (-) TimerEvent: {}
[183.042695] (-) TimerEvent: {}
[183.143668] (-) TimerEvent: {}
[183.245533] (-) TimerEvent: {}
[183.346529] (-) TimerEvent: {}
[183.447224] (-) TimerEvent: {}
[183.547903] (-) TimerEvent: {}
[183.648590] (-) TimerEvent: {}
[183.749366] (-) TimerEvent: {}
[183.850507] (-) TimerEvent: {}
[183.951221] (-) TimerEvent: {}
[184.052033] (-) TimerEvent: {}
[184.153319] (-) TimerEvent: {}
[184.253982] (-) TimerEvent: {}
[184.354621] (-) TimerEvent: {}
[184.455614] (-) TimerEvent: {}
[184.556301] (-) TimerEvent: {}
[184.657048] (-) TimerEvent: {}
[184.757785] (-) TimerEvent: {}
[184.858510] (-) TimerEvent: {}
[184.959152] (-) TimerEvent: {}
[185.060153] (-) TimerEvent: {}
[185.160806] (-) TimerEvent: {}
[185.261509] (-) TimerEvent: {}
[185.362168] (-) TimerEvent: {}
[185.463071] (-) TimerEvent: {}
[185.563787] (-) TimerEvent: {}
[185.664712] (-) TimerEvent: {}
[185.765725] (-) TimerEvent: {}
[185.866454] (-) TimerEvent: {}
[185.967111] (-) TimerEvent: {}
[186.067836] (-) TimerEvent: {}
[186.168509] (-) TimerEvent: {}
[186.269186] (-) TimerEvent: {}
[186.369872] (-) TimerEvent: {}
[186.470569] (-) TimerEvent: {}
[186.571699] (-) TimerEvent: {}
[186.672393] (-) TimerEvent: {}
[186.773079] (-) TimerEvent: {}
[186.873844] (-) TimerEvent: {}
[186.974647] (-) TimerEvent: {}
[187.075834] (-) TimerEvent: {}
[187.176582] (-) TimerEvent: {}
[187.277493] (-) TimerEvent: {}
[187.378329] (-) TimerEvent: {}
[187.479265] (-) TimerEvent: {}
[187.579973] (-) TimerEvent: {}
[187.680722] (-) TimerEvent: {}
[187.781588] (-) TimerEvent: {}
[187.882344] (-) TimerEvent: {}
[187.985227] (-) TimerEvent: {}
[188.085896] (-) TimerEvent: {}
[188.186645] (-) TimerEvent: {}
[188.287480] (-) TimerEvent: {}
[188.388333] (-) TimerEvent: {}
[188.488997] (-) TimerEvent: {}
[188.589779] (-) TimerEvent: {}
[188.691336] (-) TimerEvent: {}
[188.797237] (-) TimerEvent: {}
[188.905249] (-) TimerEvent: {}
[189.005933] (-) TimerEvent: {}
[189.106627] (-) TimerEvent: {}
[189.207475] (-) TimerEvent: {}
[189.308185] (-) TimerEvent: {}
[189.409510] (-) TimerEvent: {}
[189.510144] (-) TimerEvent: {}
[189.610754] (-) TimerEvent: {}
[189.711392] (-) TimerEvent: {}
[189.812056] (-) TimerEvent: {}
[189.912829] (-) TimerEvent: {}
[190.013552] (-) TimerEvent: {}
[190.114172] (-) TimerEvent: {}
[190.214856] (-) TimerEvent: {}
[190.316006] (-) TimerEvent: {}
[190.416661] (-) TimerEvent: {}
[190.517230] (-) TimerEvent: {}
[190.617888] (-) TimerEvent: {}
[190.718606] (-) TimerEvent: {}
[190.819499] (-) TimerEvent: {}
[190.920577] (-) TimerEvent: {}
[191.021399] (-) TimerEvent: {}
[191.122505] (-) TimerEvent: {}
[191.223417] (-) TimerEvent: {}
[191.324319] (-) TimerEvent: {}
[191.425168] (-) TimerEvent: {}
[191.526151] (-) TimerEvent: {}
[191.627929] (-) TimerEvent: {}
[191.728644] (-) TimerEvent: {}
[191.829388] (-) TimerEvent: {}
[191.930124] (-) TimerEvent: {}
[192.030861] (-) TimerEvent: {}
[192.131624] (-) TimerEvent: {}
[192.232438] (-) TimerEvent: {}
[192.333260] (-) TimerEvent: {}
[192.433935] (-) TimerEvent: {}
[192.534827] (-) TimerEvent: {}
[192.635493] (-) TimerEvent: {}
[192.736300] (-) TimerEvent: {}
[192.836976] (-) TimerEvent: {}
[192.937737] (-) TimerEvent: {}
[193.038708] (-) TimerEvent: {}
[193.139415] (-) TimerEvent: {}
[193.240070] (-) TimerEvent: {}
[193.341365] (-) TimerEvent: {}
[193.442346] (-) TimerEvent: {}
[193.543112] (-) TimerEvent: {}
[193.644447] (-) TimerEvent: {}
[193.745421] (-) TimerEvent: {}
[193.846209] (-) TimerEvent: {}
[193.946856] (-) TimerEvent: {}
[194.047601] (-) TimerEvent: {}
[194.148320] (-) TimerEvent: {}
[194.249000] (-) TimerEvent: {}
[194.349737] (-) TimerEvent: {}
[194.450402] (-) TimerEvent: {}
[194.551069] (-) TimerEvent: {}
[194.651728] (-) TimerEvent: {}
[194.752419] (-) TimerEvent: {}
[194.853141] (-) TimerEvent: {}
[194.953884] (-) TimerEvent: {}
[195.054633] (-) TimerEvent: {}
[195.155440] (-) TimerEvent: {}
[195.256189] (-) TimerEvent: {}
[195.361829] (-) TimerEvent: {}
[195.464644] (-) TimerEvent: {}
[195.565348] (-) TimerEvent: {}
[195.666030] (-) TimerEvent: {}
[195.766709] (-) TimerEvent: {}
[195.867383] (-) TimerEvent: {}
[195.968139] (-) TimerEvent: {}
[196.068795] (-) TimerEvent: {}
[196.169930] (-) TimerEvent: {}
[196.270644] (-) TimerEvent: {}
[196.371338] (-) TimerEvent: {}
[196.472079] (-) TimerEvent: {}
[196.572830] (-) TimerEvent: {}
[196.673765] (-) TimerEvent: {}
[196.774434] (-) TimerEvent: {}
[196.875122] (-) TimerEvent: {}
[196.975810] (-) TimerEvent: {}
[197.076747] (-) TimerEvent: {}
[197.177643] (-) TimerEvent: {}
[197.278426] (-) TimerEvent: {}
[197.379654] (-) TimerEvent: {}
[197.480469] (-) TimerEvent: {}
[197.581247] (-) TimerEvent: {}
[197.681970] (-) TimerEvent: {}
[197.782686] (-) TimerEvent: {}
[197.883398] (-) TimerEvent: {}
[197.984161] (-) TimerEvent: {}
[198.084839] (-) TimerEvent: {}
[198.185529] (-) TimerEvent: {}
[198.286064] (-) TimerEvent: {}
[198.386599] (-) TimerEvent: {}
[198.487199] (-) TimerEvent: {}
[198.588054] (-) TimerEvent: {}
[198.688772] (-) TimerEvent: {}
[198.789493] (-) TimerEvent: {}
[198.890876] (-) TimerEvent: {}
[198.991828] (-) TimerEvent: {}
[199.092447] (-) TimerEvent: {}
[199.193107] (-) TimerEvent: {}
[199.293722] (-) TimerEvent: {}
[199.394348] (-) TimerEvent: {}
[199.494981] (-) TimerEvent: {}
[199.595655] (-) TimerEvent: {}
[199.696272] (-) TimerEvent: {}
[199.796955] (-) TimerEvent: {}
[199.897609] (-) TimerEvent: {}
[199.998559] (-) TimerEvent: {}
[200.099172] (-) TimerEvent: {}
[200.199824] (-) TimerEvent: {}
[200.300597] (-) TimerEvent: {}
[200.401687] (-) TimerEvent: {}
[200.502514] (-) TimerEvent: {}
[200.603497] (-) TimerEvent: {}
[200.704166] (-) TimerEvent: {}
[200.804791] (-) TimerEvent: {}
[200.908680] (-) TimerEvent: {}
[201.013947] (-) TimerEvent: {}
[201.114640] (-) TimerEvent: {}
[201.217318] (-) TimerEvent: {}
[201.321226] (-) TimerEvent: {}
[201.422026] (-) TimerEvent: {}
[201.522682] (-) TimerEvent: {}
[201.623372] (-) TimerEvent: {}
[201.724050] (-) TimerEvent: {}
[201.824731] (-) TimerEvent: {}
[201.926169] (-) TimerEvent: {}
[202.026983] (-) TimerEvent: {}
[202.127808] (-) TimerEvent: {}
[202.228623] (-) TimerEvent: {}
[202.329487] (-) TimerEvent: {}
[202.430293] (-) TimerEvent: {}
[202.531102] (-) TimerEvent: {}
[202.631910] (-) TimerEvent: {}
[202.733020] (-) TimerEvent: {}
[202.833717] (-) TimerEvent: {}
[202.934395] (-) TimerEvent: {}
[203.035096] (-) TimerEvent: {}
[203.135827] (-) TimerEvent: {}
[203.239757] (-) TimerEvent: {}
[203.340361] (-) TimerEvent: {}
[203.441017] (-) TimerEvent: {}
[203.543316] (-) TimerEvent: {}
[203.644006] (-) TimerEvent: {}
[203.744650] (-) TimerEvent: {}
[203.845317] (-) TimerEvent: {}
[203.946040] (-) TimerEvent: {}
[204.046752] (-) TimerEvent: {}
[204.147454] (-) TimerEvent: {}
[204.248149] (-) TimerEvent: {}
[204.349072] (-) TimerEvent: {}
[204.449740] (-) TimerEvent: {}
[204.550426] (-) TimerEvent: {}
[204.651125] (-) TimerEvent: {}
[204.751765] (-) TimerEvent: {}
[204.852404] (-) TimerEvent: {}
[204.953187] (-) TimerEvent: {}
[205.053888] (-) TimerEvent: {}
[205.154597] (-) TimerEvent: {}
[205.255213] (-) TimerEvent: {}
[205.355858] (-) TimerEvent: {}
[205.456521] (-) TimerEvent: {}
[205.557211] (-) TimerEvent: {}
[205.657891] (-) TimerEvent: {}
[205.758634] (-) TimerEvent: {}
[205.859316] (-) TimerEvent: {}
[205.960374] (-) TimerEvent: {}
[206.061098] (-) TimerEvent: {}
[206.161809] (-) TimerEvent: {}
[206.262732] (-) TimerEvent: {}
[206.363408] (-) TimerEvent: {}
[206.464040] (-) TimerEvent: {}
[206.564749] (-) TimerEvent: {}
[206.665519] (-) TimerEvent: {}
[206.766158] (-) TimerEvent: {}
[206.867115] (-) TimerEvent: {}
[206.968179] (-) TimerEvent: {}
[207.069047] (-) TimerEvent: {}
[207.169931] (-) TimerEvent: {}
[207.270617] (-) TimerEvent: {}
[207.371300] (-) TimerEvent: {}
[207.471971] (-) TimerEvent: {}
[207.572648] (-) TimerEvent: {}
[207.673720] (-) TimerEvent: {}
[207.774521] (-) TimerEvent: {}
[207.875461] (-) TimerEvent: {}
[207.976298] (-) TimerEvent: {}
[208.076986] (-) TimerEvent: {}
[208.177668] (-) TimerEvent: {}
[208.279024] (-) TimerEvent: {}
[208.379749] (-) TimerEvent: {}
[208.480459] (-) TimerEvent: {}
[208.581241] (-) TimerEvent: {}
[208.682479] (-) TimerEvent: {}
[208.783282] (-) TimerEvent: {}
[208.884131] (-) TimerEvent: {}
[208.985306] (-) TimerEvent: {}
[209.086134] (-) TimerEvent: {}
[209.186943] (-) TimerEvent: {}
[209.287750] (-) TimerEvent: {}
[209.388588] (-) TimerEvent: {}
[209.489827] (-) TimerEvent: {}
[209.590582] (-) TimerEvent: {}
[209.691683] (-) TimerEvent: {}
[209.792946] (-) TimerEvent: {}
[209.893680] (-) TimerEvent: {}
[209.994398] (-) TimerEvent: {}
[210.095263] (-) TimerEvent: {}
[210.196013] (-) TimerEvent: {}
[210.296853] (-) TimerEvent: {}
[210.397994] (-) TimerEvent: {}
[210.498809] (-) TimerEvent: {}
[210.599438] (-) TimerEvent: {}
[210.700119] (-) TimerEvent: {}
[210.804801] (-) TimerEvent: {}
[210.905493] (-) TimerEvent: {}
[211.006269] (-) TimerEvent: {}
[211.107056] (-) TimerEvent: {}
[211.207795] (-) TimerEvent: {}
[211.308521] (-) TimerEvent: {}
[211.409368] (-) TimerEvent: {}
[211.510726] (-) TimerEvent: {}
[211.611360] (-) TimerEvent: {}
[211.712386] (-) TimerEvent: {}
[211.813212] (-) TimerEvent: {}
[211.914231] (-) TimerEvent: {}
[212.014943] (-) TimerEvent: {}
[212.115717] (-) TimerEvent: {}
[212.216442] (-) TimerEvent: {}
[212.317262] (-) TimerEvent: {}
[212.419101] (-) TimerEvent: {}
[212.519961] (-) TimerEvent: {}
[212.620715] (-) TimerEvent: {}
[212.721503] (-) TimerEvent: {}
[212.822304] (-) TimerEvent: {}
[212.923016] (-) TimerEvent: {}
[213.023832] (-) TimerEvent: {}
[213.124494] (-) TimerEvent: {}
[213.225688] (-) TimerEvent: {}
[213.326493] (-) TimerEvent: {}
[213.427265] (-) TimerEvent: {}
[213.528038] (-) TimerEvent: {}
[213.628855] (-) TimerEvent: {}
[213.729889] (-) TimerEvent: {}
[213.830703] (-) TimerEvent: {}
[213.931342] (-) TimerEvent: {}
[214.032029] (-) TimerEvent: {}
[214.132693] (-) TimerEvent: {}
[214.233651] (-) TimerEvent: {}
[214.334452] (-) TimerEvent: {}
[214.435235] (-) TimerEvent: {}
[214.535965] (-) TimerEvent: {}
[214.636666] (-) TimerEvent: {}
[214.737349] (-) TimerEvent: {}
[214.838063] (-) TimerEvent: {}
[214.938742] (-) TimerEvent: {}
[215.039502] (-) TimerEvent: {}
[215.140114] (-) TimerEvent: {}
[215.240752] (-) TimerEvent: {}
[215.341392] (-) TimerEvent: {}
[215.442583] (-) TimerEvent: {}
[215.543355] (-) TimerEvent: {}
[215.647500] (-) TimerEvent: {}
[215.748983] (-) TimerEvent: {}
[215.849657] (-) TimerEvent: {}
[215.950356] (-) TimerEvent: {}
[216.051192] (-) TimerEvent: {}
[216.152482] (-) TimerEvent: {}
[216.253381] (-) TimerEvent: {}
[216.354268] (-) TimerEvent: {}
[216.454933] (-) TimerEvent: {}
[216.555674] (-) TimerEvent: {}
[216.656807] (-) TimerEvent: {}
[216.757449] (-) TimerEvent: {}
[216.858302] (-) TimerEvent: {}
[216.958946] (-) TimerEvent: {}
[217.059594] (-) TimerEvent: {}
[217.160255] (-) TimerEvent: {}
[217.261210] (-) TimerEvent: {}
[217.362147] (-) TimerEvent: {}
[217.464130] (-) TimerEvent: {}
[217.564877] (-) TimerEvent: {}
[217.665581] (-) TimerEvent: {}
[217.767391] (-) TimerEvent: {}
[217.868185] (-) TimerEvent: {}
[217.969073] (-) TimerEvent: {}
[218.069947] (-) TimerEvent: {}
[218.170689] (-) TimerEvent: {}
[218.271451] (-) TimerEvent: {}
[218.373272] (-) TimerEvent: {}
[218.474085] (-) TimerEvent: {}
[218.575367] (-) TimerEvent: {}
[218.676122] (-) TimerEvent: {}
[218.776788] (-) TimerEvent: {}
[218.877489] (-) TimerEvent: {}
[218.978133] (-) TimerEvent: {}
[219.078821] (-) TimerEvent: {}
[219.179458] (-) TimerEvent: {}
[219.280063] (-) TimerEvent: {}
[219.380688] (-) TimerEvent: {}
[219.481363] (-) TimerEvent: {}
[219.581999] (-) TimerEvent: {}
[219.682647] (-) TimerEvent: {}
[219.783301] (-) TimerEvent: {}
[219.883948] (-) TimerEvent: {}
[219.984729] (-) TimerEvent: {}
[220.085381] (-) TimerEvent: {}
[220.186081] (-) TimerEvent: {}
[220.286731] (-) TimerEvent: {}
[220.387421] (-) TimerEvent: {}
[220.488140] (-) TimerEvent: {}
[220.588864] (-) TimerEvent: {}
[220.689510] (-) TimerEvent: {}
[220.790279] (-) TimerEvent: {}
[220.891337] (-) TimerEvent: {}
[220.992127] (-) TimerEvent: {}
[221.092849] (-) TimerEvent: {}
[221.193554] (-) TimerEvent: {}
[221.295078] (-) TimerEvent: {}
[221.395781] (-) TimerEvent: {}
[221.496562] (-) TimerEvent: {}
[221.597242] (-) TimerEvent: {}
[221.697858] (-) TimerEvent: {}
[221.798516] (-) TimerEvent: {}
[221.899156] (-) TimerEvent: {}
[221.999705] (-) TimerEvent: {}
[222.100314] (-) TimerEvent: {}
[222.201011] (-) TimerEvent: {}
[222.301636] (-) TimerEvent: {}
[222.402793] (-) TimerEvent: {}
[222.503465] (-) TimerEvent: {}
[222.604187] (-) TimerEvent: {}
[222.705068] (-) TimerEvent: {}
[222.805689] (-) TimerEvent: {}
[222.906385] (-) TimerEvent: {}
[223.007147] (-) TimerEvent: {}
[223.108058] (-) TimerEvent: {}
[223.208742] (-) TimerEvent: {}
[223.309447] (-) TimerEvent: {}
[223.410175] (-) TimerEvent: {}
[223.511121] (-) TimerEvent: {}
[223.611857] (-) TimerEvent: {}
[223.712684] (-) TimerEvent: {}
[223.813338] (-) TimerEvent: {}
[223.914420] (-) TimerEvent: {}
[224.015335] (-) TimerEvent: {}
[224.116231] (-) TimerEvent: {}
[224.217464] (-) TimerEvent: {}
[224.318768] (-) TimerEvent: {}
[224.419792] (-) TimerEvent: {}
[224.520520] (-) TimerEvent: {}
[224.621498] (-) TimerEvent: {}
[224.722439] (-) TimerEvent: {}
[224.823268] (-) TimerEvent: {}
[224.924138] (-) TimerEvent: {}
[225.025197] (-) TimerEvent: {}
[225.126103] (-) TimerEvent: {}
[225.226948] (-) TimerEvent: {}
[225.327876] (-) TimerEvent: {}
[225.428665] (-) TimerEvent: {}
[225.529420] (-) TimerEvent: {}
[225.630153] (-) TimerEvent: {}
[225.731900] (-) TimerEvent: {}
[225.832754] (-) TimerEvent: {}
[225.933593] (-) TimerEvent: {}
[226.035083] (-) TimerEvent: {}
[226.136095] (-) TimerEvent: {}
[226.236791] (-) TimerEvent: {}
[226.271301] (grab_demo) StdoutLine: {'line': b'[ 51%] \x1b[32m\x1b[1mLinking CXX executable hand_eye\x1b[0m\n'}
[226.336993] (-) TimerEvent: {}
[226.438017] (-) TimerEvent: {}
[226.538720] (-) TimerEvent: {}
[226.639398] (-) TimerEvent: {}
[226.740105] (-) TimerEvent: {}
[226.840763] (-) TimerEvent: {}
[226.941438] (-) TimerEvent: {}
[227.042080] (-) TimerEvent: {}
[227.142794] (-) TimerEvent: {}
[227.243512] (-) TimerEvent: {}
[227.344325] (-) TimerEvent: {}
[227.444983] (-) TimerEvent: {}
[227.545729] (-) TimerEvent: {}
[227.648617] (-) TimerEvent: {}
[227.749981] (-) TimerEvent: {}
[227.860652] (-) TimerEvent: {}
[227.961377] (-) TimerEvent: {}
[228.062279] (-) TimerEvent: {}
[228.162962] (-) TimerEvent: {}
[228.263954] (-) TimerEvent: {}
[228.364577] (-) TimerEvent: {}
[228.465212] (-) TimerEvent: {}
[228.565825] (-) TimerEvent: {}
[228.666543] (-) TimerEvent: {}
[228.767299] (-) TimerEvent: {}
[228.868082] (-) TimerEvent: {}
[228.968821] (-) TimerEvent: {}
[229.069598] (-) TimerEvent: {}
[229.170298] (-) TimerEvent: {}
[229.271039] (-) TimerEvent: {}
[229.371764] (-) TimerEvent: {}
[229.473281] (-) TimerEvent: {}
[229.574131] (grab_demo) StdoutLine: {'line': b'[ 51%] Built target hand_eye\n'}
[229.574666] (-) TimerEvent: {}
[229.675295] (-) TimerEvent: {}
[229.758037] (grab_demo) StdoutLine: {'line': b'[ 55%] Built target charuco_dectet_node\n'}
[229.775412] (-) TimerEvent: {}
[229.854317] (grab_demo) StdoutLine: {'line': b'[ 55%] Built target ament_cmake_python_copy_grab_demo\n'}
[229.875609] (-) TimerEvent: {}
[229.922728] (grab_demo) StdoutLine: {'line': b'[ 61%] Built target grab_demo__rosidl_generator_c\n'}
[229.975759] (-) TimerEvent: {}
[230.076387] (-) TimerEvent: {}
[230.177023] (-) TimerEvent: {}
[230.277896] (-) TimerEvent: {}
[230.379150] (-) TimerEvent: {}
[230.479811] (-) TimerEvent: {}
[230.580953] (-) TimerEvent: {}
[230.682213] (-) TimerEvent: {}
[230.783269] (-) TimerEvent: {}
[230.884047] (-) TimerEvent: {}
[230.985283] (-) TimerEvent: {}
[231.085960] (-) TimerEvent: {}
[231.186567] (-) TimerEvent: {}
[231.273740] (grab_demo) StdoutLine: {'line': b'running egg_info\n'}
[231.278342] (grab_demo) StdoutLine: {'line': b'writing grab_demo.egg-info/PKG-INFO\n'}
[231.286731] (-) TimerEvent: {}
[231.290289] (grab_demo) StdoutLine: {'line': b'writing dependency_links to grab_demo.egg-info/dependency_links.txt\n'}
[231.295739] (grab_demo) StdoutLine: {'line': b'writing top-level names to grab_demo.egg-info/top_level.txt\n'}
[231.323250] (grab_demo) StdoutLine: {'line': b"reading manifest file 'grab_demo.egg-info/SOURCES.txt'\n"}
[231.324832] (grab_demo) StdoutLine: {'line': b"writing manifest file 'grab_demo.egg-info/SOURCES.txt'\n"}
[231.386916] (-) TimerEvent: {}
[231.460273] (grab_demo) StdoutLine: {'line': b'[ 61%] Built target ament_cmake_python_build_grab_demo_egg\n'}
[231.487084] (-) TimerEvent: {}
[231.587973] (-) TimerEvent: {}
[231.589213] (grab_demo) StdoutLine: {'line': b'[ 68%] Built target grab_demo__rosidl_typesupport_c\n'}
[231.688160] (-) TimerEvent: {}
[231.731996] (grab_demo) StdoutLine: {'line': b'[ 74%] Built target grab_demo__rosidl_typesupport_introspection_c\n'}
[231.788377] (-) TimerEvent: {}
[231.881233] (grab_demo) StdoutLine: {'line': b'[ 80%] Built target grab_demo__rosidl_typesupport_fastrtps_c\n'}
[231.889450] (-) TimerEvent: {}
[231.990207] (-) TimerEvent: {}
[232.046062] (grab_demo) StdoutLine: {'line': b'[ 80%] Built target grab_demo\n'}
[232.090379] (-) TimerEvent: {}
[232.113591] (grab_demo) StdoutLine: {'line': b'[ 82%] Built target grab_demo__py\n'}
[232.190643] (-) TimerEvent: {}
[232.197567] (grab_demo) StdoutLine: {'line': b'[ 87%] Built target grab_demo__rosidl_generator_py\n'}
[232.273363] (grab_demo) StdoutLine: {'line': b'[ 91%] Built target grab_demo__rosidl_typesupport_fastrtps_c__pyext\n'}
[232.290817] (-) TimerEvent: {}
[232.333376] (grab_demo) StdoutLine: {'line': b'[ 95%] Built target grab_demo__rosidl_typesupport_c__pyext\n'}
[232.390984] (-) TimerEvent: {}
[232.398436] (grab_demo) StdoutLine: {'line': b'[100%] Built target grab_demo__rosidl_typesupport_introspection_c__pyext\n'}
[232.492115] (-) TimerEvent: {}
[232.524025] (grab_demo) CommandEnded: {'returncode': 0}
[232.575359] (grab_demo) JobProgress: {'identifier': 'grab_demo', 'progress': 'install'}
[232.592310] (-) TimerEvent: {}
[232.649859] (grab_demo) Command: {'cmd': ['/usr/bin/cmake', '--install', '/home/dxf/wheeltec_lebai_humble_2024_7_17/build/grab_demo'], 'cwd': '/home/dxf/wheeltec_lebai_humble_2024_7_17/build/grab_demo', 'env': OrderedDict([('PYTHON_BASIC_REPL', '1'), ('LESSOPEN', '| /usr/bin/lesspipe %s'), ('LANGUAGE', 'zh_CN:en_US:en'), ('USER', 'dxf'), ('SSH_CLIENT', '192.168.0.66 60207 22'), ('LC_TIME', 'zh_CN.UTF-8'), ('XDG_SESSION_TYPE', 'tty'), ('GIT_ASKPASS', '/home/dxf/.vscode-server/cli/servers/Stable-6f17636121051a53c88d3e605c491d22af2ba755/server/extensions/git/dist/askpass.sh'), ('SHLVL', '1'), ('LD_LIBRARY_PATH', '/usr/local/opencv410/lib:/usr/local/lib:/opt/ros/humble/opt/rviz_ogre_vendor/lib:/opt/ros/humble/lib/aarch64-linux-gnu:/opt/ros/humble/lib:/usr/local/cuda-12.6/lib64:'), ('BROWSER', '/home/dxf/.vscode-server/cli/servers/Stable-6f17636121051a53c88d3e605c491d22af2ba755/server/bin/helpers/browser.sh'), ('MOTD_SHOWN', 'pam'), ('HOME', '/home/dxf'), ('OLDPWD', '/home/dxf/wheeltec_lebai_humble_2024_7_17'), ('TERM_PROGRAM_VERSION', '1.103.2'), ('VSCODE_IPC_HOOK_CLI', '/run/user/1000/vscode-ipc-64d8d815-fbca-4dbf-ab23-547b4d062b4d.sock'), ('ROS_PYTHON_VERSION', '3'), ('VSCODE_GIT_ASKPASS_MAIN', '/home/dxf/.vscode-server/cli/servers/Stable-6f17636121051a53c88d3e605c491d22af2ba755/server/extensions/git/dist/askpass-main.js'), ('LC_MONETARY', 'zh_CN.UTF-8'), ('VSCODE_GIT_ASKPASS_NODE', '/home/dxf/.vscode-server/cli/servers/Stable-6f17636121051a53c88d3e605c491d22af2ba755/server/node'), ('SSL_CERT_FILE', '/usr/lib/ssl/certs/ca-certificates.crt'), ('PYDEVD_DISABLE_FILE_VALIDATION', '1'), ('BUNDLED_DEBUGPY_PATH', '/home/dxf/.vscode-server/extensions/ms-python.debugpy-2025.14.1-linux-arm64/bundled/libs/debugpy'), ('DBUS_SESSION_BUS_ADDRESS', 'unix:path=/run/user/1000/bus'), ('COLORTERM', 'truecolor'), ('ROS_DISTRO', 'humble'), ('LOGNAME', 'dxf'), ('_', '/usr/bin/colcon'), ('ROS_VERSION', '2'), ('PKG_CONFIG_PATH', '/usr/local/opencv410/lib/pkgconfig:'), ('XDG_SESSION_CLASS', 'user'), ('TERM', 'xterm-256color'), ('XDG_SESSION_ID', '29'), ('ROS_LOCALHOST_ONLY', '0'), ('PATH', '/home/dxf/.vscode-server/cli/servers/Stable-6f17636121051a53c88d3e605c491d22af2ba755/server/bin/remote-cli:/opt/ros/humble/bin:/usr/local/cuda-12.6/bin:/usr/local/sbin:/usr/local/bin:/usr/sbin:/usr/bin:/sbin:/bin:/usr/games:/usr/local/games:/snap/bin:/home/dxf/.vscode-server/extensions/ms-python.debugpy-2025.14.1-linux-arm64/bundled/scripts/noConfigScripts'), ('PAPERSIZE', 'a4'), ('LC_ADDRESS', 'zh_CN.UTF-8'), ('XDG_RUNTIME_DIR', '/run/user/1000'), ('SSL_CERT_DIR', '/usr/lib/ssl/certs'), ('DISPLAY', 'localhost:10.0'), ('VSCODE_DEBUGPY_ADAPTER_ENDPOINTS', '/home/dxf/.vscode-server/extensions/ms-python.debugpy-2025.14.1-linux-arm64/.noConfigDebugAdapterEndpoints/endpoint-8b23ef7f21be4a2f.txt'), ('LANG', 'zh_CN.UTF-8'), ('PYTHONSTARTUP', '/home/dxf/.vscode-server/data/User/workspaceStorage/4ecfe97e1d690ce6b205eecd25d67bdf/ms-python.python/pythonrc.py'), ('LC_TELEPHONE', 'zh_CN.UTF-8'), ('LS_COLORS', ''), ('VSCODE_GIT_IPC_HANDLE', '/run/user/1000/vscode-git-42a3dc7ec5.sock'), ('TERM_PROGRAM', 'vscode'), ('AMENT_PREFIX_PATH', '/opt/ros/humble'), ('SHELL', '/bin/bash'), ('LC_NAME', 'zh_CN.UTF-8'), ('LESSCLOSE', '/usr/bin/lesspipe %s %s'), ('LC_MEASUREMENT', 'zh_CN.UTF-8'), ('OpenCV_DIR', '/usr/local/opencv410/lib/cmake/opencv4'), ('LC_IDENTIFICATION', 'zh_CN.UTF-8'), ('VSCODE_GIT_ASKPASS_EXTRA_ARGS', ''), ('PWD', '/home/dxf/wheeltec_lebai_humble_2024_7_17/build/grab_demo'), ('SSH_CONNECTION', '192.168.0.66 60207 192.168.0.100 22'), ('XDG_DATA_DIRS', '/usr/share/gnome:/usr/local/share:/usr/share:/var/lib/snapd/desktop'), ('PYTHONPATH', '/opt/ros/humble/lib/python3.10/site-packages:/opt/ros/humble/local/lib/python3.10/dist-packages'), ('LC_NUMERIC', 'zh_CN.UTF-8'), ('LC_PAPER', 'zh_CN.UTF-8'), ('COLCON', '1'), ('CMAKE_PREFIX_PATH', '/usr/local/opencv410::/opt/ros/humble')]), 'shell': False}
[232.675093] (grab_demo) StdoutLine: {'line': b'-- Install configuration: "Debug"\n'}
[232.679137] (grab_demo) StdoutLine: {'line': b'-- Up-to-date: /home/dxf/wheeltec_lebai_humble_2024_7_17/install/grab_demo/share/ament_index/resource_index/rosidl_interfaces/grab_demo\n'}
[232.680734] (grab_demo) StdoutLine: {'line': b'-- Up-to-date: /home/dxf/wheeltec_lebai_humble_2024_7_17/install/grab_demo/include/grab_demo/grab_demo\n'}
[232.682691] (grab_demo) StdoutLine: {'line': b'-- Up-to-date: /home/dxf/wheeltec_lebai_humble_2024_7_17/install/grab_demo/include/grab_demo/grab_demo/msg\n'}
[232.682907] (grab_demo) StdoutLine: {'line': b'-- Up-to-date: /home/dxf/wheeltec_lebai_humble_2024_7_17/install/grab_demo/include/grab_demo/grab_demo/msg/rosidl_generator_c__visibility_control.h\n'}
[232.683051] (grab_demo) StdoutLine: {'line': b'-- Up-to-date: /home/dxf/wheeltec_lebai_humble_2024_7_17/install/grab_demo/include/grab_demo/grab_demo/srv\n'}
[232.683181] (grab_demo) StdoutLine: {'line': b'-- Up-to-date: /home/dxf/wheeltec_lebai_humble_2024_7_17/install/grab_demo/include/grab_demo/grab_demo/srv/grab_object.h\n'}
[232.683311] (grab_demo) StdoutLine: {'line': b'-- Up-to-date: /home/dxf/wheeltec_lebai_humble_2024_7_17/install/grab_demo/include/grab_demo/grab_demo/srv/detail\n'}
[232.683432] (grab_demo) StdoutLine: {'line': b'-- Up-to-date: /home/dxf/wheeltec_lebai_humble_2024_7_17/install/grab_demo/include/grab_demo/grab_demo/srv/detail/grab_object__struct.h\n'}
[232.683551] (grab_demo) StdoutLine: {'line': b'-- Up-to-date: /home/dxf/wheeltec_lebai_humble_2024_7_17/install/grab_demo/include/grab_demo/grab_demo/srv/detail/grab_object__type_support.h\n'}
[232.683668] (grab_demo) StdoutLine: {'line': b'-- Up-to-date: /home/dxf/wheeltec_lebai_humble_2024_7_17/install/grab_demo/include/grab_demo/grab_demo/srv/detail/grab_object__functions.c\n'}
[232.684076] (grab_demo) StdoutLine: {'line': b'-- Up-to-date: /home/dxf/wheeltec_lebai_humble_2024_7_17/install/grab_demo/include/grab_demo/grab_demo/srv/detail/grab_object__functions.h\n'}
[232.684261] (grab_demo) StdoutLine: {'line': b'-- Up-to-date: /home/dxf/wheeltec_lebai_humble_2024_7_17/install/grab_demo/share/grab_demo/environment/library_path.sh\n'}
[232.684437] (grab_demo) StdoutLine: {'line': b'-- Up-to-date: /home/dxf/wheeltec_lebai_humble_2024_7_17/install/grab_demo/share/grab_demo/environment/library_path.dsv\n'}
[232.684700] (grab_demo) StdoutLine: {'line': b'-- Up-to-date: /home/dxf/wheeltec_lebai_humble_2024_7_17/install/grab_demo/lib/libgrab_demo__rosidl_generator_c.so\n'}
[232.685019] (grab_demo) StdoutLine: {'line': b'-- Up-to-date: /home/dxf/wheeltec_lebai_humble_2024_7_17/install/grab_demo/include/grab_demo/grab_demo\n'}
[232.685222] (grab_demo) StdoutLine: {'line': b'-- Up-to-date: /home/dxf/wheeltec_lebai_humble_2024_7_17/install/grab_demo/include/grab_demo/grab_demo/msg\n'}
[232.685392] (grab_demo) StdoutLine: {'line': b'-- Up-to-date: /home/dxf/wheeltec_lebai_humble_2024_7_17/install/grab_demo/include/grab_demo/grab_demo/msg/rosidl_typesupport_fastrtps_c__visibility_control.h\n'}
[232.685639] (grab_demo) StdoutLine: {'line': b'-- Up-to-date: /home/dxf/wheeltec_lebai_humble_2024_7_17/install/grab_demo/include/grab_demo/grab_demo/srv\n'}
[232.685776] (grab_demo) StdoutLine: {'line': b'-- Up-to-date: /home/dxf/wheeltec_lebai_humble_2024_7_17/install/grab_demo/include/grab_demo/grab_demo/srv/detail\n'}
[232.685902] (grab_demo) StdoutLine: {'line': b'-- Up-to-date: /home/dxf/wheeltec_lebai_humble_2024_7_17/install/grab_demo/include/grab_demo/grab_demo/srv/detail/grab_object__rosidl_typesupport_fastrtps_c.h\n'}
[232.686314] (grab_demo) StdoutLine: {'line': b'-- Up-to-date: /home/dxf/wheeltec_lebai_humble_2024_7_17/install/grab_demo/lib/libgrab_demo__rosidl_typesupport_fastrtps_c.so\n'}
[232.686526] (grab_demo) StdoutLine: {'line': b'-- Up-to-date: /home/dxf/wheeltec_lebai_humble_2024_7_17/install/grab_demo/include/grab_demo/grab_demo\n'}
[232.688908] (grab_demo) StdoutLine: {'line': b'-- Up-to-date: /home/dxf/wheeltec_lebai_humble_2024_7_17/install/grab_demo/include/grab_demo/grab_demo/msg\n'}
[232.689584] (grab_demo) StdoutLine: {'line': b'-- Up-to-date: /home/dxf/wheeltec_lebai_humble_2024_7_17/install/grab_demo/include/grab_demo/grab_demo/msg/rosidl_generator_cpp__visibility_control.hpp\n'}
[232.689874] (grab_demo) StdoutLine: {'line': b'-- Up-to-date: /home/dxf/wheeltec_lebai_humble_2024_7_17/install/grab_demo/include/grab_demo/grab_demo/srv\n'}
[232.690074] (grab_demo) StdoutLine: {'line': b'-- Up-to-date: /home/dxf/wheeltec_lebai_humble_2024_7_17/install/grab_demo/include/grab_demo/grab_demo/srv/detail\n'}
[232.690428] (grab_demo) StdoutLine: {'line': b'-- Up-to-date: /home/dxf/wheeltec_lebai_humble_2024_7_17/install/grab_demo/include/grab_demo/grab_demo/srv/detail/grab_object__traits.hpp\n'}
[232.691018] (grab_demo) StdoutLine: {'line': b'-- Up-to-date: /home/dxf/wheeltec_lebai_humble_2024_7_17/install/grab_demo/include/grab_demo/grab_demo/srv/detail/grab_object__type_support.hpp\n'}
[232.691228] (grab_demo) StdoutLine: {'line': b'-- Up-to-date: /home/dxf/wheeltec_lebai_humble_2024_7_17/install/grab_demo/include/grab_demo/grab_demo/srv/detail/grab_object__builder.hpp\n'}
[232.691371] (grab_demo) StdoutLine: {'line': b'-- Up-to-date: /home/dxf/wheeltec_lebai_humble_2024_7_17/install/grab_demo/include/grab_demo/grab_demo/srv/detail/grab_object__struct.hpp\n'}
[232.691500] (grab_demo) StdoutLine: {'line': b'-- Up-to-date: /home/dxf/wheeltec_lebai_humble_2024_7_17/install/grab_demo/include/grab_demo/grab_demo/srv/grab_object.hpp\n'}
[232.692406] (-) TimerEvent: {}
[232.705575] (grab_demo) StdoutLine: {'line': b'-- Up-to-date: /home/dxf/wheeltec_lebai_humble_2024_7_17/install/grab_demo/include/grab_demo/grab_demo\n'}
[232.706681] (grab_demo) StdoutLine: {'line': b'-- Up-to-date: /home/dxf/wheeltec_lebai_humble_2024_7_17/install/grab_demo/include/grab_demo/grab_demo/msg\n'}
[232.706986] (grab_demo) StdoutLine: {'line': b'-- Up-to-date: /home/dxf/wheeltec_lebai_humble_2024_7_17/install/grab_demo/include/grab_demo/grab_demo/msg/rosidl_typesupport_fastrtps_cpp__visibility_control.h\n'}
[232.707333] (grab_demo) StdoutLine: {'line': b'-- Up-to-date: /home/dxf/wheeltec_lebai_humble_2024_7_17/install/grab_demo/include/grab_demo/grab_demo/srv\n'}
[232.708701] (grab_demo) StdoutLine: {'line': b'-- Up-to-date: /home/dxf/wheeltec_lebai_humble_2024_7_17/install/grab_demo/include/grab_demo/grab_demo/srv/detail\n'}
[232.709651] (grab_demo) StdoutLine: {'line': b'-- Up-to-date: /home/dxf/wheeltec_lebai_humble_2024_7_17/install/grab_demo/include/grab_demo/grab_demo/srv/detail/dds_fastrtps\n'}
[232.710889] (grab_demo) StdoutLine: {'line': b'-- Up-to-date: /home/dxf/wheeltec_lebai_humble_2024_7_17/install/grab_demo/include/grab_demo/grab_demo/srv/detail/grab_object__rosidl_typesupport_fastrtps_cpp.hpp\n'}
[232.715789] (grab_demo) StdoutLine: {'line': b'-- Up-to-date: /home/dxf/wheeltec_lebai_humble_2024_7_17/install/grab_demo/lib/libgrab_demo__rosidl_typesupport_fastrtps_cpp.so\n'}
[232.724794] (grab_demo) StdoutLine: {'line': b'-- Up-to-date: /home/dxf/wheeltec_lebai_humble_2024_7_17/install/grab_demo/include/grab_demo/grab_demo\n'}
[232.725414] (grab_demo) StdoutLine: {'line': b'-- Up-to-date: /home/dxf/wheeltec_lebai_humble_2024_7_17/install/grab_demo/include/grab_demo/grab_demo/msg\n'}
[232.725695] (grab_demo) StdoutLine: {'line': b'-- Up-to-date: /home/dxf/wheeltec_lebai_humble_2024_7_17/install/grab_demo/include/grab_demo/grab_demo/msg/rosidl_typesupport_introspection_c__visibility_control.h\n'}
[232.725856] (grab_demo) StdoutLine: {'line': b'-- Up-to-date: /home/dxf/wheeltec_lebai_humble_2024_7_17/install/grab_demo/include/grab_demo/grab_demo/srv\n'}
[232.726045] (grab_demo) StdoutLine: {'line': b'-- Up-to-date: /home/dxf/wheeltec_lebai_humble_2024_7_17/install/grab_demo/include/grab_demo/grab_demo/srv/detail\n'}
[232.726290] (grab_demo) StdoutLine: {'line': b'-- Up-to-date: /home/dxf/wheeltec_lebai_humble_2024_7_17/install/grab_demo/include/grab_demo/grab_demo/srv/detail/grab_object__type_support.c\n'}
[232.726783] (grab_demo) StdoutLine: {'line': b'-- Up-to-date: /home/dxf/wheeltec_lebai_humble_2024_7_17/install/grab_demo/include/grab_demo/grab_demo/srv/detail/grab_object__rosidl_typesupport_introspection_c.h\n'}
[232.726922] (grab_demo) StdoutLine: {'line': b'-- Up-to-date: /home/dxf/wheeltec_lebai_humble_2024_7_17/install/grab_demo/lib/libgrab_demo__rosidl_typesupport_introspection_c.so\n'}
[232.727094] (grab_demo) StdoutLine: {'line': b'-- Up-to-date: /home/dxf/wheeltec_lebai_humble_2024_7_17/install/grab_demo/lib/libgrab_demo__rosidl_typesupport_c.so\n'}
[232.727249] (grab_demo) StdoutLine: {'line': b'-- Up-to-date: /home/dxf/wheeltec_lebai_humble_2024_7_17/install/grab_demo/include/grab_demo/grab_demo\n'}
[232.727594] (grab_demo) StdoutLine: {'line': b'-- Up-to-date: /home/dxf/wheeltec_lebai_humble_2024_7_17/install/grab_demo/include/grab_demo/grab_demo/srv\n'}
[232.728338] (grab_demo) StdoutLine: {'line': b'-- Up-to-date: /home/dxf/wheeltec_lebai_humble_2024_7_17/install/grab_demo/include/grab_demo/grab_demo/srv/detail\n'}
[232.729168] (grab_demo) StdoutLine: {'line': b'-- Up-to-date: /home/dxf/wheeltec_lebai_humble_2024_7_17/install/grab_demo/include/grab_demo/grab_demo/srv/detail/grab_object__rosidl_typesupport_introspection_cpp.hpp\n'}
[232.729854] (grab_demo) StdoutLine: {'line': b'-- Up-to-date: /home/dxf/wheeltec_lebai_humble_2024_7_17/install/grab_demo/include/grab_demo/grab_demo/srv/detail/grab_object__type_support.cpp\n'}
[232.738853] (grab_demo) StdoutLine: {'line': b'-- Up-to-date: /home/dxf/wheeltec_lebai_humble_2024_7_17/install/grab_demo/lib/libgrab_demo__rosidl_typesupport_introspection_cpp.so\n'}
[232.740227] (grab_demo) StdoutLine: {'line': b'-- Up-to-date: /home/dxf/wheeltec_lebai_humble_2024_7_17/install/grab_demo/lib/libgrab_demo__rosidl_typesupport_cpp.so\n'}
[232.744568] (grab_demo) StdoutLine: {'line': b'-- Up-to-date: /home/dxf/wheeltec_lebai_humble_2024_7_17/install/grab_demo/share/grab_demo/environment/pythonpath.sh\n'}
[232.745312] (grab_demo) StdoutLine: {'line': b'-- Up-to-date: /home/dxf/wheeltec_lebai_humble_2024_7_17/install/grab_demo/share/grab_demo/environment/pythonpath.dsv\n'}
[232.745506] (grab_demo) StdoutLine: {'line': b'-- Up-to-date: /home/dxf/wheeltec_lebai_humble_2024_7_17/install/grab_demo/local/lib/python3.10/dist-packages/grab_demo-0.0.0-py3.10.egg-info\n'}
[232.745655] (grab_demo) StdoutLine: {'line': b'-- Installing: /home/dxf/wheeltec_lebai_humble_2024_7_17/install/grab_demo/local/lib/python3.10/dist-packages/grab_demo-0.0.0-py3.10.egg-info/dependency_links.txt\n'}
[232.747112] (grab_demo) StdoutLine: {'line': b'-- Installing: /home/dxf/wheeltec_lebai_humble_2024_7_17/install/grab_demo/local/lib/python3.10/dist-packages/grab_demo-0.0.0-py3.10.egg-info/PKG-INFO\n'}
[232.751415] (grab_demo) StdoutLine: {'line': b'-- Installing: /home/dxf/wheeltec_lebai_humble_2024_7_17/install/grab_demo/local/lib/python3.10/dist-packages/grab_demo-0.0.0-py3.10.egg-info/top_level.txt\n'}
[232.755665] (grab_demo) StdoutLine: {'line': b'-- Installing: /home/dxf/wheeltec_lebai_humble_2024_7_17/install/grab_demo/local/lib/python3.10/dist-packages/grab_demo-0.0.0-py3.10.egg-info/SOURCES.txt\n'}
[232.760055] (grab_demo) StdoutLine: {'line': b'-- Up-to-date: /home/dxf/wheeltec_lebai_humble_2024_7_17/install/grab_demo/local/lib/python3.10/dist-packages/grab_demo\n'}
[232.761038] (grab_demo) StdoutLine: {'line': b'-- Up-to-date: /home/dxf/wheeltec_lebai_humble_2024_7_17/install/grab_demo/local/lib/python3.10/dist-packages/grab_demo/libgrab_demo__rosidl_generator_py.so\n'}
[232.761792] (grab_demo) StdoutLine: {'line': b'-- Up-to-date: /home/dxf/wheeltec_lebai_humble_2024_7_17/install/grab_demo/local/lib/python3.10/dist-packages/grab_demo/_grab_demo_s.ep.rosidl_typesupport_c.c\n'}
[232.762443] (grab_demo) StdoutLine: {'line': b'-- Up-to-date: /home/dxf/wheeltec_lebai_humble_2024_7_17/install/grab_demo/local/lib/python3.10/dist-packages/grab_demo/__init__.py\n'}
[232.762968] (grab_demo) StdoutLine: {'line': b'-- Up-to-date: /home/dxf/wheeltec_lebai_humble_2024_7_17/install/grab_demo/local/lib/python3.10/dist-packages/grab_demo/_grab_demo_s.ep.rosidl_typesupport_introspection_c.c\n'}
[232.763630] (grab_demo) StdoutLine: {'line': b'-- Up-to-date: /home/dxf/wheeltec_lebai_humble_2024_7_17/install/grab_demo/local/lib/python3.10/dist-packages/grab_demo/_grab_demo_s.ep.rosidl_typesupport_fastrtps_c.c\n'}
[232.764524] (grab_demo) StdoutLine: {'line': b'-- Up-to-date: /home/dxf/wheeltec_lebai_humble_2024_7_17/install/grab_demo/local/lib/python3.10/dist-packages/grab_demo/grab_demo_s__rosidl_typesupport_introspection_c.cpython-310-aarch64-linux-gnu.so\n'}
[232.775741] (grab_demo) StdoutLine: {'line': b'-- Up-to-date: /home/dxf/wheeltec_lebai_humble_2024_7_17/install/grab_demo/local/lib/python3.10/dist-packages/grab_demo/grab_demo_s__rosidl_typesupport_c.cpython-310-aarch64-linux-gnu.so\n'}
[232.776258] (grab_demo) StdoutLine: {'line': b'-- Up-to-date: /home/dxf/wheeltec_lebai_humble_2024_7_17/install/grab_demo/local/lib/python3.10/dist-packages/grab_demo/srv\n'}
[232.776436] (grab_demo) StdoutLine: {'line': b'-- Up-to-date: /home/dxf/wheeltec_lebai_humble_2024_7_17/install/grab_demo/local/lib/python3.10/dist-packages/grab_demo/srv/__init__.py\n'}
[232.776574] (grab_demo) StdoutLine: {'line': b'-- Up-to-date: /home/dxf/wheeltec_lebai_humble_2024_7_17/install/grab_demo/local/lib/python3.10/dist-packages/grab_demo/srv/_grab_object.py\n'}
[232.776705] (grab_demo) StdoutLine: {'line': b'-- Up-to-date: /home/dxf/wheeltec_lebai_humble_2024_7_17/install/grab_demo/local/lib/python3.10/dist-packages/grab_demo/srv/_grab_object_s.c\n'}
[232.776834] (grab_demo) StdoutLine: {'line': b'-- Up-to-date: /home/dxf/wheeltec_lebai_humble_2024_7_17/install/grab_demo/local/lib/python3.10/dist-packages/grab_demo/grab_demo_s__rosidl_typesupport_fastrtps_c.cpython-310-aarch64-linux-gnu.so\n'}
[232.792666] (-) TimerEvent: {}
[232.846751] (grab_demo) StdoutLine: {'line': b"Listing '/home/dxf/wheeltec_lebai_humble_2024_7_17/install/grab_demo/local/lib/python3.10/dist-packages/grab_demo'...\n"}
[232.847243] (grab_demo) StdoutLine: {'line': b"Listing '/home/dxf/wheeltec_lebai_humble_2024_7_17/install/grab_demo/local/lib/python3.10/dist-packages/grab_demo/srv'...\n"}
[232.860493] (grab_demo) StdoutLine: {'line': b'-- Up-to-date: /home/dxf/wheeltec_lebai_humble_2024_7_17/install/grab_demo/local/lib/python3.10/dist-packages/grab_demo/grab_demo_s__rosidl_typesupport_fastrtps_c.cpython-310-aarch64-linux-gnu.so\n'}
[232.862045] (grab_demo) StdoutLine: {'line': b'-- Up-to-date: /home/dxf/wheeltec_lebai_humble_2024_7_17/install/grab_demo/local/lib/python3.10/dist-packages/grab_demo/grab_demo_s__rosidl_typesupport_introspection_c.cpython-310-aarch64-linux-gnu.so\n'}
[232.864101] (grab_demo) StdoutLine: {'line': b'-- Up-to-date: /home/dxf/wheeltec_lebai_humble_2024_7_17/install/grab_demo/local/lib/python3.10/dist-packages/grab_demo/grab_demo_s__rosidl_typesupport_c.cpython-310-aarch64-linux-gnu.so\n'}
[232.866903] (grab_demo) StdoutLine: {'line': b'-- Up-to-date: /home/dxf/wheeltec_lebai_humble_2024_7_17/install/grab_demo/lib/libgrab_demo__rosidl_generator_py.so\n'}
[232.867232] (grab_demo) StdoutLine: {'line': b'-- Up-to-date: /home/dxf/wheeltec_lebai_humble_2024_7_17/install/grab_demo/share/grab_demo/srv/GrabObject.idl\n'}
[232.867387] (grab_demo) StdoutLine: {'line': b'-- Up-to-date: /home/dxf/wheeltec_lebai_humble_2024_7_17/install/grab_demo/share/grab_demo/srv/GrabObject.srv\n'}
[232.867516] (grab_demo) StdoutLine: {'line': b'-- Up-to-date: /home/dxf/wheeltec_lebai_humble_2024_7_17/install/grab_demo/share/grab_demo/srv/GrabObject_Request.msg\n'}
[232.867642] (grab_demo) StdoutLine: {'line': b'-- Up-to-date: /home/dxf/wheeltec_lebai_humble_2024_7_17/install/grab_demo/share/grab_demo/srv/GrabObject_Response.msg\n'}
[232.869704] (grab_demo) StdoutLine: {'line': b'-- Up-to-date: /home/dxf/wheeltec_lebai_humble_2024_7_17/install/grab_demo/lib/grab_demo/charuco_dectet_node\n'}
[232.872162] (grab_demo) StdoutLine: {'line': b'-- Installing: /home/dxf/wheeltec_lebai_humble_2024_7_17/install/grab_demo/lib/grab_demo/hand_eye\n'}
[232.892849] (-) TimerEvent: {}
[232.993619] (-) TimerEvent: {}
[233.094369] (-) TimerEvent: {}
[233.129273] (grab_demo) StdoutLine: {'line': b'-- Set runtime path of "/home/dxf/wheeltec_lebai_humble_2024_7_17/install/grab_demo/lib/grab_demo/hand_eye" to ""\n'}
[233.130353] (grab_demo) StdoutLine: {'line': b'-- Up-to-date: /home/dxf/wheeltec_lebai_humble_2024_7_17/install/grab_demo/lib/grab_demo/hsv_range\n'}
[233.131795] (grab_demo) StdoutLine: {'line': b'-- Up-to-date: /home/dxf/wheeltec_lebai_humble_2024_7_17/install/grab_demo/lib/grab_demo/aruco_dectet\n'}
[233.132950] (grab_demo) StdoutLine: {'line': b'-- Up-to-date: /home/dxf/wheeltec_lebai_humble_2024_7_17/install/grab_demo/lib/grab_demo/grab_service_node\n'}
[233.134206] (grab_demo) StdoutLine: {'line': b'-- Up-to-date: /home/dxf/wheeltec_lebai_humble_2024_7_17/install/grab_demo/lib/grab_demo/start_grab\n'}
[233.138503] (grab_demo) StdoutLine: {'line': b'-- Up-to-date: /home/dxf/wheeltec_lebai_humble_2024_7_17/install/grab_demo/lib/grab_demo/camera_info_node\n'}
[233.139043] (grab_demo) StdoutLine: {'line': b'-- Up-to-date: /home/dxf/wheeltec_lebai_humble_2024_7_17/install/grab_demo/lib/grab_demo/nav_grab\n'}
[233.139245] (grab_demo) StdoutLine: {'line': b'-- Up-to-date: /home/dxf/wheeltec_lebai_humble_2024_7_17/install/grab_demo/share/grab_demo/launch\n'}
[233.143923] (grab_demo) StdoutLine: {'line': b'-- Up-to-date: /home/dxf/wheeltec_lebai_humble_2024_7_17/install/grab_demo/share/grab_demo/launch/__pycache__\n'}
[233.153992] (grab_demo) StdoutLine: {'line': b'-- Up-to-date: /home/dxf/wheeltec_lebai_humble_2024_7_17/install/grab_demo/share/grab_demo/launch/__pycache__/start_grab.launch.cpython-310.pyc\n'}
[233.154478] (grab_demo) StdoutLine: {'line': b'-- Up-to-date: /home/dxf/wheeltec_lebai_humble_2024_7_17/install/grab_demo/share/grab_demo/launch/start_grab.launch.py\n'}
[233.154715] (grab_demo) StdoutLine: {'line': b'-- Installing: /home/dxf/wheeltec_lebai_humble_2024_7_17/install/grab_demo/share/grab_demo/launch/hand_eye.launch.py\n'}
[233.155120] (grab_demo) StdoutLine: {'line': b'-- Up-to-date: /home/dxf/wheeltec_lebai_humble_2024_7_17/install/grab_demo/share/grab_demo/launch/color_grab.launch.py\n'}
[233.155356] (grab_demo) StdoutLine: {'line': b'-- Up-to-date: /home/dxf/wheeltec_lebai_humble_2024_7_17/install/grab_demo/share/grab_demo/launch/aruco_grab.launch.py\n'}
[233.155747] (grab_demo) StdoutLine: {'line': b'-- Up-to-date: /home/dxf/wheeltec_lebai_humble_2024_7_17/install/grab_demo/share/ament_index/resource_index/package_run_dependencies/grab_demo\n'}
[233.157633] (grab_demo) StdoutLine: {'line': b'-- Up-to-date: /home/dxf/wheeltec_lebai_humble_2024_7_17/install/grab_demo/share/ament_index/resource_index/parent_prefix_path/grab_demo\n'}
[233.159226] (grab_demo) StdoutLine: {'line': b'-- Up-to-date: /home/dxf/wheeltec_lebai_humble_2024_7_17/install/grab_demo/share/grab_demo/environment/ament_prefix_path.sh\n'}
[233.159483] (grab_demo) StdoutLine: {'line': b'-- Up-to-date: /home/dxf/wheeltec_lebai_humble_2024_7_17/install/grab_demo/share/grab_demo/environment/ament_prefix_path.dsv\n'}
[233.159731] (grab_demo) StdoutLine: {'line': b'-- Up-to-date: /home/dxf/wheeltec_lebai_humble_2024_7_17/install/grab_demo/share/grab_demo/environment/path.sh\n'}
[233.159997] (grab_demo) StdoutLine: {'line': b'-- Up-to-date: /home/dxf/wheeltec_lebai_humble_2024_7_17/install/grab_demo/share/grab_demo/environment/path.dsv\n'}
[233.160264] (grab_demo) StdoutLine: {'line': b'-- Up-to-date: /home/dxf/wheeltec_lebai_humble_2024_7_17/install/grab_demo/share/grab_demo/local_setup.bash\n'}
[233.160486] (grab_demo) StdoutLine: {'line': b'-- Up-to-date: /home/dxf/wheeltec_lebai_humble_2024_7_17/install/grab_demo/share/grab_demo/local_setup.sh\n'}
[233.160619] (grab_demo) StdoutLine: {'line': b'-- Up-to-date: /home/dxf/wheeltec_lebai_humble_2024_7_17/install/grab_demo/share/grab_demo/local_setup.zsh\n'}
[233.160739] (grab_demo) StdoutLine: {'line': b'-- Up-to-date: /home/dxf/wheeltec_lebai_humble_2024_7_17/install/grab_demo/share/grab_demo/local_setup.dsv\n'}
[233.161478] (grab_demo) StdoutLine: {'line': b'-- Installing: /home/dxf/wheeltec_lebai_humble_2024_7_17/install/grab_demo/share/grab_demo/package.dsv\n'}
[233.168219] (grab_demo) StdoutLine: {'line': b'-- Up-to-date: /home/dxf/wheeltec_lebai_humble_2024_7_17/install/grab_demo/share/ament_index/resource_index/packages/grab_demo\n'}
[233.172834] (grab_demo) StdoutLine: {'line': b'-- Up-to-date: /home/dxf/wheeltec_lebai_humble_2024_7_17/install/grab_demo/share/grab_demo/cmake/export_grab_demo__rosidl_generator_cExport.cmake\n'}
[233.173297] (grab_demo) StdoutLine: {'line': b'-- Up-to-date: /home/dxf/wheeltec_lebai_humble_2024_7_17/install/grab_demo/share/grab_demo/cmake/export_grab_demo__rosidl_generator_cExport-debug.cmake\n'}
[233.173578] (grab_demo) StdoutLine: {'line': b'-- Up-to-date: /home/dxf/wheeltec_lebai_humble_2024_7_17/install/grab_demo/share/grab_demo/cmake/export_grab_demo__rosidl_typesupport_fastrtps_cExport.cmake\n'}
[233.173830] (grab_demo) StdoutLine: {'line': b'-- Up-to-date: /home/dxf/wheeltec_lebai_humble_2024_7_17/install/grab_demo/share/grab_demo/cmake/export_grab_demo__rosidl_typesupport_fastrtps_cExport-debug.cmake\n'}
[233.174576] (grab_demo) StdoutLine: {'line': b'-- Up-to-date: /home/dxf/wheeltec_lebai_humble_2024_7_17/install/grab_demo/share/grab_demo/cmake/export_grab_demo__rosidl_generator_cppExport.cmake\n'}
[233.175189] (grab_demo) StdoutLine: {'line': b'-- Up-to-date: /home/dxf/wheeltec_lebai_humble_2024_7_17/install/grab_demo/share/grab_demo/cmake/export_grab_demo__rosidl_typesupport_fastrtps_cppExport.cmake\n'}
[233.175465] (grab_demo) StdoutLine: {'line': b'-- Up-to-date: /home/dxf/wheeltec_lebai_humble_2024_7_17/install/grab_demo/share/grab_demo/cmake/export_grab_demo__rosidl_typesupport_fastrtps_cppExport-debug.cmake\n'}
[233.176990] (grab_demo) StdoutLine: {'line': b'-- Up-to-date: /home/dxf/wheeltec_lebai_humble_2024_7_17/install/grab_demo/share/grab_demo/cmake/grab_demo__rosidl_typesupport_introspection_cExport.cmake\n'}
[233.177334] (grab_demo) StdoutLine: {'line': b'-- Up-to-date: /home/dxf/wheeltec_lebai_humble_2024_7_17/install/grab_demo/share/grab_demo/cmake/grab_demo__rosidl_typesupport_introspection_cExport-debug.cmake\n'}
[233.178604] (grab_demo) StdoutLine: {'line': b'-- Up-to-date: /home/dxf/wheeltec_lebai_humble_2024_7_17/install/grab_demo/share/grab_demo/cmake/grab_demo__rosidl_typesupport_cExport.cmake\n'}
[233.178915] (grab_demo) StdoutLine: {'line': b'-- Up-to-date: /home/dxf/wheeltec_lebai_humble_2024_7_17/install/grab_demo/share/grab_demo/cmake/grab_demo__rosidl_typesupport_cExport-debug.cmake\n'}
[233.182549] (grab_demo) StdoutLine: {'line': b'-- Up-to-date: /home/dxf/wheeltec_lebai_humble_2024_7_17/install/grab_demo/share/grab_demo/cmake/grab_demo__rosidl_typesupport_introspection_cppExport.cmake\n'}
[233.183015] (grab_demo) StdoutLine: {'line': b'-- Up-to-date: /home/dxf/wheeltec_lebai_humble_2024_7_17/install/grab_demo/share/grab_demo/cmake/grab_demo__rosidl_typesupport_introspection_cppExport-debug.cmake\n'}
[233.183207] (grab_demo) StdoutLine: {'line': b'-- Up-to-date: /home/dxf/wheeltec_lebai_humble_2024_7_17/install/grab_demo/share/grab_demo/cmake/grab_demo__rosidl_typesupport_cppExport.cmake\n'}
[233.183875] (grab_demo) StdoutLine: {'line': b'-- Up-to-date: /home/dxf/wheeltec_lebai_humble_2024_7_17/install/grab_demo/share/grab_demo/cmake/grab_demo__rosidl_typesupport_cppExport-debug.cmake\n'}
[233.189456] (grab_demo) StdoutLine: {'line': b'-- Up-to-date: /home/dxf/wheeltec_lebai_humble_2024_7_17/install/grab_demo/share/grab_demo/cmake/export_grab_demo__rosidl_generator_pyExport.cmake\n'}
[233.190005] (grab_demo) StdoutLine: {'line': b'-- Up-to-date: /home/dxf/wheeltec_lebai_humble_2024_7_17/install/grab_demo/share/grab_demo/cmake/export_grab_demo__rosidl_generator_pyExport-debug.cmake\n'}
[233.190187] (grab_demo) StdoutLine: {'line': b'-- Up-to-date: /home/dxf/wheeltec_lebai_humble_2024_7_17/install/grab_demo/share/grab_demo/cmake/rosidl_cmake-extras.cmake\n'}
[233.191500] (grab_demo) StdoutLine: {'line': b'-- Up-to-date: /home/dxf/wheeltec_lebai_humble_2024_7_17/install/grab_demo/share/grab_demo/cmake/ament_cmake_export_include_directories-extras.cmake\n'}
[233.192082] (grab_demo) StdoutLine: {'line': b'-- Up-to-date: /home/dxf/wheeltec_lebai_humble_2024_7_17/install/grab_demo/share/grab_demo/cmake/ament_cmake_export_libraries-extras.cmake\n'}
[233.192252] (grab_demo) StdoutLine: {'line': b'-- Up-to-date: /home/dxf/wheeltec_lebai_humble_2024_7_17/install/grab_demo/share/grab_demo/cmake/ament_cmake_export_targets-extras.cmake\n'}
[233.192392] (grab_demo) StdoutLine: {'line': b'-- Up-to-date: /home/dxf/wheeltec_lebai_humble_2024_7_17/install/grab_demo/share/grab_demo/cmake/rosidl_cmake_export_typesupport_targets-extras.cmake\n'}
[233.192835] (grab_demo) StdoutLine: {'line': b'-- Up-to-date: /home/dxf/wheeltec_lebai_humble_2024_7_17/install/grab_demo/share/grab_demo/cmake/ament_cmake_export_dependencies-extras.cmake\n'}
[233.193382] (grab_demo) StdoutLine: {'line': b'-- Up-to-date: /home/dxf/wheeltec_lebai_humble_2024_7_17/install/grab_demo/share/grab_demo/cmake/rosidl_cmake_export_typesupport_libraries-extras.cmake\n'}
[233.193564] (grab_demo) StdoutLine: {'line': b'-- Up-to-date: /home/dxf/wheeltec_lebai_humble_2024_7_17/install/grab_demo/share/grab_demo/cmake/grab_demoConfig.cmake\n'}
[233.193699] (grab_demo) StdoutLine: {'line': b'-- Up-to-date: /home/dxf/wheeltec_lebai_humble_2024_7_17/install/grab_demo/share/grab_demo/cmake/grab_demoConfig-version.cmake\n'}
[233.193822] (grab_demo) StdoutLine: {'line': b'-- Up-to-date: /home/dxf/wheeltec_lebai_humble_2024_7_17/install/grab_demo/share/grab_demo/package.xml\n'}
[233.194437] (-) TimerEvent: {}
[233.205209] (grab_demo) CommandEnded: {'returncode': 0}
[233.294615] (-) TimerEvent: {}
[233.397265] (-) TimerEvent: {}
[233.497866] (-) TimerEvent: {}
[233.594713] (grab_demo) JobEnded: {'identifier': 'grab_demo', 'rc': 0}
[233.608777] (-) TimerEvent: {}
[233.609313] (-) EventReactorShutdown: {}
