[0.491s] DEBUG:colcon:Command line arguments: ['/usr/bin/colcon', 'build']
[0.492s] DEBUG:colcon:Parsed command line arguments: Namespace(log_base=None, log_level=None, verb_name='build', build_base='build', install_base='install', merge_install=False, symlink_install=False, test_result_base=None, continue_on_error=False, executor='parallel', parallel_workers=6, event_handlers=None, ignore_user_meta=False, metas=['./colcon.meta'], base_paths=['.'], packages_ignore=None, packages_ignore_regex=None, paths=None, packages_up_to=None, packages_up_to_regex=None, packages_above=None, packages_above_and_dependencies=None, packages_above_depth=None, packages_select_by_dep=None, packages_skip_by_dep=None, packages_skip_up_to=None, packages_select_build_failed=False, packages_skip_build_finished=False, packages_select_test_failures=False, packages_skip_test_passed=False, packages_select=None, packages_skip=None, packages_select_regex=None, packages_skip_regex=None, packages_start=None, packages_end=None, allow_overriding=[], cmake_args=None, cmake_target=None, cmake_target_skip_unavailable=False, cmake_clean_cache=False, cmake_clean_first=False, cmake_force_configure=False, ament_cmake_args=None, catkin_cmake_args=None, catkin_skip_building_tests=False, verb_parser=<colcon_defaults.argument_parser.defaults.DefaultArgumentsDecorator object at 0xffff8b2cf820>, verb_extension=<colcon_core.verb.build.BuildVerb object at 0xffff8b2cf310>, main=<bound method BuildVerb.main of <colcon_core.verb.build.BuildVerb object at 0xffff8b2cf310>>)
[1.061s] Level 1:colcon.colcon_core.package_discovery:discover_packages(colcon_meta) check parameters
[1.061s] Level 1:colcon.colcon_core.package_discovery:discover_packages(recursive) check parameters
[1.061s] Level 1:colcon.colcon_core.package_discovery:discover_packages(ignore) check parameters
[1.061s] Level 1:colcon.colcon_core.package_discovery:discover_packages(path) check parameters
[1.062s] Level 1:colcon.colcon_core.package_discovery:discover_packages(colcon_meta) discover
[1.062s] Level 1:colcon.colcon_core.package_discovery:discover_packages(recursive) discover
[1.062s] INFO:colcon.colcon_core.package_discovery:Crawling recursively for packages in '/home/dxf/wheeltec_lebai_humble_2024_7_17'
[1.062s] Level 1:colcon.colcon_core.package_identification:_identify(.) by extensions ['ignore', 'ignore_ament_install']
[1.062s] Level 1:colcon.colcon_core.package_identification:_identify(.) by extension 'ignore'
[1.062s] Level 1:colcon.colcon_core.package_identification:_identify(.) by extension 'ignore_ament_install'
[1.063s] Level 1:colcon.colcon_core.package_identification:_identify(.) by extensions ['colcon_pkg']
[1.063s] Level 1:colcon.colcon_core.package_identification:_identify(.) by extension 'colcon_pkg'
[1.063s] Level 1:colcon.colcon_core.package_identification:_identify(.) by extensions ['colcon_meta']
[1.063s] Level 1:colcon.colcon_core.package_identification:_identify(.) by extension 'colcon_meta'
[1.063s] Level 1:colcon.colcon_core.package_identification:_identify(.) by extensions ['ros']
[1.063s] Level 1:colcon.colcon_core.package_identification:_identify(.) by extension 'ros'
[1.093s] Level 1:colcon.colcon_core.package_identification:_identify(.) by extensions ['cmake', 'python']
[1.093s] Level 1:colcon.colcon_core.package_identification:_identify(.) by extension 'cmake'
[1.093s] Level 1:colcon.colcon_core.package_identification:_identify(.) by extension 'python'
[1.093s] Level 1:colcon.colcon_core.package_identification:_identify(.) by extensions ['python_setup_py']
[1.094s] Level 1:colcon.colcon_core.package_identification:_identify(.) by extension 'python_setup_py'
[1.094s] Level 1:colcon.colcon_core.package_identification:_identify(build) by extensions ['ignore', 'ignore_ament_install']
[1.094s] Level 1:colcon.colcon_core.package_identification:_identify(build) by extension 'ignore'
[1.094s] Level 1:colcon.colcon_core.package_identification:_identify(build) ignored
[1.095s] Level 1:colcon.colcon_core.package_identification:_identify(install) by extensions ['ignore', 'ignore_ament_install']
[1.095s] Level 1:colcon.colcon_core.package_identification:_identify(install) by extension 'ignore'
[1.095s] Level 1:colcon.colcon_core.package_identification:_identify(install) ignored
[1.095s] Level 1:colcon.colcon_core.package_identification:_identify(log) by extensions ['ignore', 'ignore_ament_install']
[1.096s] Level 1:colcon.colcon_core.package_identification:_identify(log) by extension 'ignore'
[1.096s] Level 1:colcon.colcon_core.package_identification:_identify(log) ignored
[1.096s] Level 1:colcon.colcon_core.package_identification:_identify(src) by extensions ['ignore', 'ignore_ament_install']
[1.096s] Level 1:colcon.colcon_core.package_identification:_identify(src) by extension 'ignore'
[1.096s] Level 1:colcon.colcon_core.package_identification:_identify(src) by extension 'ignore_ament_install'
[1.096s] Level 1:colcon.colcon_core.package_identification:_identify(src) by extensions ['colcon_pkg']
[1.097s] Level 1:colcon.colcon_core.package_identification:_identify(src) by extension 'colcon_pkg'
[1.097s] Level 1:colcon.colcon_core.package_identification:_identify(src) by extensions ['colcon_meta']
[1.097s] Level 1:colcon.colcon_core.package_identification:_identify(src) by extension 'colcon_meta'
[1.097s] Level 1:colcon.colcon_core.package_identification:_identify(src) by extensions ['ros']
[1.097s] Level 1:colcon.colcon_core.package_identification:_identify(src) by extension 'ros'
[1.097s] Level 1:colcon.colcon_core.package_identification:_identify(src) by extensions ['cmake', 'python']
[1.097s] Level 1:colcon.colcon_core.package_identification:_identify(src) by extension 'cmake'
[1.097s] Level 1:colcon.colcon_core.package_identification:_identify(src) by extension 'python'
[1.097s] Level 1:colcon.colcon_core.package_identification:_identify(src) by extensions ['python_setup_py']
[1.098s] Level 1:colcon.colcon_core.package_identification:_identify(src) by extension 'python_setup_py'
[1.098s] Level 1:colcon.colcon_core.package_identification:_identify(src/arm_demo) by extensions ['ignore', 'ignore_ament_install']
[1.098s] Level 1:colcon.colcon_core.package_identification:_identify(src/arm_demo) by extension 'ignore'
[1.098s] Level 1:colcon.colcon_core.package_identification:_identify(src/arm_demo) by extension 'ignore_ament_install'
[1.098s] Level 1:colcon.colcon_core.package_identification:_identify(src/arm_demo) by extensions ['colcon_pkg']
[1.098s] Level 1:colcon.colcon_core.package_identification:_identify(src/arm_demo) by extension 'colcon_pkg'
[1.098s] Level 1:colcon.colcon_core.package_identification:_identify(src/arm_demo) by extensions ['colcon_meta']
[1.099s] Level 1:colcon.colcon_core.package_identification:_identify(src/arm_demo) by extension 'colcon_meta'
[1.099s] Level 1:colcon.colcon_core.package_identification:_identify(src/arm_demo) by extensions ['ros']
[1.099s] Level 1:colcon.colcon_core.package_identification:_identify(src/arm_demo) by extension 'ros'
[1.106s] DEBUG:colcon.colcon_core.package_identification:Package 'src/arm_demo' with type 'ros.ament_cmake' and name 'arm_demo'
[1.107s] Level 1:colcon.colcon_core.package_identification:_identify(src/grab_demo) by extensions ['ignore', 'ignore_ament_install']
[1.107s] Level 1:colcon.colcon_core.package_identification:_identify(src/grab_demo) by extension 'ignore'
[1.107s] Level 1:colcon.colcon_core.package_identification:_identify(src/grab_demo) by extension 'ignore_ament_install'
[1.107s] Level 1:colcon.colcon_core.package_identification:_identify(src/grab_demo) by extensions ['colcon_pkg']
[1.107s] Level 1:colcon.colcon_core.package_identification:_identify(src/grab_demo) by extension 'colcon_pkg'
[1.108s] Level 1:colcon.colcon_core.package_identification:_identify(src/grab_demo) by extensions ['colcon_meta']
[1.108s] Level 1:colcon.colcon_core.package_identification:_identify(src/grab_demo) by extension 'colcon_meta'
[1.108s] Level 1:colcon.colcon_core.package_identification:_identify(src/grab_demo) by extensions ['ros']
[1.108s] Level 1:colcon.colcon_core.package_identification:_identify(src/grab_demo) by extension 'ros'
[1.110s] DEBUG:colcon.colcon_core.package_identification:Package 'src/grab_demo' with type 'ros.ament_cmake' and name 'grab_demo'
[1.111s] Level 1:colcon.colcon_core.package_identification:_identify(src/lebai-ros-sdk-humble-dev) by extensions ['ignore', 'ignore_ament_install']
[1.111s] Level 1:colcon.colcon_core.package_identification:_identify(src/lebai-ros-sdk-humble-dev) by extension 'ignore'
[1.111s] Level 1:colcon.colcon_core.package_identification:_identify(src/lebai-ros-sdk-humble-dev) by extension 'ignore_ament_install'
[1.111s] Level 1:colcon.colcon_core.package_identification:_identify(src/lebai-ros-sdk-humble-dev) by extensions ['colcon_pkg']
[1.111s] Level 1:colcon.colcon_core.package_identification:_identify(src/lebai-ros-sdk-humble-dev) by extension 'colcon_pkg'
[1.111s] Level 1:colcon.colcon_core.package_identification:_identify(src/lebai-ros-sdk-humble-dev) by extensions ['colcon_meta']
[1.112s] Level 1:colcon.colcon_core.package_identification:_identify(src/lebai-ros-sdk-humble-dev) by extension 'colcon_meta'
[1.112s] Level 1:colcon.colcon_core.package_identification:_identify(src/lebai-ros-sdk-humble-dev) by extensions ['ros']
[1.112s] Level 1:colcon.colcon_core.package_identification:_identify(src/lebai-ros-sdk-humble-dev) by extension 'ros'
[1.112s] Level 1:colcon.colcon_core.package_identification:_identify(src/lebai-ros-sdk-humble-dev) by extensions ['cmake', 'python']
[1.112s] Level 1:colcon.colcon_core.package_identification:_identify(src/lebai-ros-sdk-humble-dev) by extension 'cmake'
[1.112s] Level 1:colcon.colcon_core.package_identification:_identify(src/lebai-ros-sdk-humble-dev) by extension 'python'
[1.112s] Level 1:colcon.colcon_core.package_identification:_identify(src/lebai-ros-sdk-humble-dev) by extensions ['python_setup_py']
[1.112s] Level 1:colcon.colcon_core.package_identification:_identify(src/lebai-ros-sdk-humble-dev) by extension 'python_setup_py'
[1.113s] Level 1:colcon.colcon_core.package_identification:_identify(src/lebai-ros-sdk-humble-dev/lebai_driver) by extensions ['ignore', 'ignore_ament_install']
[1.113s] Level 1:colcon.colcon_core.package_identification:_identify(src/lebai-ros-sdk-humble-dev/lebai_driver) by extension 'ignore'
[1.113s] Level 1:colcon.colcon_core.package_identification:_identify(src/lebai-ros-sdk-humble-dev/lebai_driver) by extension 'ignore_ament_install'
[1.113s] Level 1:colcon.colcon_core.package_identification:_identify(src/lebai-ros-sdk-humble-dev/lebai_driver) by extensions ['colcon_pkg']
[1.113s] Level 1:colcon.colcon_core.package_identification:_identify(src/lebai-ros-sdk-humble-dev/lebai_driver) by extension 'colcon_pkg'
[1.114s] Level 1:colcon.colcon_core.package_identification:_identify(src/lebai-ros-sdk-humble-dev/lebai_driver) by extensions ['colcon_meta']
[1.114s] Level 1:colcon.colcon_core.package_identification:_identify(src/lebai-ros-sdk-humble-dev/lebai_driver) by extension 'colcon_meta'
[1.114s] Level 1:colcon.colcon_core.package_identification:_identify(src/lebai-ros-sdk-humble-dev/lebai_driver) by extensions ['ros']
[1.114s] Level 1:colcon.colcon_core.package_identification:_identify(src/lebai-ros-sdk-humble-dev/lebai_driver) by extension 'ros'
[1.116s] DEBUG:colcon.colcon_core.package_identification:Package 'src/lebai-ros-sdk-humble-dev/lebai_driver' with type 'ros.ament_python' and name 'lebai_driver'
[1.116s] Level 1:colcon.colcon_core.package_identification:_identify(src/lebai-ros-sdk-humble-dev/lebai_interfaces) by extensions ['ignore', 'ignore_ament_install']
[1.116s] Level 1:colcon.colcon_core.package_identification:_identify(src/lebai-ros-sdk-humble-dev/lebai_interfaces) by extension 'ignore'
[1.117s] Level 1:colcon.colcon_core.package_identification:_identify(src/lebai-ros-sdk-humble-dev/lebai_interfaces) by extension 'ignore_ament_install'
[1.117s] Level 1:colcon.colcon_core.package_identification:_identify(src/lebai-ros-sdk-humble-dev/lebai_interfaces) by extensions ['colcon_pkg']
[1.117s] Level 1:colcon.colcon_core.package_identification:_identify(src/lebai-ros-sdk-humble-dev/lebai_interfaces) by extension 'colcon_pkg'
[1.117s] Level 1:colcon.colcon_core.package_identification:_identify(src/lebai-ros-sdk-humble-dev/lebai_interfaces) by extensions ['colcon_meta']
[1.117s] Level 1:colcon.colcon_core.package_identification:_identify(src/lebai-ros-sdk-humble-dev/lebai_interfaces) by extension 'colcon_meta'
[1.117s] Level 1:colcon.colcon_core.package_identification:_identify(src/lebai-ros-sdk-humble-dev/lebai_interfaces) by extensions ['ros']
[1.117s] Level 1:colcon.colcon_core.package_identification:_identify(src/lebai-ros-sdk-humble-dev/lebai_interfaces) by extension 'ros'
[1.120s] DEBUG:colcon.colcon_core.package_identification:Package 'src/lebai-ros-sdk-humble-dev/lebai_interfaces' with type 'ros.ament_cmake' and name 'lebai_interfaces'
[1.120s] Level 1:colcon.colcon_core.package_identification:_identify(src/lebai-ros-sdk-humble-dev/lebai_lm3_moveit_config) by extensions ['ignore', 'ignore_ament_install']
[1.120s] Level 1:colcon.colcon_core.package_identification:_identify(src/lebai-ros-sdk-humble-dev/lebai_lm3_moveit_config) by extension 'ignore'
[1.121s] Level 1:colcon.colcon_core.package_identification:_identify(src/lebai-ros-sdk-humble-dev/lebai_lm3_moveit_config) by extension 'ignore_ament_install'
[1.121s] Level 1:colcon.colcon_core.package_identification:_identify(src/lebai-ros-sdk-humble-dev/lebai_lm3_moveit_config) by extensions ['colcon_pkg']
[1.121s] Level 1:colcon.colcon_core.package_identification:_identify(src/lebai-ros-sdk-humble-dev/lebai_lm3_moveit_config) by extension 'colcon_pkg'
[1.121s] Level 1:colcon.colcon_core.package_identification:_identify(src/lebai-ros-sdk-humble-dev/lebai_lm3_moveit_config) by extensions ['colcon_meta']
[1.121s] Level 1:colcon.colcon_core.package_identification:_identify(src/lebai-ros-sdk-humble-dev/lebai_lm3_moveit_config) by extension 'colcon_meta'
[1.121s] Level 1:colcon.colcon_core.package_identification:_identify(src/lebai-ros-sdk-humble-dev/lebai_lm3_moveit_config) by extensions ['ros']
[1.121s] Level 1:colcon.colcon_core.package_identification:_identify(src/lebai-ros-sdk-humble-dev/lebai_lm3_moveit_config) by extension 'ros'
[1.123s] DEBUG:colcon.colcon_core.package_identification:Package 'src/lebai-ros-sdk-humble-dev/lebai_lm3_moveit_config' with type 'ros.ament_cmake' and name 'lebai_lm3_moveit_config'
[1.123s] Level 1:colcon.colcon_core.package_identification:_identify(src/lebai-ros-sdk-humble-dev/lebai_lm3_support) by extensions ['ignore', 'ignore_ament_install']
[1.124s] Level 1:colcon.colcon_core.package_identification:_identify(src/lebai-ros-sdk-humble-dev/lebai_lm3_support) by extension 'ignore'
[1.124s] Level 1:colcon.colcon_core.package_identification:_identify(src/lebai-ros-sdk-humble-dev/lebai_lm3_support) by extension 'ignore_ament_install'
[1.124s] Level 1:colcon.colcon_core.package_identification:_identify(src/lebai-ros-sdk-humble-dev/lebai_lm3_support) by extensions ['colcon_pkg']
[1.124s] Level 1:colcon.colcon_core.package_identification:_identify(src/lebai-ros-sdk-humble-dev/lebai_lm3_support) by extension 'colcon_pkg'
[1.124s] Level 1:colcon.colcon_core.package_identification:_identify(src/lebai-ros-sdk-humble-dev/lebai_lm3_support) by extensions ['colcon_meta']
[1.124s] Level 1:colcon.colcon_core.package_identification:_identify(src/lebai-ros-sdk-humble-dev/lebai_lm3_support) by extension 'colcon_meta'
[1.124s] Level 1:colcon.colcon_core.package_identification:_identify(src/lebai-ros-sdk-humble-dev/lebai_lm3_support) by extensions ['ros']
[1.125s] Level 1:colcon.colcon_core.package_identification:_identify(src/lebai-ros-sdk-humble-dev/lebai_lm3_support) by extension 'ros'
[1.126s] DEBUG:colcon.colcon_core.package_identification:Package 'src/lebai-ros-sdk-humble-dev/lebai_lm3_support' with type 'ros.ament_cmake' and name 'lebai_lm3_support'
[1.126s] Level 1:colcon.colcon_core.package_identification:_identify(src/lebai-ros-sdk-humble-dev/lebai_resources) by extensions ['ignore', 'ignore_ament_install']
[1.126s] Level 1:colcon.colcon_core.package_identification:_identify(src/lebai-ros-sdk-humble-dev/lebai_resources) by extension 'ignore'
[1.127s] Level 1:colcon.colcon_core.package_identification:_identify(src/lebai-ros-sdk-humble-dev/lebai_resources) by extension 'ignore_ament_install'
[1.127s] Level 1:colcon.colcon_core.package_identification:_identify(src/lebai-ros-sdk-humble-dev/lebai_resources) by extensions ['colcon_pkg']
[1.127s] Level 1:colcon.colcon_core.package_identification:_identify(src/lebai-ros-sdk-humble-dev/lebai_resources) by extension 'colcon_pkg'
[1.127s] Level 1:colcon.colcon_core.package_identification:_identify(src/lebai-ros-sdk-humble-dev/lebai_resources) by extensions ['colcon_meta']
[1.127s] Level 1:colcon.colcon_core.package_identification:_identify(src/lebai-ros-sdk-humble-dev/lebai_resources) by extension 'colcon_meta'
[1.127s] Level 1:colcon.colcon_core.package_identification:_identify(src/lebai-ros-sdk-humble-dev/lebai_resources) by extensions ['ros']
[1.127s] Level 1:colcon.colcon_core.package_identification:_identify(src/lebai-ros-sdk-humble-dev/lebai_resources) by extension 'ros'
[1.129s] DEBUG:colcon.colcon_core.package_identification:Package 'src/lebai-ros-sdk-humble-dev/lebai_resources' with type 'ros.ament_cmake' and name 'lebai_resources'
[1.129s] Level 1:colcon.colcon_core.package_identification:_identify(src/lebai-ros-sdk-humble-dev/lebai_tutorials) by extensions ['ignore', 'ignore_ament_install']
[1.129s] Level 1:colcon.colcon_core.package_identification:_identify(src/lebai-ros-sdk-humble-dev/lebai_tutorials) by extension 'ignore'
[1.129s] Level 1:colcon.colcon_core.package_identification:_identify(src/lebai-ros-sdk-humble-dev/lebai_tutorials) by extension 'ignore_ament_install'
[1.129s] Level 1:colcon.colcon_core.package_identification:_identify(src/lebai-ros-sdk-humble-dev/lebai_tutorials) by extensions ['colcon_pkg']
[1.129s] Level 1:colcon.colcon_core.package_identification:_identify(src/lebai-ros-sdk-humble-dev/lebai_tutorials) by extension 'colcon_pkg'
[1.130s] Level 1:colcon.colcon_core.package_identification:_identify(src/lebai-ros-sdk-humble-dev/lebai_tutorials) by extensions ['colcon_meta']
[1.130s] Level 1:colcon.colcon_core.package_identification:_identify(src/lebai-ros-sdk-humble-dev/lebai_tutorials) by extension 'colcon_meta'
[1.130s] Level 1:colcon.colcon_core.package_identification:_identify(src/lebai-ros-sdk-humble-dev/lebai_tutorials) by extensions ['ros']
[1.130s] Level 1:colcon.colcon_core.package_identification:_identify(src/lebai-ros-sdk-humble-dev/lebai_tutorials) by extension 'ros'
[1.132s] DEBUG:colcon.colcon_core.package_identification:Package 'src/lebai-ros-sdk-humble-dev/lebai_tutorials' with type 'ros.ament_cmake' and name 'lebai_tutorials'
[1.132s] Level 1:colcon.colcon_core.package_discovery:discover_packages(recursive) using defaults
[1.132s] Level 1:colcon.colcon_core.package_discovery:discover_packages(ignore) discover
[1.132s] Level 1:colcon.colcon_core.package_discovery:discover_packages(ignore) using defaults
[1.132s] Level 1:colcon.colcon_core.package_discovery:discover_packages(path) discover
[1.132s] Level 1:colcon.colcon_core.package_discovery:discover_packages(path) using defaults
[1.246s] Level 1:colcon.colcon_core.package_discovery:discover_packages(prefix_path) check parameters
[1.247s] Level 1:colcon.colcon_core.package_discovery:discover_packages(prefix_path) discover
[1.262s] DEBUG:colcon.colcon_installed_package_information.package_discovery:Found 44 installed packages in /home/dxf/WHEELTEC_S300Pro_mini/install
[1.266s] DEBUG:colcon.colcon_installed_package_information.package_discovery:Found 393 installed packages in /opt/ros/humble
[1.270s] Level 1:colcon.colcon_core.package_discovery:discover_packages(prefix_path) using defaults
[1.441s] Level 5:colcon.colcon_core.verb:set package 'arm_demo' build argument 'cmake_args' from command line to 'None'
[1.442s] Level 5:colcon.colcon_core.verb:set package 'arm_demo' build argument 'cmake_target' from command line to 'None'
[1.442s] Level 5:colcon.colcon_core.verb:set package 'arm_demo' build argument 'cmake_target_skip_unavailable' from command line to 'False'
[1.442s] Level 5:colcon.colcon_core.verb:set package 'arm_demo' build argument 'cmake_clean_cache' from command line to 'False'
[1.442s] Level 5:colcon.colcon_core.verb:set package 'arm_demo' build argument 'cmake_clean_first' from command line to 'False'
[1.442s] Level 5:colcon.colcon_core.verb:set package 'arm_demo' build argument 'cmake_force_configure' from command line to 'False'
[1.442s] Level 5:colcon.colcon_core.verb:set package 'arm_demo' build argument 'ament_cmake_args' from command line to 'None'
[1.442s] Level 5:colcon.colcon_core.verb:set package 'arm_demo' build argument 'catkin_cmake_args' from command line to 'None'
[1.442s] Level 5:colcon.colcon_core.verb:set package 'arm_demo' build argument 'catkin_skip_building_tests' from command line to 'False'
[1.442s] DEBUG:colcon.colcon_core.verb:Building package 'arm_demo' with the following arguments: {'ament_cmake_args': None, 'build_base': '/home/dxf/wheeltec_lebai_humble_2024_7_17/build/arm_demo', 'catkin_cmake_args': None, 'catkin_skip_building_tests': False, 'cmake_args': None, 'cmake_clean_cache': False, 'cmake_clean_first': False, 'cmake_force_configure': False, 'cmake_target': None, 'cmake_target_skip_unavailable': False, 'install_base': '/home/dxf/wheeltec_lebai_humble_2024_7_17/install/arm_demo', 'merge_install': False, 'path': '/home/dxf/wheeltec_lebai_humble_2024_7_17/src/arm_demo', 'symlink_install': False, 'test_result_base': None}
[1.443s] Level 5:colcon.colcon_core.verb:set package 'grab_demo' build argument 'cmake_args' from command line to 'None'
[1.443s] Level 5:colcon.colcon_core.verb:set package 'grab_demo' build argument 'cmake_target' from command line to 'None'
[1.444s] Level 5:colcon.colcon_core.verb:set package 'grab_demo' build argument 'cmake_target_skip_unavailable' from command line to 'False'
[1.444s] Level 5:colcon.colcon_core.verb:set package 'grab_demo' build argument 'cmake_clean_cache' from command line to 'False'
[1.444s] Level 5:colcon.colcon_core.verb:set package 'grab_demo' build argument 'cmake_clean_first' from command line to 'False'
[1.444s] Level 5:colcon.colcon_core.verb:set package 'grab_demo' build argument 'cmake_force_configure' from command line to 'False'
[1.444s] Level 5:colcon.colcon_core.verb:set package 'grab_demo' build argument 'ament_cmake_args' from command line to 'None'
[1.444s] Level 5:colcon.colcon_core.verb:set package 'grab_demo' build argument 'catkin_cmake_args' from command line to 'None'
[1.444s] Level 5:colcon.colcon_core.verb:set package 'grab_demo' build argument 'catkin_skip_building_tests' from command line to 'False'
[1.444s] DEBUG:colcon.colcon_core.verb:Building package 'grab_demo' with the following arguments: {'ament_cmake_args': None, 'build_base': '/home/dxf/wheeltec_lebai_humble_2024_7_17/build/grab_demo', 'catkin_cmake_args': None, 'catkin_skip_building_tests': False, 'cmake_args': None, 'cmake_clean_cache': False, 'cmake_clean_first': False, 'cmake_force_configure': False, 'cmake_target': None, 'cmake_target_skip_unavailable': False, 'install_base': '/home/dxf/wheeltec_lebai_humble_2024_7_17/install/grab_demo', 'merge_install': False, 'path': '/home/dxf/wheeltec_lebai_humble_2024_7_17/src/grab_demo', 'symlink_install': False, 'test_result_base': None}
[1.446s] Level 5:colcon.colcon_core.verb:set package 'lebai_driver' build argument 'cmake_args' from command line to 'None'
[1.446s] Level 5:colcon.colcon_core.verb:set package 'lebai_driver' build argument 'cmake_target' from command line to 'None'
[1.447s] Level 5:colcon.colcon_core.verb:set package 'lebai_driver' build argument 'cmake_target_skip_unavailable' from command line to 'False'
[1.447s] Level 5:colcon.colcon_core.verb:set package 'lebai_driver' build argument 'cmake_clean_cache' from command line to 'False'
[1.447s] Level 5:colcon.colcon_core.verb:set package 'lebai_driver' build argument 'cmake_clean_first' from command line to 'False'
[1.447s] Level 5:colcon.colcon_core.verb:set package 'lebai_driver' build argument 'cmake_force_configure' from command line to 'False'
[1.447s] Level 5:colcon.colcon_core.verb:set package 'lebai_driver' build argument 'ament_cmake_args' from command line to 'None'
[1.447s] Level 5:colcon.colcon_core.verb:set package 'lebai_driver' build argument 'catkin_cmake_args' from command line to 'None'
[1.447s] Level 5:colcon.colcon_core.verb:set package 'lebai_driver' build argument 'catkin_skip_building_tests' from command line to 'False'
[1.447s] DEBUG:colcon.colcon_core.verb:Building package 'lebai_driver' with the following arguments: {'ament_cmake_args': None, 'build_base': '/home/dxf/wheeltec_lebai_humble_2024_7_17/build/lebai_driver', 'catkin_cmake_args': None, 'catkin_skip_building_tests': False, 'cmake_args': None, 'cmake_clean_cache': False, 'cmake_clean_first': False, 'cmake_force_configure': False, 'cmake_target': None, 'cmake_target_skip_unavailable': False, 'install_base': '/home/dxf/wheeltec_lebai_humble_2024_7_17/install/lebai_driver', 'merge_install': False, 'path': '/home/dxf/wheeltec_lebai_humble_2024_7_17/src/lebai-ros-sdk-humble-dev/lebai_driver', 'symlink_install': False, 'test_result_base': None}
[1.448s] Level 5:colcon.colcon_core.verb:set package 'lebai_interfaces' build argument 'cmake_args' from command line to 'None'
[1.448s] Level 5:colcon.colcon_core.verb:set package 'lebai_interfaces' build argument 'cmake_target' from command line to 'None'
[1.448s] Level 5:colcon.colcon_core.verb:set package 'lebai_interfaces' build argument 'cmake_target_skip_unavailable' from command line to 'False'
[1.448s] Level 5:colcon.colcon_core.verb:set package 'lebai_interfaces' build argument 'cmake_clean_cache' from command line to 'False'
[1.448s] Level 5:colcon.colcon_core.verb:set package 'lebai_interfaces' build argument 'cmake_clean_first' from command line to 'False'
[1.448s] Level 5:colcon.colcon_core.verb:set package 'lebai_interfaces' build argument 'cmake_force_configure' from command line to 'False'
[1.448s] Level 5:colcon.colcon_core.verb:set package 'lebai_interfaces' build argument 'ament_cmake_args' from command line to 'None'
[1.448s] Level 5:colcon.colcon_core.verb:set package 'lebai_interfaces' build argument 'catkin_cmake_args' from command line to 'None'
[1.448s] Level 5:colcon.colcon_core.verb:set package 'lebai_interfaces' build argument 'catkin_skip_building_tests' from command line to 'False'
[1.448s] DEBUG:colcon.colcon_core.verb:Building package 'lebai_interfaces' with the following arguments: {'ament_cmake_args': None, 'build_base': '/home/dxf/wheeltec_lebai_humble_2024_7_17/build/lebai_interfaces', 'catkin_cmake_args': None, 'catkin_skip_building_tests': False, 'cmake_args': None, 'cmake_clean_cache': False, 'cmake_clean_first': False, 'cmake_force_configure': False, 'cmake_target': None, 'cmake_target_skip_unavailable': False, 'install_base': '/home/dxf/wheeltec_lebai_humble_2024_7_17/install/lebai_interfaces', 'merge_install': False, 'path': '/home/dxf/wheeltec_lebai_humble_2024_7_17/src/lebai-ros-sdk-humble-dev/lebai_interfaces', 'symlink_install': False, 'test_result_base': None}
[1.449s] Level 5:colcon.colcon_core.verb:set package 'lebai_lm3_support' build argument 'cmake_args' from command line to 'None'
[1.449s] Level 5:colcon.colcon_core.verb:set package 'lebai_lm3_support' build argument 'cmake_target' from command line to 'None'
[1.449s] Level 5:colcon.colcon_core.verb:set package 'lebai_lm3_support' build argument 'cmake_target_skip_unavailable' from command line to 'False'
[1.449s] Level 5:colcon.colcon_core.verb:set package 'lebai_lm3_support' build argument 'cmake_clean_cache' from command line to 'False'
[1.449s] Level 5:colcon.colcon_core.verb:set package 'lebai_lm3_support' build argument 'cmake_clean_first' from command line to 'False'
[1.450s] Level 5:colcon.colcon_core.verb:set package 'lebai_lm3_support' build argument 'cmake_force_configure' from command line to 'False'
[1.450s] Level 5:colcon.colcon_core.verb:set package 'lebai_lm3_support' build argument 'ament_cmake_args' from command line to 'None'
[1.450s] Level 5:colcon.colcon_core.verb:set package 'lebai_lm3_support' build argument 'catkin_cmake_args' from command line to 'None'
[1.450s] Level 5:colcon.colcon_core.verb:set package 'lebai_lm3_support' build argument 'catkin_skip_building_tests' from command line to 'False'
[1.450s] DEBUG:colcon.colcon_core.verb:Building package 'lebai_lm3_support' with the following arguments: {'ament_cmake_args': None, 'build_base': '/home/dxf/wheeltec_lebai_humble_2024_7_17/build/lebai_lm3_support', 'catkin_cmake_args': None, 'catkin_skip_building_tests': False, 'cmake_args': None, 'cmake_clean_cache': False, 'cmake_clean_first': False, 'cmake_force_configure': False, 'cmake_target': None, 'cmake_target_skip_unavailable': False, 'install_base': '/home/dxf/wheeltec_lebai_humble_2024_7_17/install/lebai_lm3_support', 'merge_install': False, 'path': '/home/dxf/wheeltec_lebai_humble_2024_7_17/src/lebai-ros-sdk-humble-dev/lebai_lm3_support', 'symlink_install': False, 'test_result_base': None}
[1.451s] Level 5:colcon.colcon_core.verb:set package 'lebai_resources' build argument 'cmake_args' from command line to 'None'
[1.451s] Level 5:colcon.colcon_core.verb:set package 'lebai_resources' build argument 'cmake_target' from command line to 'None'
[1.451s] Level 5:colcon.colcon_core.verb:set package 'lebai_resources' build argument 'cmake_target_skip_unavailable' from command line to 'False'
[1.451s] Level 5:colcon.colcon_core.verb:set package 'lebai_resources' build argument 'cmake_clean_cache' from command line to 'False'
[1.451s] Level 5:colcon.colcon_core.verb:set package 'lebai_resources' build argument 'cmake_clean_first' from command line to 'False'
[1.451s] Level 5:colcon.colcon_core.verb:set package 'lebai_resources' build argument 'cmake_force_configure' from command line to 'False'
[1.451s] Level 5:colcon.colcon_core.verb:set package 'lebai_resources' build argument 'ament_cmake_args' from command line to 'None'
[1.451s] Level 5:colcon.colcon_core.verb:set package 'lebai_resources' build argument 'catkin_cmake_args' from command line to 'None'
[1.451s] Level 5:colcon.colcon_core.verb:set package 'lebai_resources' build argument 'catkin_skip_building_tests' from command line to 'False'
[1.451s] DEBUG:colcon.colcon_core.verb:Building package 'lebai_resources' with the following arguments: {'ament_cmake_args': None, 'build_base': '/home/dxf/wheeltec_lebai_humble_2024_7_17/build/lebai_resources', 'catkin_cmake_args': None, 'catkin_skip_building_tests': False, 'cmake_args': None, 'cmake_clean_cache': False, 'cmake_clean_first': False, 'cmake_force_configure': False, 'cmake_target': None, 'cmake_target_skip_unavailable': False, 'install_base': '/home/dxf/wheeltec_lebai_humble_2024_7_17/install/lebai_resources', 'merge_install': False, 'path': '/home/dxf/wheeltec_lebai_humble_2024_7_17/src/lebai-ros-sdk-humble-dev/lebai_resources', 'symlink_install': False, 'test_result_base': None}
[1.452s] Level 5:colcon.colcon_core.verb:set package 'lebai_lm3_moveit_config' build argument 'cmake_args' from command line to 'None'
[1.452s] Level 5:colcon.colcon_core.verb:set package 'lebai_lm3_moveit_config' build argument 'cmake_target' from command line to 'None'
[1.452s] Level 5:colcon.colcon_core.verb:set package 'lebai_lm3_moveit_config' build argument 'cmake_target_skip_unavailable' from command line to 'False'
[1.452s] Level 5:colcon.colcon_core.verb:set package 'lebai_lm3_moveit_config' build argument 'cmake_clean_cache' from command line to 'False'
[1.452s] Level 5:colcon.colcon_core.verb:set package 'lebai_lm3_moveit_config' build argument 'cmake_clean_first' from command line to 'False'
[1.452s] Level 5:colcon.colcon_core.verb:set package 'lebai_lm3_moveit_config' build argument 'cmake_force_configure' from command line to 'False'
[1.452s] Level 5:colcon.colcon_core.verb:set package 'lebai_lm3_moveit_config' build argument 'ament_cmake_args' from command line to 'None'
[1.452s] Level 5:colcon.colcon_core.verb:set package 'lebai_lm3_moveit_config' build argument 'catkin_cmake_args' from command line to 'None'
[1.452s] Level 5:colcon.colcon_core.verb:set package 'lebai_lm3_moveit_config' build argument 'catkin_skip_building_tests' from command line to 'False'
[1.452s] DEBUG:colcon.colcon_core.verb:Building package 'lebai_lm3_moveit_config' with the following arguments: {'ament_cmake_args': None, 'build_base': '/home/dxf/wheeltec_lebai_humble_2024_7_17/build/lebai_lm3_moveit_config', 'catkin_cmake_args': None, 'catkin_skip_building_tests': False, 'cmake_args': None, 'cmake_clean_cache': False, 'cmake_clean_first': False, 'cmake_force_configure': False, 'cmake_target': None, 'cmake_target_skip_unavailable': False, 'install_base': '/home/dxf/wheeltec_lebai_humble_2024_7_17/install/lebai_lm3_moveit_config', 'merge_install': False, 'path': '/home/dxf/wheeltec_lebai_humble_2024_7_17/src/lebai-ros-sdk-humble-dev/lebai_lm3_moveit_config', 'symlink_install': False, 'test_result_base': None}
[1.453s] Level 5:colcon.colcon_core.verb:set package 'lebai_tutorials' build argument 'cmake_args' from command line to 'None'
[1.453s] Level 5:colcon.colcon_core.verb:set package 'lebai_tutorials' build argument 'cmake_target' from command line to 'None'
[1.453s] Level 5:colcon.colcon_core.verb:set package 'lebai_tutorials' build argument 'cmake_target_skip_unavailable' from command line to 'False'
[1.453s] Level 5:colcon.colcon_core.verb:set package 'lebai_tutorials' build argument 'cmake_clean_cache' from command line to 'False'
[1.454s] Level 5:colcon.colcon_core.verb:set package 'lebai_tutorials' build argument 'cmake_clean_first' from command line to 'False'
[1.454s] Level 5:colcon.colcon_core.verb:set package 'lebai_tutorials' build argument 'cmake_force_configure' from command line to 'False'
[1.454s] Level 5:colcon.colcon_core.verb:set package 'lebai_tutorials' build argument 'ament_cmake_args' from command line to 'None'
[1.454s] Level 5:colcon.colcon_core.verb:set package 'lebai_tutorials' build argument 'catkin_cmake_args' from command line to 'None'
[1.454s] Level 5:colcon.colcon_core.verb:set package 'lebai_tutorials' build argument 'catkin_skip_building_tests' from command line to 'False'
[1.454s] DEBUG:colcon.colcon_core.verb:Building package 'lebai_tutorials' with the following arguments: {'ament_cmake_args': None, 'build_base': '/home/dxf/wheeltec_lebai_humble_2024_7_17/build/lebai_tutorials', 'catkin_cmake_args': None, 'catkin_skip_building_tests': False, 'cmake_args': None, 'cmake_clean_cache': False, 'cmake_clean_first': False, 'cmake_force_configure': False, 'cmake_target': None, 'cmake_target_skip_unavailable': False, 'install_base': '/home/dxf/wheeltec_lebai_humble_2024_7_17/install/lebai_tutorials', 'merge_install': False, 'path': '/home/dxf/wheeltec_lebai_humble_2024_7_17/src/lebai-ros-sdk-humble-dev/lebai_tutorials', 'symlink_install': False, 'test_result_base': None}
[1.454s] INFO:colcon.colcon_core.executor:Executing jobs using 'parallel' executor
[1.457s] DEBUG:colcon.colcon_parallel_executor.executor.parallel:run_until_complete
[1.459s] INFO:colcon.colcon_ros.task.ament_cmake.build:Building ROS package in '/home/dxf/wheeltec_lebai_humble_2024_7_17/src/lebai-ros-sdk-humble-dev/lebai_interfaces' with build type 'ament_cmake'
[1.459s] INFO:colcon.colcon_cmake.task.cmake.build:Building CMake package in '/home/dxf/wheeltec_lebai_humble_2024_7_17/src/lebai-ros-sdk-humble-dev/lebai_interfaces'
[1.473s] INFO:colcon.colcon_core.plugin_system:Skipping extension 'colcon_core.shell.bat': Not used on non-Windows systems
[1.474s] INFO:colcon.colcon_core.shell:Skip shell extension 'powershell' for command environment: Not usable outside of PowerShell
[1.475s] DEBUG:colcon.colcon_core.shell:Skip shell extension 'dsv' for command environment
[1.491s] INFO:colcon.colcon_ros.task.ament_cmake.build:Building ROS package in '/home/dxf/wheeltec_lebai_humble_2024_7_17/src/lebai-ros-sdk-humble-dev/lebai_lm3_support' with build type 'ament_cmake'
[1.492s] INFO:colcon.colcon_cmake.task.cmake.build:Building CMake package in '/home/dxf/wheeltec_lebai_humble_2024_7_17/src/lebai-ros-sdk-humble-dev/lebai_lm3_support'
[1.493s] INFO:colcon.colcon_core.shell:Skip shell extension 'powershell' for command environment: Not usable outside of PowerShell
[1.493s] DEBUG:colcon.colcon_core.shell:Skip shell extension 'dsv' for command environment
[1.511s] INFO:colcon.colcon_ros.task.ament_cmake.build:Building ROS package in '/home/dxf/wheeltec_lebai_humble_2024_7_17/src/arm_demo' with build type 'ament_cmake'
[1.512s] INFO:colcon.colcon_cmake.task.cmake.build:Building CMake package in '/home/dxf/wheeltec_lebai_humble_2024_7_17/src/arm_demo'
[1.513s] INFO:colcon.colcon_core.shell:Skip shell extension 'powershell' for command environment: Not usable outside of PowerShell
[1.513s] DEBUG:colcon.colcon_core.shell:Skip shell extension 'dsv' for command environment
[1.535s] INFO:colcon.colcon_ros.task.ament_cmake.build:Building ROS package in '/home/dxf/wheeltec_lebai_humble_2024_7_17/src/grab_demo' with build type 'ament_cmake'
[1.536s] INFO:colcon.colcon_cmake.task.cmake.build:Building CMake package in '/home/dxf/wheeltec_lebai_humble_2024_7_17/src/grab_demo'
[1.537s] INFO:colcon.colcon_core.shell:Skip shell extension 'powershell' for command environment: Not usable outside of PowerShell
[1.537s] DEBUG:colcon.colcon_core.shell:Skip shell extension 'dsv' for command environment
[1.557s] INFO:colcon.colcon_ros.task.ament_python.build:Building ROS package in '/home/dxf/wheeltec_lebai_humble_2024_7_17/src/lebai-ros-sdk-humble-dev/lebai_driver' with build type 'ament_python'
[1.558s] Level 1:colcon.colcon_core.shell:create_environment_hook('lebai_driver', 'ament_prefix_path')
[1.559s] INFO:colcon.colcon_core.shell:Creating environment hook '/home/dxf/wheeltec_lebai_humble_2024_7_17/install/lebai_driver/share/lebai_driver/hook/ament_prefix_path.ps1'
[1.563s] INFO:colcon.colcon_core.shell:Creating environment descriptor '/home/dxf/wheeltec_lebai_humble_2024_7_17/install/lebai_driver/share/lebai_driver/hook/ament_prefix_path.dsv'
[1.569s] INFO:colcon.colcon_core.shell:Creating environment hook '/home/dxf/wheeltec_lebai_humble_2024_7_17/install/lebai_driver/share/lebai_driver/hook/ament_prefix_path.sh'
[1.574s] INFO:colcon.colcon_core.shell:Skip shell extension 'powershell' for command environment: Not usable outside of PowerShell
[1.574s] DEBUG:colcon.colcon_core.shell:Skip shell extension 'dsv' for command environment
[1.596s] INFO:colcon.colcon_ros.task.ament_cmake.build:Building ROS package in '/home/dxf/wheeltec_lebai_humble_2024_7_17/src/lebai-ros-sdk-humble-dev/lebai_resources' with build type 'ament_cmake'
[1.596s] INFO:colcon.colcon_cmake.task.cmake.build:Building CMake package in '/home/dxf/wheeltec_lebai_humble_2024_7_17/src/lebai-ros-sdk-humble-dev/lebai_resources'
[1.601s] INFO:colcon.colcon_core.shell:Skip shell extension 'powershell' for command environment: Not usable outside of PowerShell
[1.602s] DEBUG:colcon.colcon_core.shell:Skip shell extension 'dsv' for command environment
[1.631s] DEBUG:colcon.colcon_core.event_handler.log_command:Invoking command in '/home/dxf/wheeltec_lebai_humble_2024_7_17/build/lebai_interfaces': CMAKE_PREFIX_PATH=${CMAKE_PREFIX_PATH}:/home/dxf/WHEELTEC_S300Pro_mini/install/wheeltec_robot_keyboard:/home/dxf/WHEELTEC_S300Pro_mini/install/simple_follower_ros2:/home/dxf/WHEELTEC_S300Pro_mini/install/ollama_ros_chat:/home/dxf/WHEELTEC_S300Pro_mini/install/nav2_waypoint_cycle:/home/dxf/WHEELTEC_S300Pro_mini/install/auto_recharge_ros2:/opt/ros/humble PS1=\n(TraeAI-5) \w [$?] $ __trae_PS1=\n(TraeAI-5) \w [$?] $ /usr/bin/cmake --build /home/dxf/wheeltec_lebai_humble_2024_7_17/build/lebai_interfaces -- -j6 -l6
[1.645s] DEBUG:colcon.colcon_core.event_handler.log_command:Invoking command in '/home/dxf/wheeltec_lebai_humble_2024_7_17/build/lebai_lm3_support': CMAKE_PREFIX_PATH=${CMAKE_PREFIX_PATH}:/home/dxf/WHEELTEC_S300Pro_mini/install/wheeltec_robot_keyboard:/home/dxf/WHEELTEC_S300Pro_mini/install/simple_follower_ros2:/home/dxf/WHEELTEC_S300Pro_mini/install/ollama_ros_chat:/home/dxf/WHEELTEC_S300Pro_mini/install/nav2_waypoint_cycle:/home/dxf/WHEELTEC_S300Pro_mini/install/auto_recharge_ros2:/opt/ros/humble PS1=\n(TraeAI-5) \w [$?] $ __trae_PS1=\n(TraeAI-5) \w [$?] $ /usr/bin/cmake --build /home/dxf/wheeltec_lebai_humble_2024_7_17/build/lebai_lm3_support -- -j6 -l6
[1.686s] DEBUG:colcon.colcon_core.event_handler.log_command:Invoking command in '/home/dxf/wheeltec_lebai_humble_2024_7_17/build/arm_demo': CMAKE_PREFIX_PATH=${CMAKE_PREFIX_PATH}:/home/dxf/WHEELTEC_S300Pro_mini/install/wheeltec_robot_keyboard:/home/dxf/WHEELTEC_S300Pro_mini/install/simple_follower_ros2:/home/dxf/WHEELTEC_S300Pro_mini/install/ollama_ros_chat:/home/dxf/WHEELTEC_S300Pro_mini/install/nav2_waypoint_cycle:/home/dxf/WHEELTEC_S300Pro_mini/install/auto_recharge_ros2:/opt/ros/humble PS1=\n(TraeAI-5) \w [$?] $ __trae_PS1=\n(TraeAI-5) \w [$?] $ /usr/bin/cmake --build /home/dxf/wheeltec_lebai_humble_2024_7_17/build/arm_demo -- -j6 -l6
[1.709s] DEBUG:colcon.colcon_core.event_handler.log_command:Invoking command in '/home/dxf/wheeltec_lebai_humble_2024_7_17/build/grab_demo': CMAKE_PREFIX_PATH=${CMAKE_PREFIX_PATH}:/home/dxf/WHEELTEC_S300Pro_mini/install/wheeltec_robot_keyboard:/home/dxf/WHEELTEC_S300Pro_mini/install/simple_follower_ros2:/home/dxf/WHEELTEC_S300Pro_mini/install/ollama_ros_chat:/home/dxf/WHEELTEC_S300Pro_mini/install/nav2_waypoint_cycle:/home/dxf/WHEELTEC_S300Pro_mini/install/auto_recharge_ros2:/opt/ros/humble PS1=\n(TraeAI-5) \w [$?] $ __trae_PS1=\n(TraeAI-5) \w [$?] $ /usr/bin/cmake --build /home/dxf/wheeltec_lebai_humble_2024_7_17/build/grab_demo -- -j6 -l6
[3.287s] INFO:colcon.colcon_core.task.python.build:Building Python package in '/home/dxf/wheeltec_lebai_humble_2024_7_17/src/lebai-ros-sdk-humble-dev/lebai_driver'
[3.288s] INFO:colcon.colcon_core.shell:Skip shell extension 'powershell' for command environment: Not usable outside of PowerShell
[3.288s] DEBUG:colcon.colcon_core.shell:Skip shell extension 'dsv' for command environment
[3.416s] DEBUG:colcon.colcon_core.event_handler.log_command:Invoked command in '/home/dxf/wheeltec_lebai_humble_2024_7_17/build/lebai_lm3_support' returned '0': CMAKE_PREFIX_PATH=${CMAKE_PREFIX_PATH}:/home/dxf/WHEELTEC_S300Pro_mini/install/wheeltec_robot_keyboard:/home/dxf/WHEELTEC_S300Pro_mini/install/simple_follower_ros2:/home/dxf/WHEELTEC_S300Pro_mini/install/ollama_ros_chat:/home/dxf/WHEELTEC_S300Pro_mini/install/nav2_waypoint_cycle:/home/dxf/WHEELTEC_S300Pro_mini/install/auto_recharge_ros2:/opt/ros/humble PS1=\n(TraeAI-5) \w [$?] $ __trae_PS1=\n(TraeAI-5) \w [$?] $ /usr/bin/cmake --build /home/dxf/wheeltec_lebai_humble_2024_7_17/build/lebai_lm3_support -- -j6 -l6
[3.556s] DEBUG:colcon.colcon_core.event_handler.log_command:Invoking command in '/home/dxf/wheeltec_lebai_humble_2024_7_17/build/lebai_lm3_support': CMAKE_PREFIX_PATH=${CMAKE_PREFIX_PATH}:/home/dxf/WHEELTEC_S300Pro_mini/install/wheeltec_robot_keyboard:/home/dxf/WHEELTEC_S300Pro_mini/install/simple_follower_ros2:/home/dxf/WHEELTEC_S300Pro_mini/install/ollama_ros_chat:/home/dxf/WHEELTEC_S300Pro_mini/install/nav2_waypoint_cycle:/home/dxf/WHEELTEC_S300Pro_mini/install/auto_recharge_ros2:/opt/ros/humble PS1=\n(TraeAI-5) \w [$?] $ __trae_PS1=\n(TraeAI-5) \w [$?] $ /usr/bin/cmake --install /home/dxf/wheeltec_lebai_humble_2024_7_17/build/lebai_lm3_support
[3.564s] DEBUG:colcon.colcon_core.event_handler.log_command:Invoked command in '/home/dxf/wheeltec_lebai_humble_2024_7_17/build/arm_demo' returned '0': CMAKE_PREFIX_PATH=${CMAKE_PREFIX_PATH}:/home/dxf/WHEELTEC_S300Pro_mini/install/wheeltec_robot_keyboard:/home/dxf/WHEELTEC_S300Pro_mini/install/simple_follower_ros2:/home/dxf/WHEELTEC_S300Pro_mini/install/ollama_ros_chat:/home/dxf/WHEELTEC_S300Pro_mini/install/nav2_waypoint_cycle:/home/dxf/WHEELTEC_S300Pro_mini/install/auto_recharge_ros2:/opt/ros/humble PS1=\n(TraeAI-5) \w [$?] $ __trae_PS1=\n(TraeAI-5) \w [$?] $ /usr/bin/cmake --build /home/dxf/wheeltec_lebai_humble_2024_7_17/build/arm_demo -- -j6 -l6
[3.576s] DEBUG:colcon.colcon_core.event_handler.log_command:Invoking command in '/home/dxf/wheeltec_lebai_humble_2024_7_17/build/arm_demo': CMAKE_PREFIX_PATH=${CMAKE_PREFIX_PATH}:/home/dxf/WHEELTEC_S300Pro_mini/install/wheeltec_robot_keyboard:/home/dxf/WHEELTEC_S300Pro_mini/install/simple_follower_ros2:/home/dxf/WHEELTEC_S300Pro_mini/install/ollama_ros_chat:/home/dxf/WHEELTEC_S300Pro_mini/install/nav2_waypoint_cycle:/home/dxf/WHEELTEC_S300Pro_mini/install/auto_recharge_ros2:/opt/ros/humble PS1=\n(TraeAI-5) \w [$?] $ __trae_PS1=\n(TraeAI-5) \w [$?] $ /usr/bin/cmake --install /home/dxf/wheeltec_lebai_humble_2024_7_17/build/arm_demo
[3.613s] DEBUG:colcon.colcon_core.event_handler.log_command:Invoking command in '/home/dxf/wheeltec_lebai_humble_2024_7_17/build/lebai_resources': CMAKE_PREFIX_PATH=${CMAKE_PREFIX_PATH}:/home/dxf/WHEELTEC_S300Pro_mini/install/wheeltec_robot_keyboard:/home/dxf/WHEELTEC_S300Pro_mini/install/simple_follower_ros2:/home/dxf/WHEELTEC_S300Pro_mini/install/ollama_ros_chat:/home/dxf/WHEELTEC_S300Pro_mini/install/nav2_waypoint_cycle:/home/dxf/WHEELTEC_S300Pro_mini/install/auto_recharge_ros2:/opt/ros/humble PS1=\n(TraeAI-5) \w [$?] $ __trae_PS1=\n(TraeAI-5) \w [$?] $ /usr/bin/cmake --build /home/dxf/wheeltec_lebai_humble_2024_7_17/build/lebai_resources -- -j6 -l6
[3.711s] Level 1:colcon.colcon_core.environment:create_environment_scripts_only(lebai_lm3_support)
[3.731s] DEBUG:colcon.colcon_core.event_handler.log_command:Invoked command in '/home/dxf/wheeltec_lebai_humble_2024_7_17/build/lebai_lm3_support' returned '0': CMAKE_PREFIX_PATH=${CMAKE_PREFIX_PATH}:/home/dxf/WHEELTEC_S300Pro_mini/install/wheeltec_robot_keyboard:/home/dxf/WHEELTEC_S300Pro_mini/install/simple_follower_ros2:/home/dxf/WHEELTEC_S300Pro_mini/install/ollama_ros_chat:/home/dxf/WHEELTEC_S300Pro_mini/install/nav2_waypoint_cycle:/home/dxf/WHEELTEC_S300Pro_mini/install/auto_recharge_ros2:/opt/ros/humble PS1=\n(TraeAI-5) \w [$?] $ __trae_PS1=\n(TraeAI-5) \w [$?] $ /usr/bin/cmake --install /home/dxf/wheeltec_lebai_humble_2024_7_17/build/lebai_lm3_support
[3.735s] Level 1:colcon.colcon_core.environment:checking '/home/dxf/wheeltec_lebai_humble_2024_7_17/install/lebai_lm3_support' for CMake module files
[3.737s] Level 1:colcon.colcon_core.environment:checking '/home/dxf/wheeltec_lebai_humble_2024_7_17/install/lebai_lm3_support' for CMake config files
[3.738s] Level 1:colcon.colcon_core.shell:create_environment_hook('lebai_lm3_support', 'cmake_prefix_path')
[3.744s] INFO:colcon.colcon_core.shell:Creating environment hook '/home/dxf/wheeltec_lebai_humble_2024_7_17/install/lebai_lm3_support/share/lebai_lm3_support/hook/cmake_prefix_path.ps1'
[3.747s] INFO:colcon.colcon_core.shell:Creating environment descriptor '/home/dxf/wheeltec_lebai_humble_2024_7_17/install/lebai_lm3_support/share/lebai_lm3_support/hook/cmake_prefix_path.dsv'
[3.748s] INFO:colcon.colcon_core.shell:Creating environment hook '/home/dxf/wheeltec_lebai_humble_2024_7_17/install/lebai_lm3_support/share/lebai_lm3_support/hook/cmake_prefix_path.sh'
[3.750s] Level 1:colcon.colcon_core.environment:checking '/home/dxf/wheeltec_lebai_humble_2024_7_17/install/lebai_lm3_support/bin'
[3.750s] Level 1:colcon.colcon_core.environment:checking '/home/dxf/wheeltec_lebai_humble_2024_7_17/install/lebai_lm3_support/lib/pkgconfig/lebai_lm3_support.pc'
[3.750s] Level 1:colcon.colcon_core.environment:checking '/home/dxf/wheeltec_lebai_humble_2024_7_17/install/lebai_lm3_support/lib/python3.10/site-packages'
[3.751s] Level 1:colcon.colcon_core.environment:checking '/home/dxf/wheeltec_lebai_humble_2024_7_17/install/lebai_lm3_support/bin'
[3.752s] INFO:colcon.colcon_core.shell:Creating package script '/home/dxf/wheeltec_lebai_humble_2024_7_17/install/lebai_lm3_support/share/lebai_lm3_support/package.ps1'
[3.766s] INFO:colcon.colcon_core.shell:Creating package descriptor '/home/dxf/wheeltec_lebai_humble_2024_7_17/install/lebai_lm3_support/share/lebai_lm3_support/package.dsv'
[3.771s] INFO:colcon.colcon_core.shell:Creating package script '/home/dxf/wheeltec_lebai_humble_2024_7_17/install/lebai_lm3_support/share/lebai_lm3_support/package.sh'
[3.778s] INFO:colcon.colcon_core.shell:Creating package script '/home/dxf/wheeltec_lebai_humble_2024_7_17/install/lebai_lm3_support/share/lebai_lm3_support/package.bash'
[3.782s] INFO:colcon.colcon_core.shell:Creating package script '/home/dxf/wheeltec_lebai_humble_2024_7_17/install/lebai_lm3_support/share/lebai_lm3_support/package.zsh'
[3.788s] Level 1:colcon.colcon_core.environment:create_file_with_runtime_dependencies(/home/dxf/wheeltec_lebai_humble_2024_7_17/install/lebai_lm3_support/share/colcon-core/packages/lebai_lm3_support)
[3.798s] Level 1:colcon.colcon_core.environment:create_environment_scripts_only(lebai_lm3_support)
[3.799s] Level 1:colcon.colcon_core.environment:checking '/home/dxf/wheeltec_lebai_humble_2024_7_17/install/lebai_lm3_support' for CMake module files
[3.800s] Level 1:colcon.colcon_core.environment:checking '/home/dxf/wheeltec_lebai_humble_2024_7_17/install/lebai_lm3_support' for CMake config files
[3.800s] Level 1:colcon.colcon_core.shell:create_environment_hook('lebai_lm3_support', 'cmake_prefix_path')
[3.801s] INFO:colcon.colcon_core.shell:Creating environment hook '/home/dxf/wheeltec_lebai_humble_2024_7_17/install/lebai_lm3_support/share/lebai_lm3_support/hook/cmake_prefix_path.ps1'
[3.802s] INFO:colcon.colcon_core.shell:Creating environment descriptor '/home/dxf/wheeltec_lebai_humble_2024_7_17/install/lebai_lm3_support/share/lebai_lm3_support/hook/cmake_prefix_path.dsv'
[3.803s] INFO:colcon.colcon_core.shell:Creating environment hook '/home/dxf/wheeltec_lebai_humble_2024_7_17/install/lebai_lm3_support/share/lebai_lm3_support/hook/cmake_prefix_path.sh'
[3.804s] Level 1:colcon.colcon_core.environment:checking '/home/dxf/wheeltec_lebai_humble_2024_7_17/install/lebai_lm3_support/bin'
[3.804s] Level 1:colcon.colcon_core.environment:checking '/home/dxf/wheeltec_lebai_humble_2024_7_17/install/lebai_lm3_support/lib/pkgconfig/lebai_lm3_support.pc'
[3.805s] Level 1:colcon.colcon_core.environment:checking '/home/dxf/wheeltec_lebai_humble_2024_7_17/install/lebai_lm3_support/lib/python3.10/site-packages'
[3.806s] Level 1:colcon.colcon_core.environment:checking '/home/dxf/wheeltec_lebai_humble_2024_7_17/install/lebai_lm3_support/bin'
[3.806s] INFO:colcon.colcon_core.shell:Creating package script '/home/dxf/wheeltec_lebai_humble_2024_7_17/install/lebai_lm3_support/share/lebai_lm3_support/package.ps1'
[3.816s] INFO:colcon.colcon_core.shell:Creating package descriptor '/home/dxf/wheeltec_lebai_humble_2024_7_17/install/lebai_lm3_support/share/lebai_lm3_support/package.dsv'
[3.824s] INFO:colcon.colcon_core.shell:Creating package script '/home/dxf/wheeltec_lebai_humble_2024_7_17/install/lebai_lm3_support/share/lebai_lm3_support/package.sh'
[3.826s] INFO:colcon.colcon_core.shell:Creating package script '/home/dxf/wheeltec_lebai_humble_2024_7_17/install/lebai_lm3_support/share/lebai_lm3_support/package.bash'
[3.828s] INFO:colcon.colcon_core.shell:Creating package script '/home/dxf/wheeltec_lebai_humble_2024_7_17/install/lebai_lm3_support/share/lebai_lm3_support/package.zsh'
[3.829s] Level 1:colcon.colcon_core.environment:create_file_with_runtime_dependencies(/home/dxf/wheeltec_lebai_humble_2024_7_17/install/lebai_lm3_support/share/colcon-core/packages/lebai_lm3_support)
[3.836s] INFO:colcon.colcon_ros.task.ament_cmake.build:Building ROS package in '/home/dxf/wheeltec_lebai_humble_2024_7_17/src/lebai-ros-sdk-humble-dev/lebai_lm3_moveit_config' with build type 'ament_cmake'
[3.838s] INFO:colcon.colcon_cmake.task.cmake.build:Building CMake package in '/home/dxf/wheeltec_lebai_humble_2024_7_17/src/lebai-ros-sdk-humble-dev/lebai_lm3_moveit_config'
[3.839s] INFO:colcon.colcon_core.shell:Skip shell extension 'powershell' for command environment: Not usable outside of PowerShell
[3.839s] DEBUG:colcon.colcon_core.shell:Skip shell extension 'dsv' for command environment
[3.909s] Level 1:colcon.colcon_core.environment:create_environment_scripts_only(arm_demo)
[3.910s] DEBUG:colcon.colcon_core.event_handler.log_command:Invoked command in '/home/dxf/wheeltec_lebai_humble_2024_7_17/build/arm_demo' returned '0': CMAKE_PREFIX_PATH=${CMAKE_PREFIX_PATH}:/home/dxf/WHEELTEC_S300Pro_mini/install/wheeltec_robot_keyboard:/home/dxf/WHEELTEC_S300Pro_mini/install/simple_follower_ros2:/home/dxf/WHEELTEC_S300Pro_mini/install/ollama_ros_chat:/home/dxf/WHEELTEC_S300Pro_mini/install/nav2_waypoint_cycle:/home/dxf/WHEELTEC_S300Pro_mini/install/auto_recharge_ros2:/opt/ros/humble PS1=\n(TraeAI-5) \w [$?] $ __trae_PS1=\n(TraeAI-5) \w [$?] $ /usr/bin/cmake --install /home/dxf/wheeltec_lebai_humble_2024_7_17/build/arm_demo
[3.911s] Level 1:colcon.colcon_core.environment:checking '/home/dxf/wheeltec_lebai_humble_2024_7_17/install/arm_demo' for CMake module files
[3.912s] Level 1:colcon.colcon_core.environment:checking '/home/dxf/wheeltec_lebai_humble_2024_7_17/install/arm_demo' for CMake config files
[3.913s] Level 1:colcon.colcon_core.shell:create_environment_hook('arm_demo', 'cmake_prefix_path')
[3.913s] INFO:colcon.colcon_core.shell:Creating environment hook '/home/dxf/wheeltec_lebai_humble_2024_7_17/install/arm_demo/share/arm_demo/hook/cmake_prefix_path.ps1'
[3.916s] INFO:colcon.colcon_core.shell:Creating environment descriptor '/home/dxf/wheeltec_lebai_humble_2024_7_17/install/arm_demo/share/arm_demo/hook/cmake_prefix_path.dsv'
[3.917s] INFO:colcon.colcon_core.shell:Creating environment hook '/home/dxf/wheeltec_lebai_humble_2024_7_17/install/arm_demo/share/arm_demo/hook/cmake_prefix_path.sh'
[3.919s] Level 1:colcon.colcon_core.environment:checking '/home/dxf/wheeltec_lebai_humble_2024_7_17/install/arm_demo/lib'
[3.919s] Level 1:colcon.colcon_core.environment:checking '/home/dxf/wheeltec_lebai_humble_2024_7_17/install/arm_demo/bin'
[3.920s] Level 1:colcon.colcon_core.environment:checking '/home/dxf/wheeltec_lebai_humble_2024_7_17/install/arm_demo/lib/pkgconfig/arm_demo.pc'
[3.920s] Level 1:colcon.colcon_core.environment:checking '/home/dxf/wheeltec_lebai_humble_2024_7_17/install/arm_demo/lib/python3.10/site-packages'
[3.921s] Level 1:colcon.colcon_core.environment:checking '/home/dxf/wheeltec_lebai_humble_2024_7_17/install/arm_demo/bin'
[3.922s] INFO:colcon.colcon_core.shell:Creating package script '/home/dxf/wheeltec_lebai_humble_2024_7_17/install/arm_demo/share/arm_demo/package.ps1'
[3.923s] INFO:colcon.colcon_core.shell:Creating package descriptor '/home/dxf/wheeltec_lebai_humble_2024_7_17/install/arm_demo/share/arm_demo/package.dsv'
[3.935s] INFO:colcon.colcon_core.shell:Creating package script '/home/dxf/wheeltec_lebai_humble_2024_7_17/install/arm_demo/share/arm_demo/package.sh'
[3.936s] INFO:colcon.colcon_core.shell:Creating package script '/home/dxf/wheeltec_lebai_humble_2024_7_17/install/arm_demo/share/arm_demo/package.bash'
[3.937s] INFO:colcon.colcon_core.shell:Creating package script '/home/dxf/wheeltec_lebai_humble_2024_7_17/install/arm_demo/share/arm_demo/package.zsh'
[3.938s] Level 1:colcon.colcon_core.environment:create_file_with_runtime_dependencies(/home/dxf/wheeltec_lebai_humble_2024_7_17/install/arm_demo/share/colcon-core/packages/arm_demo)
[3.957s] Level 1:colcon.colcon_core.environment:create_environment_scripts_only(arm_demo)
[3.965s] Level 1:colcon.colcon_core.environment:checking '/home/dxf/wheeltec_lebai_humble_2024_7_17/install/arm_demo' for CMake module files
[3.966s] Level 1:colcon.colcon_core.environment:checking '/home/dxf/wheeltec_lebai_humble_2024_7_17/install/arm_demo' for CMake config files
[3.967s] Level 1:colcon.colcon_core.shell:create_environment_hook('arm_demo', 'cmake_prefix_path')
[3.967s] INFO:colcon.colcon_core.shell:Creating environment hook '/home/dxf/wheeltec_lebai_humble_2024_7_17/install/arm_demo/share/arm_demo/hook/cmake_prefix_path.ps1'
[3.969s] INFO:colcon.colcon_core.shell:Creating environment descriptor '/home/dxf/wheeltec_lebai_humble_2024_7_17/install/arm_demo/share/arm_demo/hook/cmake_prefix_path.dsv'
[3.970s] INFO:colcon.colcon_core.shell:Creating environment hook '/home/dxf/wheeltec_lebai_humble_2024_7_17/install/arm_demo/share/arm_demo/hook/cmake_prefix_path.sh'
[3.971s] Level 1:colcon.colcon_core.environment:checking '/home/dxf/wheeltec_lebai_humble_2024_7_17/install/arm_demo/lib'
[3.971s] Level 1:colcon.colcon_core.environment:checking '/home/dxf/wheeltec_lebai_humble_2024_7_17/install/arm_demo/bin'
[3.971s] Level 1:colcon.colcon_core.environment:checking '/home/dxf/wheeltec_lebai_humble_2024_7_17/install/arm_demo/lib/pkgconfig/arm_demo.pc'
[3.972s] Level 1:colcon.colcon_core.environment:checking '/home/dxf/wheeltec_lebai_humble_2024_7_17/install/arm_demo/lib/python3.10/site-packages'
[3.973s] Level 1:colcon.colcon_core.environment:checking '/home/dxf/wheeltec_lebai_humble_2024_7_17/install/arm_demo/bin'
[3.973s] INFO:colcon.colcon_core.shell:Creating package script '/home/dxf/wheeltec_lebai_humble_2024_7_17/install/arm_demo/share/arm_demo/package.ps1'
[3.975s] INFO:colcon.colcon_core.shell:Creating package descriptor '/home/dxf/wheeltec_lebai_humble_2024_7_17/install/arm_demo/share/arm_demo/package.dsv'
[4.004s] INFO:colcon.colcon_core.shell:Creating package script '/home/dxf/wheeltec_lebai_humble_2024_7_17/install/arm_demo/share/arm_demo/package.sh'
[4.006s] INFO:colcon.colcon_core.shell:Creating package script '/home/dxf/wheeltec_lebai_humble_2024_7_17/install/arm_demo/share/arm_demo/package.bash'
[4.010s] INFO:colcon.colcon_core.shell:Creating package script '/home/dxf/wheeltec_lebai_humble_2024_7_17/install/arm_demo/share/arm_demo/package.zsh'
[4.011s] Level 1:colcon.colcon_core.environment:create_file_with_runtime_dependencies(/home/dxf/wheeltec_lebai_humble_2024_7_17/install/arm_demo/share/colcon-core/packages/arm_demo)
[4.093s] DEBUG:colcon.colcon_core.event_handler.log_command:Invoking command in '/home/dxf/wheeltec_lebai_humble_2024_7_17/build/lebai_lm3_moveit_config': AMENT_PREFIX_PATH=/home/dxf/wheeltec_lebai_humble_2024_7_17/install/lebai_lm3_support:${AMENT_PREFIX_PATH} CMAKE_PREFIX_PATH=/home/dxf/wheeltec_lebai_humble_2024_7_17/install/lebai_lm3_support:/usr/local/opencv410:/home/dxf/WHEELTEC_S300Pro_mini/install/yesense_std_ros2:/home/dxf/WHEELTEC_S300Pro_mini/install/yesense_interface:/home/dxf/WHEELTEC_S300Pro_mini/install/wheeltec_ultrasonic:/home/dxf/WHEELTEC_S300Pro_mini/install/wheeltec_slam_toolbox:/home/dxf/WHEELTEC_S300Pro_mini/install/wheeltec_rviz2:/home/dxf/WHEELTEC_S300Pro_mini/install/wheeltec_rrt_msg:/home/dxf/WHEELTEC_S300Pro_mini/install/wheeltec_robot_rtab:/home/dxf/WHEELTEC_S300Pro_mini/install/wheeltec_robot_rrt:/home/dxf/WHEELTEC_S300Pro_mini/install/wheeltec_robot_kcf:/home/dxf/WHEELTEC_S300Pro_mini/install/wheeltec_path_follow:/home/dxf/WHEELTEC_S300Pro_mini/install/wheeltec_nav2:/home/dxf/WHEELTEC_S300Pro_mini/install/wheeltec_mic_ros2:/home/dxf/WHEELTEC_S300Pro_mini/install/wheeltec_mic_msg:/home/dxf/WHEELTEC_S300Pro_mini/install/wheeltec_joy:/home/dxf/WHEELTEC_S300Pro_mini/install/wheeltec_cartographer:/home/dxf/WHEELTEC_S300Pro_mini/install/web_video_server:/home/dxf/WHEELTEC_S300Pro_mini/install/usb_cam:/home/dxf/WHEELTEC_S300Pro_mini/install/turn_on_wheeltec_robot:/home/dxf/WHEELTEC_S300Pro_mini/install/slam_gmapping:/home/dxf/WHEELTEC_S300Pro_mini/install/bodyreader:/home/dxf/WHEELTEC_S300Pro_mini/install/serial:/home/dxf/WHEELTEC_S300Pro_mini/install/robot_interfaces:/home/dxf/WHEELTEC_S300Pro_mini/install/rm_description:/home/dxf/WHEELTEC_S300Pro_mini/install/qt_ros_test:/home/dxf/WHEELTEC_S300Pro_mini/install/orb_slam2_ros:/home/dxf/WHEELTEC_S300Pro_mini/install/openslam_gmapping:/home/dxf/WHEELTEC_S300Pro_mini/install/ollama_ros_msgs:/home/dxf/WHEELTEC_S300Pro_mini/install/lslidar_driver:/home/dxf/WHEELTEC_S300Pro_mini/install/lslidar_msgs:/home/dxf/WHEELTEC_S300Pro_mini/install/ldlidar_stl_ros2:/home/dxf/WHEELTEC_S300Pro_mini/install/ldlidar_sl_ros2:/home/dxf/WHEELTEC_S300Pro_mini/install/double_lidar_fusion:/home/dxf/WHEELTEC_S300Pro_mini/install/bodyreader_msg:/home/dxf/WHEELTEC_S300Pro_mini/install/astra_camera:/home/dxf/WHEELTEC_S300Pro_mini/install/astra_camera_msgs:/home/dxf/WHEELTEC_S300Pro_mini/install/aruco_ros:/home/dxf/WHEELTEC_S300Pro_mini/install/aruco_msgs:/home/dxf/WHEELTEC_S300Pro_mini/install/aruco:/usr/local/opencv410:/home/dxf/WHEELTEC_S300Pro_mini/install/wheeltec_robot_keyboard:/home/dxf/WHEELTEC_S300Pro_mini/install/simple_follower_ros2:/home/dxf/WHEELTEC_S300Pro_mini/install/ollama_ros_chat:/home/dxf/WHEELTEC_S300Pro_mini/install/nav2_waypoint_cycle:/home/dxf/WHEELTEC_S300Pro_mini/install/auto_recharge_ros2:/opt/ros/humble PS1=\n(TraeAI-5) \w [$?] $ __trae_PS1=\n(TraeAI-5) \w [$?] $ /usr/bin/cmake --build /home/dxf/wheeltec_lebai_humble_2024_7_17/build/lebai_lm3_moveit_config -- -j6 -l6
[4.218s] DEBUG:colcon.colcon_core.event_handler.log_command:Invoked command in '/home/dxf/wheeltec_lebai_humble_2024_7_17/build/lebai_resources' returned '0': CMAKE_PREFIX_PATH=${CMAKE_PREFIX_PATH}:/home/dxf/WHEELTEC_S300Pro_mini/install/wheeltec_robot_keyboard:/home/dxf/WHEELTEC_S300Pro_mini/install/simple_follower_ros2:/home/dxf/WHEELTEC_S300Pro_mini/install/ollama_ros_chat:/home/dxf/WHEELTEC_S300Pro_mini/install/nav2_waypoint_cycle:/home/dxf/WHEELTEC_S300Pro_mini/install/auto_recharge_ros2:/opt/ros/humble PS1=\n(TraeAI-5) \w [$?] $ __trae_PS1=\n(TraeAI-5) \w [$?] $ /usr/bin/cmake --build /home/dxf/wheeltec_lebai_humble_2024_7_17/build/lebai_resources -- -j6 -l6
[4.243s] DEBUG:colcon.colcon_core.event_handler.log_command:Invoking command in '/home/dxf/wheeltec_lebai_humble_2024_7_17/build/lebai_resources': CMAKE_PREFIX_PATH=${CMAKE_PREFIX_PATH}:/home/dxf/WHEELTEC_S300Pro_mini/install/wheeltec_robot_keyboard:/home/dxf/WHEELTEC_S300Pro_mini/install/simple_follower_ros2:/home/dxf/WHEELTEC_S300Pro_mini/install/ollama_ros_chat:/home/dxf/WHEELTEC_S300Pro_mini/install/nav2_waypoint_cycle:/home/dxf/WHEELTEC_S300Pro_mini/install/auto_recharge_ros2:/opt/ros/humble PS1=\n(TraeAI-5) \w [$?] $ __trae_PS1=\n(TraeAI-5) \w [$?] $ /usr/bin/cmake --install /home/dxf/wheeltec_lebai_humble_2024_7_17/build/lebai_resources
[4.409s] DEBUG:colcon.colcon_core.event_handler.log_command:Invoked command in '/home/dxf/wheeltec_lebai_humble_2024_7_17/build/lebai_lm3_moveit_config' returned '0': AMENT_PREFIX_PATH=/home/dxf/wheeltec_lebai_humble_2024_7_17/install/lebai_lm3_support:${AMENT_PREFIX_PATH} CMAKE_PREFIX_PATH=/home/dxf/wheeltec_lebai_humble_2024_7_17/install/lebai_lm3_support:/usr/local/opencv410:/home/dxf/WHEELTEC_S300Pro_mini/install/yesense_std_ros2:/home/dxf/WHEELTEC_S300Pro_mini/install/yesense_interface:/home/dxf/WHEELTEC_S300Pro_mini/install/wheeltec_ultrasonic:/home/dxf/WHEELTEC_S300Pro_mini/install/wheeltec_slam_toolbox:/home/dxf/WHEELTEC_S300Pro_mini/install/wheeltec_rviz2:/home/dxf/WHEELTEC_S300Pro_mini/install/wheeltec_rrt_msg:/home/dxf/WHEELTEC_S300Pro_mini/install/wheeltec_robot_rtab:/home/dxf/WHEELTEC_S300Pro_mini/install/wheeltec_robot_rrt:/home/dxf/WHEELTEC_S300Pro_mini/install/wheeltec_robot_kcf:/home/dxf/WHEELTEC_S300Pro_mini/install/wheeltec_path_follow:/home/dxf/WHEELTEC_S300Pro_mini/install/wheeltec_nav2:/home/dxf/WHEELTEC_S300Pro_mini/install/wheeltec_mic_ros2:/home/dxf/WHEELTEC_S300Pro_mini/install/wheeltec_mic_msg:/home/dxf/WHEELTEC_S300Pro_mini/install/wheeltec_joy:/home/dxf/WHEELTEC_S300Pro_mini/install/wheeltec_cartographer:/home/dxf/WHEELTEC_S300Pro_mini/install/web_video_server:/home/dxf/WHEELTEC_S300Pro_mini/install/usb_cam:/home/dxf/WHEELTEC_S300Pro_mini/install/turn_on_wheeltec_robot:/home/dxf/WHEELTEC_S300Pro_mini/install/slam_gmapping:/home/dxf/WHEELTEC_S300Pro_mini/install/bodyreader:/home/dxf/WHEELTEC_S300Pro_mini/install/serial:/home/dxf/WHEELTEC_S300Pro_mini/install/robot_interfaces:/home/dxf/WHEELTEC_S300Pro_mini/install/rm_description:/home/dxf/WHEELTEC_S300Pro_mini/install/qt_ros_test:/home/dxf/WHEELTEC_S300Pro_mini/install/orb_slam2_ros:/home/dxf/WHEELTEC_S300Pro_mini/install/openslam_gmapping:/home/dxf/WHEELTEC_S300Pro_mini/install/ollama_ros_msgs:/home/dxf/WHEELTEC_S300Pro_mini/install/lslidar_driver:/home/dxf/WHEELTEC_S300Pro_mini/install/lslidar_msgs:/home/dxf/WHEELTEC_S300Pro_mini/install/ldlidar_stl_ros2:/home/dxf/WHEELTEC_S300Pro_mini/install/ldlidar_sl_ros2:/home/dxf/WHEELTEC_S300Pro_mini/install/double_lidar_fusion:/home/dxf/WHEELTEC_S300Pro_mini/install/bodyreader_msg:/home/dxf/WHEELTEC_S300Pro_mini/install/astra_camera:/home/dxf/WHEELTEC_S300Pro_mini/install/astra_camera_msgs:/home/dxf/WHEELTEC_S300Pro_mini/install/aruco_ros:/home/dxf/WHEELTEC_S300Pro_mini/install/aruco_msgs:/home/dxf/WHEELTEC_S300Pro_mini/install/aruco:/usr/local/opencv410:/home/dxf/WHEELTEC_S300Pro_mini/install/wheeltec_robot_keyboard:/home/dxf/WHEELTEC_S300Pro_mini/install/simple_follower_ros2:/home/dxf/WHEELTEC_S300Pro_mini/install/ollama_ros_chat:/home/dxf/WHEELTEC_S300Pro_mini/install/nav2_waypoint_cycle:/home/dxf/WHEELTEC_S300Pro_mini/install/auto_recharge_ros2:/opt/ros/humble PS1=\n(TraeAI-5) \w [$?] $ __trae_PS1=\n(TraeAI-5) \w [$?] $ /usr/bin/cmake --build /home/dxf/wheeltec_lebai_humble_2024_7_17/build/lebai_lm3_moveit_config -- -j6 -l6
[4.423s] DEBUG:colcon.colcon_core.event_handler.log_command:Invoking command in '/home/dxf/wheeltec_lebai_humble_2024_7_17/build/lebai_lm3_moveit_config': AMENT_PREFIX_PATH=/home/dxf/wheeltec_lebai_humble_2024_7_17/install/lebai_lm3_support:${AMENT_PREFIX_PATH} CMAKE_PREFIX_PATH=/home/dxf/wheeltec_lebai_humble_2024_7_17/install/lebai_lm3_support:/usr/local/opencv410:/home/dxf/WHEELTEC_S300Pro_mini/install/yesense_std_ros2:/home/dxf/WHEELTEC_S300Pro_mini/install/yesense_interface:/home/dxf/WHEELTEC_S300Pro_mini/install/wheeltec_ultrasonic:/home/dxf/WHEELTEC_S300Pro_mini/install/wheeltec_slam_toolbox:/home/dxf/WHEELTEC_S300Pro_mini/install/wheeltec_rviz2:/home/dxf/WHEELTEC_S300Pro_mini/install/wheeltec_rrt_msg:/home/dxf/WHEELTEC_S300Pro_mini/install/wheeltec_robot_rtab:/home/dxf/WHEELTEC_S300Pro_mini/install/wheeltec_robot_rrt:/home/dxf/WHEELTEC_S300Pro_mini/install/wheeltec_robot_kcf:/home/dxf/WHEELTEC_S300Pro_mini/install/wheeltec_path_follow:/home/dxf/WHEELTEC_S300Pro_mini/install/wheeltec_nav2:/home/dxf/WHEELTEC_S300Pro_mini/install/wheeltec_mic_ros2:/home/dxf/WHEELTEC_S300Pro_mini/install/wheeltec_mic_msg:/home/dxf/WHEELTEC_S300Pro_mini/install/wheeltec_joy:/home/dxf/WHEELTEC_S300Pro_mini/install/wheeltec_cartographer:/home/dxf/WHEELTEC_S300Pro_mini/install/web_video_server:/home/dxf/WHEELTEC_S300Pro_mini/install/usb_cam:/home/dxf/WHEELTEC_S300Pro_mini/install/turn_on_wheeltec_robot:/home/dxf/WHEELTEC_S300Pro_mini/install/slam_gmapping:/home/dxf/WHEELTEC_S300Pro_mini/install/bodyreader:/home/dxf/WHEELTEC_S300Pro_mini/install/serial:/home/dxf/WHEELTEC_S300Pro_mini/install/robot_interfaces:/home/dxf/WHEELTEC_S300Pro_mini/install/rm_description:/home/dxf/WHEELTEC_S300Pro_mini/install/qt_ros_test:/home/dxf/WHEELTEC_S300Pro_mini/install/orb_slam2_ros:/home/dxf/WHEELTEC_S300Pro_mini/install/openslam_gmapping:/home/dxf/WHEELTEC_S300Pro_mini/install/ollama_ros_msgs:/home/dxf/WHEELTEC_S300Pro_mini/install/lslidar_driver:/home/dxf/WHEELTEC_S300Pro_mini/install/lslidar_msgs:/home/dxf/WHEELTEC_S300Pro_mini/install/ldlidar_stl_ros2:/home/dxf/WHEELTEC_S300Pro_mini/install/ldlidar_sl_ros2:/home/dxf/WHEELTEC_S300Pro_mini/install/double_lidar_fusion:/home/dxf/WHEELTEC_S300Pro_mini/install/bodyreader_msg:/home/dxf/WHEELTEC_S300Pro_mini/install/astra_camera:/home/dxf/WHEELTEC_S300Pro_mini/install/astra_camera_msgs:/home/dxf/WHEELTEC_S300Pro_mini/install/aruco_ros:/home/dxf/WHEELTEC_S300Pro_mini/install/aruco_msgs:/home/dxf/WHEELTEC_S300Pro_mini/install/aruco:/usr/local/opencv410:/home/dxf/WHEELTEC_S300Pro_mini/install/wheeltec_robot_keyboard:/home/dxf/WHEELTEC_S300Pro_mini/install/simple_follower_ros2:/home/dxf/WHEELTEC_S300Pro_mini/install/ollama_ros_chat:/home/dxf/WHEELTEC_S300Pro_mini/install/nav2_waypoint_cycle:/home/dxf/WHEELTEC_S300Pro_mini/install/auto_recharge_ros2:/opt/ros/humble PS1=\n(TraeAI-5) \w [$?] $ __trae_PS1=\n(TraeAI-5) \w [$?] $ /usr/bin/cmake --install /home/dxf/wheeltec_lebai_humble_2024_7_17/build/lebai_lm3_moveit_config
[4.442s] Level 1:colcon.colcon_core.environment:create_environment_scripts_only(lebai_resources)
[4.443s] Level 1:colcon.colcon_core.environment:checking '/home/dxf/wheeltec_lebai_humble_2024_7_17/install/lebai_resources' for CMake module files
[4.444s] Level 1:colcon.colcon_core.environment:checking '/home/dxf/wheeltec_lebai_humble_2024_7_17/install/lebai_resources' for CMake config files
[4.445s] Level 1:colcon.colcon_core.shell:create_environment_hook('lebai_resources', 'cmake_prefix_path')
[4.445s] INFO:colcon.colcon_core.shell:Creating environment hook '/home/dxf/wheeltec_lebai_humble_2024_7_17/install/lebai_resources/share/lebai_resources/hook/cmake_prefix_path.ps1'
[4.447s] DEBUG:colcon.colcon_core.event_handler.log_command:Invoked command in '/home/dxf/wheeltec_lebai_humble_2024_7_17/build/lebai_resources' returned '0': CMAKE_PREFIX_PATH=${CMAKE_PREFIX_PATH}:/home/dxf/WHEELTEC_S300Pro_mini/install/wheeltec_robot_keyboard:/home/dxf/WHEELTEC_S300Pro_mini/install/simple_follower_ros2:/home/dxf/WHEELTEC_S300Pro_mini/install/ollama_ros_chat:/home/dxf/WHEELTEC_S300Pro_mini/install/nav2_waypoint_cycle:/home/dxf/WHEELTEC_S300Pro_mini/install/auto_recharge_ros2:/opt/ros/humble PS1=\n(TraeAI-5) \w [$?] $ __trae_PS1=\n(TraeAI-5) \w [$?] $ /usr/bin/cmake --install /home/dxf/wheeltec_lebai_humble_2024_7_17/build/lebai_resources
[4.448s] INFO:colcon.colcon_core.shell:Creating environment descriptor '/home/dxf/wheeltec_lebai_humble_2024_7_17/install/lebai_resources/share/lebai_resources/hook/cmake_prefix_path.dsv'
[4.449s] INFO:colcon.colcon_core.shell:Creating environment hook '/home/dxf/wheeltec_lebai_humble_2024_7_17/install/lebai_resources/share/lebai_resources/hook/cmake_prefix_path.sh'
[4.450s] Level 1:colcon.colcon_core.environment:checking '/home/dxf/wheeltec_lebai_humble_2024_7_17/install/lebai_resources/bin'
[4.450s] Level 1:colcon.colcon_core.environment:checking '/home/dxf/wheeltec_lebai_humble_2024_7_17/install/lebai_resources/lib/pkgconfig/lebai_resources.pc'
[4.451s] Level 1:colcon.colcon_core.environment:checking '/home/dxf/wheeltec_lebai_humble_2024_7_17/install/lebai_resources/lib/python3.10/site-packages'
[4.452s] Level 1:colcon.colcon_core.environment:checking '/home/dxf/wheeltec_lebai_humble_2024_7_17/install/lebai_resources/bin'
[4.452s] INFO:colcon.colcon_core.shell:Creating package script '/home/dxf/wheeltec_lebai_humble_2024_7_17/install/lebai_resources/share/lebai_resources/package.ps1'
[4.453s] INFO:colcon.colcon_core.shell:Creating package descriptor '/home/dxf/wheeltec_lebai_humble_2024_7_17/install/lebai_resources/share/lebai_resources/package.dsv'
[4.454s] INFO:colcon.colcon_core.shell:Creating package script '/home/dxf/wheeltec_lebai_humble_2024_7_17/install/lebai_resources/share/lebai_resources/package.sh'
[4.455s] INFO:colcon.colcon_core.shell:Creating package script '/home/dxf/wheeltec_lebai_humble_2024_7_17/install/lebai_resources/share/lebai_resources/package.bash'
[4.472s] INFO:colcon.colcon_core.shell:Creating package script '/home/dxf/wheeltec_lebai_humble_2024_7_17/install/lebai_resources/share/lebai_resources/package.zsh'
[4.481s] Level 1:colcon.colcon_core.environment:create_file_with_runtime_dependencies(/home/dxf/wheeltec_lebai_humble_2024_7_17/install/lebai_resources/share/colcon-core/packages/lebai_resources)
[4.491s] Level 1:colcon.colcon_core.environment:create_environment_scripts_only(lebai_resources)
[4.493s] Level 1:colcon.colcon_core.environment:checking '/home/dxf/wheeltec_lebai_humble_2024_7_17/install/lebai_resources' for CMake module files
[4.504s] Level 1:colcon.colcon_core.environment:checking '/home/dxf/wheeltec_lebai_humble_2024_7_17/install/lebai_resources' for CMake config files
[4.508s] Level 1:colcon.colcon_core.shell:create_environment_hook('lebai_resources', 'cmake_prefix_path')
[4.509s] INFO:colcon.colcon_core.shell:Creating environment hook '/home/dxf/wheeltec_lebai_humble_2024_7_17/install/lebai_resources/share/lebai_resources/hook/cmake_prefix_path.ps1'
[4.512s] INFO:colcon.colcon_core.shell:Creating environment descriptor '/home/dxf/wheeltec_lebai_humble_2024_7_17/install/lebai_resources/share/lebai_resources/hook/cmake_prefix_path.dsv'
[4.527s] INFO:colcon.colcon_core.shell:Creating environment hook '/home/dxf/wheeltec_lebai_humble_2024_7_17/install/lebai_resources/share/lebai_resources/hook/cmake_prefix_path.sh'
[4.540s] Level 1:colcon.colcon_core.environment:checking '/home/dxf/wheeltec_lebai_humble_2024_7_17/install/lebai_resources/bin'
[4.541s] Level 1:colcon.colcon_core.environment:checking '/home/dxf/wheeltec_lebai_humble_2024_7_17/install/lebai_resources/lib/pkgconfig/lebai_resources.pc'
[4.541s] Level 1:colcon.colcon_core.environment:checking '/home/dxf/wheeltec_lebai_humble_2024_7_17/install/lebai_resources/lib/python3.10/site-packages'
[4.542s] Level 1:colcon.colcon_core.environment:checking '/home/dxf/wheeltec_lebai_humble_2024_7_17/install/lebai_resources/bin'
[4.543s] INFO:colcon.colcon_core.shell:Creating package script '/home/dxf/wheeltec_lebai_humble_2024_7_17/install/lebai_resources/share/lebai_resources/package.ps1'
[4.563s] INFO:colcon.colcon_core.shell:Creating package descriptor '/home/dxf/wheeltec_lebai_humble_2024_7_17/install/lebai_resources/share/lebai_resources/package.dsv'
[4.564s] INFO:colcon.colcon_core.shell:Creating package script '/home/dxf/wheeltec_lebai_humble_2024_7_17/install/lebai_resources/share/lebai_resources/package.sh'
[4.565s] INFO:colcon.colcon_core.shell:Creating package script '/home/dxf/wheeltec_lebai_humble_2024_7_17/install/lebai_resources/share/lebai_resources/package.bash'
[4.566s] INFO:colcon.colcon_core.shell:Creating package script '/home/dxf/wheeltec_lebai_humble_2024_7_17/install/lebai_resources/share/lebai_resources/package.zsh'
[4.567s] Level 1:colcon.colcon_core.environment:create_file_with_runtime_dependencies(/home/dxf/wheeltec_lebai_humble_2024_7_17/install/lebai_resources/share/colcon-core/packages/lebai_resources)
[4.593s] Level 1:colcon.colcon_core.environment:create_environment_scripts_only(lebai_lm3_moveit_config)
[4.595s] DEBUG:colcon.colcon_core.event_handler.log_command:Invoked command in '/home/dxf/wheeltec_lebai_humble_2024_7_17/build/lebai_lm3_moveit_config' returned '0': AMENT_PREFIX_PATH=/home/dxf/wheeltec_lebai_humble_2024_7_17/install/lebai_lm3_support:${AMENT_PREFIX_PATH} CMAKE_PREFIX_PATH=/home/dxf/wheeltec_lebai_humble_2024_7_17/install/lebai_lm3_support:/usr/local/opencv410:/home/dxf/WHEELTEC_S300Pro_mini/install/yesense_std_ros2:/home/dxf/WHEELTEC_S300Pro_mini/install/yesense_interface:/home/dxf/WHEELTEC_S300Pro_mini/install/wheeltec_ultrasonic:/home/dxf/WHEELTEC_S300Pro_mini/install/wheeltec_slam_toolbox:/home/dxf/WHEELTEC_S300Pro_mini/install/wheeltec_rviz2:/home/dxf/WHEELTEC_S300Pro_mini/install/wheeltec_rrt_msg:/home/dxf/WHEELTEC_S300Pro_mini/install/wheeltec_robot_rtab:/home/dxf/WHEELTEC_S300Pro_mini/install/wheeltec_robot_rrt:/home/dxf/WHEELTEC_S300Pro_mini/install/wheeltec_robot_kcf:/home/dxf/WHEELTEC_S300Pro_mini/install/wheeltec_path_follow:/home/dxf/WHEELTEC_S300Pro_mini/install/wheeltec_nav2:/home/dxf/WHEELTEC_S300Pro_mini/install/wheeltec_mic_ros2:/home/dxf/WHEELTEC_S300Pro_mini/install/wheeltec_mic_msg:/home/dxf/WHEELTEC_S300Pro_mini/install/wheeltec_joy:/home/dxf/WHEELTEC_S300Pro_mini/install/wheeltec_cartographer:/home/dxf/WHEELTEC_S300Pro_mini/install/web_video_server:/home/dxf/WHEELTEC_S300Pro_mini/install/usb_cam:/home/dxf/WHEELTEC_S300Pro_mini/install/turn_on_wheeltec_robot:/home/dxf/WHEELTEC_S300Pro_mini/install/slam_gmapping:/home/dxf/WHEELTEC_S300Pro_mini/install/bodyreader:/home/dxf/WHEELTEC_S300Pro_mini/install/serial:/home/dxf/WHEELTEC_S300Pro_mini/install/robot_interfaces:/home/dxf/WHEELTEC_S300Pro_mini/install/rm_description:/home/dxf/WHEELTEC_S300Pro_mini/install/qt_ros_test:/home/dxf/WHEELTEC_S300Pro_mini/install/orb_slam2_ros:/home/dxf/WHEELTEC_S300Pro_mini/install/openslam_gmapping:/home/dxf/WHEELTEC_S300Pro_mini/install/ollama_ros_msgs:/home/dxf/WHEELTEC_S300Pro_mini/install/lslidar_driver:/home/dxf/WHEELTEC_S300Pro_mini/install/lslidar_msgs:/home/dxf/WHEELTEC_S300Pro_mini/install/ldlidar_stl_ros2:/home/dxf/WHEELTEC_S300Pro_mini/install/ldlidar_sl_ros2:/home/dxf/WHEELTEC_S300Pro_mini/install/double_lidar_fusion:/home/dxf/WHEELTEC_S300Pro_mini/install/bodyreader_msg:/home/dxf/WHEELTEC_S300Pro_mini/install/astra_camera:/home/dxf/WHEELTEC_S300Pro_mini/install/astra_camera_msgs:/home/dxf/WHEELTEC_S300Pro_mini/install/aruco_ros:/home/dxf/WHEELTEC_S300Pro_mini/install/aruco_msgs:/home/dxf/WHEELTEC_S300Pro_mini/install/aruco:/usr/local/opencv410:/home/dxf/WHEELTEC_S300Pro_mini/install/wheeltec_robot_keyboard:/home/dxf/WHEELTEC_S300Pro_mini/install/simple_follower_ros2:/home/dxf/WHEELTEC_S300Pro_mini/install/ollama_ros_chat:/home/dxf/WHEELTEC_S300Pro_mini/install/nav2_waypoint_cycle:/home/dxf/WHEELTEC_S300Pro_mini/install/auto_recharge_ros2:/opt/ros/humble PS1=\n(TraeAI-5) \w [$?] $ __trae_PS1=\n(TraeAI-5) \w [$?] $ /usr/bin/cmake --install /home/dxf/wheeltec_lebai_humble_2024_7_17/build/lebai_lm3_moveit_config
[4.595s] Level 1:colcon.colcon_core.environment:checking '/home/dxf/wheeltec_lebai_humble_2024_7_17/install/lebai_lm3_moveit_config' for CMake module files
[4.597s] Level 1:colcon.colcon_core.environment:checking '/home/dxf/wheeltec_lebai_humble_2024_7_17/install/lebai_lm3_moveit_config' for CMake config files
[4.598s] Level 1:colcon.colcon_core.shell:create_environment_hook('lebai_lm3_moveit_config', 'cmake_prefix_path')
[4.598s] INFO:colcon.colcon_core.shell:Creating environment hook '/home/dxf/wheeltec_lebai_humble_2024_7_17/install/lebai_lm3_moveit_config/share/lebai_lm3_moveit_config/hook/cmake_prefix_path.ps1'
[4.601s] INFO:colcon.colcon_core.shell:Creating environment descriptor '/home/dxf/wheeltec_lebai_humble_2024_7_17/install/lebai_lm3_moveit_config/share/lebai_lm3_moveit_config/hook/cmake_prefix_path.dsv'
[4.610s] INFO:colcon.colcon_core.shell:Creating environment hook '/home/dxf/wheeltec_lebai_humble_2024_7_17/install/lebai_lm3_moveit_config/share/lebai_lm3_moveit_config/hook/cmake_prefix_path.sh'
[4.621s] Level 1:colcon.colcon_core.environment:checking '/home/dxf/wheeltec_lebai_humble_2024_7_17/install/lebai_lm3_moveit_config/bin'
[4.622s] Level 1:colcon.colcon_core.environment:checking '/home/dxf/wheeltec_lebai_humble_2024_7_17/install/lebai_lm3_moveit_config/lib/pkgconfig/lebai_lm3_moveit_config.pc'
[4.624s] Level 1:colcon.colcon_core.environment:checking '/home/dxf/wheeltec_lebai_humble_2024_7_17/install/lebai_lm3_moveit_config/lib/python3.10/site-packages'
[4.627s] Level 1:colcon.colcon_core.environment:checking '/home/dxf/wheeltec_lebai_humble_2024_7_17/install/lebai_lm3_moveit_config/bin'
[4.630s] INFO:colcon.colcon_core.shell:Creating package script '/home/dxf/wheeltec_lebai_humble_2024_7_17/install/lebai_lm3_moveit_config/share/lebai_lm3_moveit_config/package.ps1'
[4.635s] INFO:colcon.colcon_core.shell:Creating package descriptor '/home/dxf/wheeltec_lebai_humble_2024_7_17/install/lebai_lm3_moveit_config/share/lebai_lm3_moveit_config/package.dsv'
[4.646s] INFO:colcon.colcon_core.shell:Creating package script '/home/dxf/wheeltec_lebai_humble_2024_7_17/install/lebai_lm3_moveit_config/share/lebai_lm3_moveit_config/package.sh'
[4.649s] INFO:colcon.colcon_core.shell:Creating package script '/home/dxf/wheeltec_lebai_humble_2024_7_17/install/lebai_lm3_moveit_config/share/lebai_lm3_moveit_config/package.bash'
[4.651s] INFO:colcon.colcon_core.shell:Creating package script '/home/dxf/wheeltec_lebai_humble_2024_7_17/install/lebai_lm3_moveit_config/share/lebai_lm3_moveit_config/package.zsh'
[4.654s] Level 1:colcon.colcon_core.environment:create_file_with_runtime_dependencies(/home/dxf/wheeltec_lebai_humble_2024_7_17/install/lebai_lm3_moveit_config/share/colcon-core/packages/lebai_lm3_moveit_config)
[4.668s] Level 1:colcon.colcon_core.environment:create_environment_scripts_only(lebai_lm3_moveit_config)
[4.675s] Level 1:colcon.colcon_core.environment:checking '/home/dxf/wheeltec_lebai_humble_2024_7_17/install/lebai_lm3_moveit_config' for CMake module files
[4.685s] Level 1:colcon.colcon_core.environment:checking '/home/dxf/wheeltec_lebai_humble_2024_7_17/install/lebai_lm3_moveit_config' for CMake config files
[4.691s] Level 1:colcon.colcon_core.shell:create_environment_hook('lebai_lm3_moveit_config', 'cmake_prefix_path')
[4.709s] INFO:colcon.colcon_core.shell:Creating environment hook '/home/dxf/wheeltec_lebai_humble_2024_7_17/install/lebai_lm3_moveit_config/share/lebai_lm3_moveit_config/hook/cmake_prefix_path.ps1'
[4.717s] INFO:colcon.colcon_core.shell:Creating environment descriptor '/home/dxf/wheeltec_lebai_humble_2024_7_17/install/lebai_lm3_moveit_config/share/lebai_lm3_moveit_config/hook/cmake_prefix_path.dsv'
[4.727s] INFO:colcon.colcon_core.shell:Creating environment hook '/home/dxf/wheeltec_lebai_humble_2024_7_17/install/lebai_lm3_moveit_config/share/lebai_lm3_moveit_config/hook/cmake_prefix_path.sh'
[4.741s] Level 1:colcon.colcon_core.environment:checking '/home/dxf/wheeltec_lebai_humble_2024_7_17/install/lebai_lm3_moveit_config/bin'
[4.741s] Level 1:colcon.colcon_core.environment:checking '/home/dxf/wheeltec_lebai_humble_2024_7_17/install/lebai_lm3_moveit_config/lib/pkgconfig/lebai_lm3_moveit_config.pc'
[4.742s] Level 1:colcon.colcon_core.environment:checking '/home/dxf/wheeltec_lebai_humble_2024_7_17/install/lebai_lm3_moveit_config/lib/python3.10/site-packages'
[4.744s] Level 1:colcon.colcon_core.environment:checking '/home/dxf/wheeltec_lebai_humble_2024_7_17/install/lebai_lm3_moveit_config/bin'
[4.746s] INFO:colcon.colcon_core.shell:Creating package script '/home/dxf/wheeltec_lebai_humble_2024_7_17/install/lebai_lm3_moveit_config/share/lebai_lm3_moveit_config/package.ps1'
[4.750s] INFO:colcon.colcon_core.shell:Creating package descriptor '/home/dxf/wheeltec_lebai_humble_2024_7_17/install/lebai_lm3_moveit_config/share/lebai_lm3_moveit_config/package.dsv'
[4.759s] INFO:colcon.colcon_core.shell:Creating package script '/home/dxf/wheeltec_lebai_humble_2024_7_17/install/lebai_lm3_moveit_config/share/lebai_lm3_moveit_config/package.sh'
[4.768s] INFO:colcon.colcon_core.shell:Creating package script '/home/dxf/wheeltec_lebai_humble_2024_7_17/install/lebai_lm3_moveit_config/share/lebai_lm3_moveit_config/package.bash'
[4.779s] INFO:colcon.colcon_core.shell:Creating package script '/home/dxf/wheeltec_lebai_humble_2024_7_17/install/lebai_lm3_moveit_config/share/lebai_lm3_moveit_config/package.zsh'
[4.790s] Level 1:colcon.colcon_core.environment:create_file_with_runtime_dependencies(/home/dxf/wheeltec_lebai_humble_2024_7_17/install/lebai_lm3_moveit_config/share/colcon-core/packages/lebai_lm3_moveit_config)
[5.407s] DEBUG:colcon.colcon_core.event_handler.log_command:Invoked command in '/home/dxf/wheeltec_lebai_humble_2024_7_17/build/lebai_interfaces' returned '0': CMAKE_PREFIX_PATH=${CMAKE_PREFIX_PATH}:/home/dxf/WHEELTEC_S300Pro_mini/install/wheeltec_robot_keyboard:/home/dxf/WHEELTEC_S300Pro_mini/install/simple_follower_ros2:/home/dxf/WHEELTEC_S300Pro_mini/install/ollama_ros_chat:/home/dxf/WHEELTEC_S300Pro_mini/install/nav2_waypoint_cycle:/home/dxf/WHEELTEC_S300Pro_mini/install/auto_recharge_ros2:/opt/ros/humble PS1=\n(TraeAI-5) \w [$?] $ __trae_PS1=\n(TraeAI-5) \w [$?] $ /usr/bin/cmake --build /home/dxf/wheeltec_lebai_humble_2024_7_17/build/lebai_interfaces -- -j6 -l6
[5.437s] DEBUG:colcon.colcon_core.event_handler.log_command:Invoking command in '/home/dxf/wheeltec_lebai_humble_2024_7_17/build/lebai_interfaces': CMAKE_PREFIX_PATH=${CMAKE_PREFIX_PATH}:/home/dxf/WHEELTEC_S300Pro_mini/install/wheeltec_robot_keyboard:/home/dxf/WHEELTEC_S300Pro_mini/install/simple_follower_ros2:/home/dxf/WHEELTEC_S300Pro_mini/install/ollama_ros_chat:/home/dxf/WHEELTEC_S300Pro_mini/install/nav2_waypoint_cycle:/home/dxf/WHEELTEC_S300Pro_mini/install/auto_recharge_ros2:/opt/ros/humble PS1=\n(TraeAI-5) \w [$?] $ __trae_PS1=\n(TraeAI-5) \w [$?] $ /usr/bin/cmake --install /home/dxf/wheeltec_lebai_humble_2024_7_17/build/lebai_interfaces
[7.211s] Level 1:colcon.colcon_core.environment:create_environment_scripts_only(lebai_interfaces)
[7.212s] Level 1:colcon.colcon_core.environment:checking '/home/dxf/wheeltec_lebai_humble_2024_7_17/install/lebai_interfaces' for CMake module files
[7.213s] Level 1:colcon.colcon_core.environment:checking '/home/dxf/wheeltec_lebai_humble_2024_7_17/install/lebai_interfaces' for CMake config files
[7.216s] DEBUG:colcon.colcon_core.event_handler.log_command:Invoked command in '/home/dxf/wheeltec_lebai_humble_2024_7_17/build/lebai_interfaces' returned '0': CMAKE_PREFIX_PATH=${CMAKE_PREFIX_PATH}:/home/dxf/WHEELTEC_S300Pro_mini/install/wheeltec_robot_keyboard:/home/dxf/WHEELTEC_S300Pro_mini/install/simple_follower_ros2:/home/dxf/WHEELTEC_S300Pro_mini/install/ollama_ros_chat:/home/dxf/WHEELTEC_S300Pro_mini/install/nav2_waypoint_cycle:/home/dxf/WHEELTEC_S300Pro_mini/install/auto_recharge_ros2:/opt/ros/humble PS1=\n(TraeAI-5) \w [$?] $ __trae_PS1=\n(TraeAI-5) \w [$?] $ /usr/bin/cmake --install /home/dxf/wheeltec_lebai_humble_2024_7_17/build/lebai_interfaces
[7.217s] Level 1:colcon.colcon_core.shell:create_environment_hook('lebai_interfaces', 'cmake_prefix_path')
[7.218s] INFO:colcon.colcon_core.shell:Creating environment hook '/home/dxf/wheeltec_lebai_humble_2024_7_17/install/lebai_interfaces/share/lebai_interfaces/hook/cmake_prefix_path.ps1'
[7.227s] INFO:colcon.colcon_core.shell:Creating environment descriptor '/home/dxf/wheeltec_lebai_humble_2024_7_17/install/lebai_interfaces/share/lebai_interfaces/hook/cmake_prefix_path.dsv'
[7.232s] INFO:colcon.colcon_core.shell:Creating environment hook '/home/dxf/wheeltec_lebai_humble_2024_7_17/install/lebai_interfaces/share/lebai_interfaces/hook/cmake_prefix_path.sh'
[7.242s] Level 1:colcon.colcon_core.environment:checking '/home/dxf/wheeltec_lebai_humble_2024_7_17/install/lebai_interfaces/lib'
[7.244s] Level 1:colcon.colcon_core.shell:create_environment_hook('lebai_interfaces', 'ld_library_path_lib')
[7.245s] INFO:colcon.colcon_core.shell:Creating environment hook '/home/dxf/wheeltec_lebai_humble_2024_7_17/install/lebai_interfaces/share/lebai_interfaces/hook/ld_library_path_lib.ps1'
[7.254s] INFO:colcon.colcon_core.shell:Creating environment descriptor '/home/dxf/wheeltec_lebai_humble_2024_7_17/install/lebai_interfaces/share/lebai_interfaces/hook/ld_library_path_lib.dsv'
[7.280s] INFO:colcon.colcon_core.shell:Creating environment hook '/home/dxf/wheeltec_lebai_humble_2024_7_17/install/lebai_interfaces/share/lebai_interfaces/hook/ld_library_path_lib.sh'
[7.297s] Level 1:colcon.colcon_core.environment:checking '/home/dxf/wheeltec_lebai_humble_2024_7_17/install/lebai_interfaces/bin'
[7.298s] Level 1:colcon.colcon_core.environment:checking '/home/dxf/wheeltec_lebai_humble_2024_7_17/install/lebai_interfaces/lib/pkgconfig/lebai_interfaces.pc'
[7.299s] Level 1:colcon.colcon_core.environment:checking '/home/dxf/wheeltec_lebai_humble_2024_7_17/install/lebai_interfaces/lib/python3.10/site-packages'
[7.301s] Level 1:colcon.colcon_core.environment:checking '/home/dxf/wheeltec_lebai_humble_2024_7_17/install/lebai_interfaces/bin'
[7.305s] INFO:colcon.colcon_core.shell:Creating package script '/home/dxf/wheeltec_lebai_humble_2024_7_17/install/lebai_interfaces/share/lebai_interfaces/package.ps1'
[7.311s] INFO:colcon.colcon_core.shell:Creating package descriptor '/home/dxf/wheeltec_lebai_humble_2024_7_17/install/lebai_interfaces/share/lebai_interfaces/package.dsv'
[7.317s] INFO:colcon.colcon_core.shell:Creating package script '/home/dxf/wheeltec_lebai_humble_2024_7_17/install/lebai_interfaces/share/lebai_interfaces/package.sh'
[7.330s] INFO:colcon.colcon_core.shell:Creating package script '/home/dxf/wheeltec_lebai_humble_2024_7_17/install/lebai_interfaces/share/lebai_interfaces/package.bash'
[7.340s] INFO:colcon.colcon_core.shell:Creating package script '/home/dxf/wheeltec_lebai_humble_2024_7_17/install/lebai_interfaces/share/lebai_interfaces/package.zsh'
[7.350s] Level 1:colcon.colcon_core.environment:create_file_with_runtime_dependencies(/home/dxf/wheeltec_lebai_humble_2024_7_17/install/lebai_interfaces/share/colcon-core/packages/lebai_interfaces)
[7.364s] Level 1:colcon.colcon_core.environment:create_environment_scripts_only(lebai_interfaces)
[7.368s] Level 1:colcon.colcon_core.environment:checking '/home/dxf/wheeltec_lebai_humble_2024_7_17/install/lebai_interfaces' for CMake module files
[7.379s] Level 1:colcon.colcon_core.environment:checking '/home/dxf/wheeltec_lebai_humble_2024_7_17/install/lebai_interfaces' for CMake config files
[7.396s] Level 1:colcon.colcon_core.shell:create_environment_hook('lebai_interfaces', 'cmake_prefix_path')
[7.398s] INFO:colcon.colcon_core.shell:Creating environment hook '/home/dxf/wheeltec_lebai_humble_2024_7_17/install/lebai_interfaces/share/lebai_interfaces/hook/cmake_prefix_path.ps1'
[7.407s] INFO:colcon.colcon_core.shell:Creating environment descriptor '/home/dxf/wheeltec_lebai_humble_2024_7_17/install/lebai_interfaces/share/lebai_interfaces/hook/cmake_prefix_path.dsv'
[7.421s] INFO:colcon.colcon_core.shell:Creating environment hook '/home/dxf/wheeltec_lebai_humble_2024_7_17/install/lebai_interfaces/share/lebai_interfaces/hook/cmake_prefix_path.sh'
[7.451s] Level 1:colcon.colcon_core.environment:checking '/home/dxf/wheeltec_lebai_humble_2024_7_17/install/lebai_interfaces/lib'
[7.453s] Level 1:colcon.colcon_core.shell:create_environment_hook('lebai_interfaces', 'ld_library_path_lib')
[7.454s] INFO:colcon.colcon_core.shell:Creating environment hook '/home/dxf/wheeltec_lebai_humble_2024_7_17/install/lebai_interfaces/share/lebai_interfaces/hook/ld_library_path_lib.ps1'
[7.463s] INFO:colcon.colcon_core.shell:Creating environment descriptor '/home/dxf/wheeltec_lebai_humble_2024_7_17/install/lebai_interfaces/share/lebai_interfaces/hook/ld_library_path_lib.dsv'
[7.472s] INFO:colcon.colcon_core.shell:Creating environment hook '/home/dxf/wheeltec_lebai_humble_2024_7_17/install/lebai_interfaces/share/lebai_interfaces/hook/ld_library_path_lib.sh'
[7.499s] Level 1:colcon.colcon_core.environment:checking '/home/dxf/wheeltec_lebai_humble_2024_7_17/install/lebai_interfaces/bin'
[7.501s] Level 1:colcon.colcon_core.environment:checking '/home/dxf/wheeltec_lebai_humble_2024_7_17/install/lebai_interfaces/lib/pkgconfig/lebai_interfaces.pc'
[7.502s] Level 1:colcon.colcon_core.environment:checking '/home/dxf/wheeltec_lebai_humble_2024_7_17/install/lebai_interfaces/lib/python3.10/site-packages'
[7.505s] Level 1:colcon.colcon_core.environment:checking '/home/dxf/wheeltec_lebai_humble_2024_7_17/install/lebai_interfaces/bin'
[7.513s] INFO:colcon.colcon_core.shell:Creating package script '/home/dxf/wheeltec_lebai_humble_2024_7_17/install/lebai_interfaces/share/lebai_interfaces/package.ps1'
[7.533s] INFO:colcon.colcon_core.shell:Creating package descriptor '/home/dxf/wheeltec_lebai_humble_2024_7_17/install/lebai_interfaces/share/lebai_interfaces/package.dsv'
[7.544s] INFO:colcon.colcon_core.shell:Creating package script '/home/dxf/wheeltec_lebai_humble_2024_7_17/install/lebai_interfaces/share/lebai_interfaces/package.sh'
[7.546s] INFO:colcon.colcon_core.shell:Creating package script '/home/dxf/wheeltec_lebai_humble_2024_7_17/install/lebai_interfaces/share/lebai_interfaces/package.bash'
[7.547s] INFO:colcon.colcon_core.shell:Creating package script '/home/dxf/wheeltec_lebai_humble_2024_7_17/install/lebai_interfaces/share/lebai_interfaces/package.zsh'
[7.549s] Level 1:colcon.colcon_core.environment:create_file_with_runtime_dependencies(/home/dxf/wheeltec_lebai_humble_2024_7_17/install/lebai_interfaces/share/colcon-core/packages/lebai_interfaces)
[7.550s] INFO:colcon.colcon_ros.task.ament_cmake.build:Building ROS package in '/home/dxf/wheeltec_lebai_humble_2024_7_17/src/lebai-ros-sdk-humble-dev/lebai_tutorials' with build type 'ament_cmake'
[7.555s] INFO:colcon.colcon_cmake.task.cmake.build:Building CMake package in '/home/dxf/wheeltec_lebai_humble_2024_7_17/src/lebai-ros-sdk-humble-dev/lebai_tutorials'
[7.562s] INFO:colcon.colcon_core.shell:Skip shell extension 'powershell' for command environment: Not usable outside of PowerShell
[7.565s] DEBUG:colcon.colcon_core.shell:Skip shell extension 'dsv' for command environment
[7.754s] DEBUG:colcon.colcon_core.event_handler.log_command:Invoking command in '/home/dxf/wheeltec_lebai_humble_2024_7_17/src/lebai-ros-sdk-humble-dev/lebai_driver': PS1=\n(TraeAI-5) \w [$?] $ PYTHONPATH=/home/dxf/wheeltec_lebai_humble_2024_7_17/build/lebai_driver/prefix_override:/usr/lib/python3/dist-packages/colcon_core/task/python/colcon_distutils_commands:/home/dxf/wheeltec_lebai_humble_2024_7_17/install/lebai_driver/lib/python3.10/site-packages:${PYTHONPATH} __trae_PS1=\n(TraeAI-5) \w [$?] $ /usr/bin/python3 -W ignore:setup.py install is deprecated -W ignore:easy_install command is deprecated setup.py egg_info --egg-base ../../../build/lebai_driver build --build-base /home/dxf/wheeltec_lebai_humble_2024_7_17/build/lebai_driver/build install --record /home/dxf/wheeltec_lebai_humble_2024_7_17/build/lebai_driver/install.log --single-version-externally-managed install_data
[7.830s] DEBUG:colcon.colcon_core.event_handler.log_command:Invoking command in '/home/dxf/wheeltec_lebai_humble_2024_7_17/build/lebai_tutorials': AMENT_PREFIX_PATH=/home/dxf/wheeltec_lebai_humble_2024_7_17/install/lebai_interfaces:${AMENT_PREFIX_PATH} CMAKE_PREFIX_PATH=/home/dxf/wheeltec_lebai_humble_2024_7_17/install/lebai_interfaces:/usr/local/opencv410:/home/dxf/WHEELTEC_S300Pro_mini/install/yesense_std_ros2:/home/dxf/WHEELTEC_S300Pro_mini/install/yesense_interface:/home/dxf/WHEELTEC_S300Pro_mini/install/wheeltec_ultrasonic:/home/dxf/WHEELTEC_S300Pro_mini/install/wheeltec_slam_toolbox:/home/dxf/WHEELTEC_S300Pro_mini/install/wheeltec_rviz2:/home/dxf/WHEELTEC_S300Pro_mini/install/wheeltec_rrt_msg:/home/dxf/WHEELTEC_S300Pro_mini/install/wheeltec_robot_rtab:/home/dxf/WHEELTEC_S300Pro_mini/install/wheeltec_robot_rrt:/home/dxf/WHEELTEC_S300Pro_mini/install/wheeltec_robot_kcf:/home/dxf/WHEELTEC_S300Pro_mini/install/wheeltec_path_follow:/home/dxf/WHEELTEC_S300Pro_mini/install/wheeltec_nav2:/home/dxf/WHEELTEC_S300Pro_mini/install/wheeltec_mic_ros2:/home/dxf/WHEELTEC_S300Pro_mini/install/wheeltec_mic_msg:/home/dxf/WHEELTEC_S300Pro_mini/install/wheeltec_joy:/home/dxf/WHEELTEC_S300Pro_mini/install/wheeltec_cartographer:/home/dxf/WHEELTEC_S300Pro_mini/install/web_video_server:/home/dxf/WHEELTEC_S300Pro_mini/install/usb_cam:/home/dxf/WHEELTEC_S300Pro_mini/install/turn_on_wheeltec_robot:/home/dxf/WHEELTEC_S300Pro_mini/install/slam_gmapping:/home/dxf/WHEELTEC_S300Pro_mini/install/bodyreader:/home/dxf/WHEELTEC_S300Pro_mini/install/serial:/home/dxf/WHEELTEC_S300Pro_mini/install/robot_interfaces:/home/dxf/WHEELTEC_S300Pro_mini/install/rm_description:/home/dxf/WHEELTEC_S300Pro_mini/install/qt_ros_test:/home/dxf/WHEELTEC_S300Pro_mini/install/orb_slam2_ros:/home/dxf/WHEELTEC_S300Pro_mini/install/openslam_gmapping:/home/dxf/WHEELTEC_S300Pro_mini/install/ollama_ros_msgs:/home/dxf/WHEELTEC_S300Pro_mini/install/lslidar_driver:/home/dxf/WHEELTEC_S300Pro_mini/install/lslidar_msgs:/home/dxf/WHEELTEC_S300Pro_mini/install/ldlidar_stl_ros2:/home/dxf/WHEELTEC_S300Pro_mini/install/ldlidar_sl_ros2:/home/dxf/WHEELTEC_S300Pro_mini/install/double_lidar_fusion:/home/dxf/WHEELTEC_S300Pro_mini/install/bodyreader_msg:/home/dxf/WHEELTEC_S300Pro_mini/install/astra_camera:/home/dxf/WHEELTEC_S300Pro_mini/install/astra_camera_msgs:/home/dxf/WHEELTEC_S300Pro_mini/install/aruco_ros:/home/dxf/WHEELTEC_S300Pro_mini/install/aruco_msgs:/home/dxf/WHEELTEC_S300Pro_mini/install/aruco:/usr/local/opencv410:/home/dxf/WHEELTEC_S300Pro_mini/install/wheeltec_robot_keyboard:/home/dxf/WHEELTEC_S300Pro_mini/install/simple_follower_ros2:/home/dxf/WHEELTEC_S300Pro_mini/install/ollama_ros_chat:/home/dxf/WHEELTEC_S300Pro_mini/install/nav2_waypoint_cycle:/home/dxf/WHEELTEC_S300Pro_mini/install/auto_recharge_ros2:/opt/ros/humble LD_LIBRARY_PATH=/home/dxf/wheeltec_lebai_humble_2024_7_17/install/lebai_interfaces/lib:/usr/local/opencv410/lib:/usr/local/lib:/home/dxf/WHEELTEC_S300Pro_mini/install/yesense_interface/lib:/home/dxf/WHEELTEC_S300Pro_mini/install/wheeltec_rrt_msg/lib:/home/dxf/WHEELTEC_S300Pro_mini/install/wheeltec_robot_rrt/lib:/home/dxf/WHEELTEC_S300Pro_mini/install/wheeltec_mic_msg/lib:/home/dxf/WHEELTEC_S300Pro_mini/install/usb_cam/lib:/home/dxf/WHEELTEC_S300Pro_mini/install/turn_on_wheeltec_robot/lib:/home/dxf/WHEELTEC_S300Pro_mini/install/serial/lib:/home/dxf/WHEELTEC_S300Pro_mini/install/robot_interfaces/lib:/home/dxf/WHEELTEC_S300Pro_mini/install/orb_slam2_ros/lib:/home/dxf/WHEELTEC_S300Pro_mini/install/openslam_gmapping/lib:/home/dxf/WHEELTEC_S300Pro_mini/install/ollama_ros_msgs/lib:/home/dxf/WHEELTEC_S300Pro_mini/install/lslidar_msgs/lib:/home/dxf/WHEELTEC_S300Pro_mini/install/bodyreader_msg/lib:/home/dxf/WHEELTEC_S300Pro_mini/install/astra_camera/lib:/home/dxf/WHEELTEC_S300Pro_mini/install/astra_camera_msgs/lib:/home/dxf/WHEELTEC_S300Pro_mini/install/aruco_ros/lib:/home/dxf/WHEELTEC_S300Pro_mini/install/aruco_msgs/lib:/home/dxf/WHEELTEC_S300Pro_mini/install/aruco/lib:/usr/local/cuda-12.6/lib64:/usr/local/opencv410/lib:/usr/local/lib:/opt/ros/humble/opt/rviz_ogre_vendor/lib:/opt/ros/humble/lib/aarch64-linux-gnu:/opt/ros/humble/lib:/usr/local/cuda-12.6/lib64 PS1=\n(TraeAI-5) \w [$?] $ PYTHONPATH=/home/dxf/wheeltec_lebai_humble_2024_7_17/install/lebai_interfaces/local/lib/python3.10/dist-packages:${PYTHONPATH} __trae_PS1=\n(TraeAI-5) \w [$?] $ /usr/bin/cmake --build /home/dxf/wheeltec_lebai_humble_2024_7_17/build/lebai_tutorials -- -j6 -l6
[9.093s] DEBUG:colcon.colcon_core.event_handler.log_command:Invoked command in '/home/dxf/wheeltec_lebai_humble_2024_7_17/build/lebai_tutorials' returned '0': AMENT_PREFIX_PATH=/home/dxf/wheeltec_lebai_humble_2024_7_17/install/lebai_interfaces:${AMENT_PREFIX_PATH} CMAKE_PREFIX_PATH=/home/dxf/wheeltec_lebai_humble_2024_7_17/install/lebai_interfaces:/usr/local/opencv410:/home/dxf/WHEELTEC_S300Pro_mini/install/yesense_std_ros2:/home/dxf/WHEELTEC_S300Pro_mini/install/yesense_interface:/home/dxf/WHEELTEC_S300Pro_mini/install/wheeltec_ultrasonic:/home/dxf/WHEELTEC_S300Pro_mini/install/wheeltec_slam_toolbox:/home/dxf/WHEELTEC_S300Pro_mini/install/wheeltec_rviz2:/home/dxf/WHEELTEC_S300Pro_mini/install/wheeltec_rrt_msg:/home/dxf/WHEELTEC_S300Pro_mini/install/wheeltec_robot_rtab:/home/dxf/WHEELTEC_S300Pro_mini/install/wheeltec_robot_rrt:/home/dxf/WHEELTEC_S300Pro_mini/install/wheeltec_robot_kcf:/home/dxf/WHEELTEC_S300Pro_mini/install/wheeltec_path_follow:/home/dxf/WHEELTEC_S300Pro_mini/install/wheeltec_nav2:/home/dxf/WHEELTEC_S300Pro_mini/install/wheeltec_mic_ros2:/home/dxf/WHEELTEC_S300Pro_mini/install/wheeltec_mic_msg:/home/dxf/WHEELTEC_S300Pro_mini/install/wheeltec_joy:/home/dxf/WHEELTEC_S300Pro_mini/install/wheeltec_cartographer:/home/dxf/WHEELTEC_S300Pro_mini/install/web_video_server:/home/dxf/WHEELTEC_S300Pro_mini/install/usb_cam:/home/dxf/WHEELTEC_S300Pro_mini/install/turn_on_wheeltec_robot:/home/dxf/WHEELTEC_S300Pro_mini/install/slam_gmapping:/home/dxf/WHEELTEC_S300Pro_mini/install/bodyreader:/home/dxf/WHEELTEC_S300Pro_mini/install/serial:/home/dxf/WHEELTEC_S300Pro_mini/install/robot_interfaces:/home/dxf/WHEELTEC_S300Pro_mini/install/rm_description:/home/dxf/WHEELTEC_S300Pro_mini/install/qt_ros_test:/home/dxf/WHEELTEC_S300Pro_mini/install/orb_slam2_ros:/home/dxf/WHEELTEC_S300Pro_mini/install/openslam_gmapping:/home/dxf/WHEELTEC_S300Pro_mini/install/ollama_ros_msgs:/home/dxf/WHEELTEC_S300Pro_mini/install/lslidar_driver:/home/dxf/WHEELTEC_S300Pro_mini/install/lslidar_msgs:/home/dxf/WHEELTEC_S300Pro_mini/install/ldlidar_stl_ros2:/home/dxf/WHEELTEC_S300Pro_mini/install/ldlidar_sl_ros2:/home/dxf/WHEELTEC_S300Pro_mini/install/double_lidar_fusion:/home/dxf/WHEELTEC_S300Pro_mini/install/bodyreader_msg:/home/dxf/WHEELTEC_S300Pro_mini/install/astra_camera:/home/dxf/WHEELTEC_S300Pro_mini/install/astra_camera_msgs:/home/dxf/WHEELTEC_S300Pro_mini/install/aruco_ros:/home/dxf/WHEELTEC_S300Pro_mini/install/aruco_msgs:/home/dxf/WHEELTEC_S300Pro_mini/install/aruco:/usr/local/opencv410:/home/dxf/WHEELTEC_S300Pro_mini/install/wheeltec_robot_keyboard:/home/dxf/WHEELTEC_S300Pro_mini/install/simple_follower_ros2:/home/dxf/WHEELTEC_S300Pro_mini/install/ollama_ros_chat:/home/dxf/WHEELTEC_S300Pro_mini/install/nav2_waypoint_cycle:/home/dxf/WHEELTEC_S300Pro_mini/install/auto_recharge_ros2:/opt/ros/humble LD_LIBRARY_PATH=/home/dxf/wheeltec_lebai_humble_2024_7_17/install/lebai_interfaces/lib:/usr/local/opencv410/lib:/usr/local/lib:/home/dxf/WHEELTEC_S300Pro_mini/install/yesense_interface/lib:/home/dxf/WHEELTEC_S300Pro_mini/install/wheeltec_rrt_msg/lib:/home/dxf/WHEELTEC_S300Pro_mini/install/wheeltec_robot_rrt/lib:/home/dxf/WHEELTEC_S300Pro_mini/install/wheeltec_mic_msg/lib:/home/dxf/WHEELTEC_S300Pro_mini/install/usb_cam/lib:/home/dxf/WHEELTEC_S300Pro_mini/install/turn_on_wheeltec_robot/lib:/home/dxf/WHEELTEC_S300Pro_mini/install/serial/lib:/home/dxf/WHEELTEC_S300Pro_mini/install/robot_interfaces/lib:/home/dxf/WHEELTEC_S300Pro_mini/install/orb_slam2_ros/lib:/home/dxf/WHEELTEC_S300Pro_mini/install/openslam_gmapping/lib:/home/dxf/WHEELTEC_S300Pro_mini/install/ollama_ros_msgs/lib:/home/dxf/WHEELTEC_S300Pro_mini/install/lslidar_msgs/lib:/home/dxf/WHEELTEC_S300Pro_mini/install/bodyreader_msg/lib:/home/dxf/WHEELTEC_S300Pro_mini/install/astra_camera/lib:/home/dxf/WHEELTEC_S300Pro_mini/install/astra_camera_msgs/lib:/home/dxf/WHEELTEC_S300Pro_mini/install/aruco_ros/lib:/home/dxf/WHEELTEC_S300Pro_mini/install/aruco_msgs/lib:/home/dxf/WHEELTEC_S300Pro_mini/install/aruco/lib:/usr/local/cuda-12.6/lib64:/usr/local/opencv410/lib:/usr/local/lib:/opt/ros/humble/opt/rviz_ogre_vendor/lib:/opt/ros/humble/lib/aarch64-linux-gnu:/opt/ros/humble/lib:/usr/local/cuda-12.6/lib64 PS1=\n(TraeAI-5) \w [$?] $ PYTHONPATH=/home/dxf/wheeltec_lebai_humble_2024_7_17/install/lebai_interfaces/local/lib/python3.10/dist-packages:${PYTHONPATH} __trae_PS1=\n(TraeAI-5) \w [$?] $ /usr/bin/cmake --build /home/dxf/wheeltec_lebai_humble_2024_7_17/build/lebai_tutorials -- -j6 -l6
[9.120s] DEBUG:colcon.colcon_core.event_handler.log_command:Invoking command in '/home/dxf/wheeltec_lebai_humble_2024_7_17/build/lebai_tutorials': AMENT_PREFIX_PATH=/home/dxf/wheeltec_lebai_humble_2024_7_17/install/lebai_interfaces:${AMENT_PREFIX_PATH} CMAKE_PREFIX_PATH=/home/dxf/wheeltec_lebai_humble_2024_7_17/install/lebai_interfaces:/usr/local/opencv410:/home/dxf/WHEELTEC_S300Pro_mini/install/yesense_std_ros2:/home/dxf/WHEELTEC_S300Pro_mini/install/yesense_interface:/home/dxf/WHEELTEC_S300Pro_mini/install/wheeltec_ultrasonic:/home/dxf/WHEELTEC_S300Pro_mini/install/wheeltec_slam_toolbox:/home/dxf/WHEELTEC_S300Pro_mini/install/wheeltec_rviz2:/home/dxf/WHEELTEC_S300Pro_mini/install/wheeltec_rrt_msg:/home/dxf/WHEELTEC_S300Pro_mini/install/wheeltec_robot_rtab:/home/dxf/WHEELTEC_S300Pro_mini/install/wheeltec_robot_rrt:/home/dxf/WHEELTEC_S300Pro_mini/install/wheeltec_robot_kcf:/home/dxf/WHEELTEC_S300Pro_mini/install/wheeltec_path_follow:/home/dxf/WHEELTEC_S300Pro_mini/install/wheeltec_nav2:/home/dxf/WHEELTEC_S300Pro_mini/install/wheeltec_mic_ros2:/home/dxf/WHEELTEC_S300Pro_mini/install/wheeltec_mic_msg:/home/dxf/WHEELTEC_S300Pro_mini/install/wheeltec_joy:/home/dxf/WHEELTEC_S300Pro_mini/install/wheeltec_cartographer:/home/dxf/WHEELTEC_S300Pro_mini/install/web_video_server:/home/dxf/WHEELTEC_S300Pro_mini/install/usb_cam:/home/dxf/WHEELTEC_S300Pro_mini/install/turn_on_wheeltec_robot:/home/dxf/WHEELTEC_S300Pro_mini/install/slam_gmapping:/home/dxf/WHEELTEC_S300Pro_mini/install/bodyreader:/home/dxf/WHEELTEC_S300Pro_mini/install/serial:/home/dxf/WHEELTEC_S300Pro_mini/install/robot_interfaces:/home/dxf/WHEELTEC_S300Pro_mini/install/rm_description:/home/dxf/WHEELTEC_S300Pro_mini/install/qt_ros_test:/home/dxf/WHEELTEC_S300Pro_mini/install/orb_slam2_ros:/home/dxf/WHEELTEC_S300Pro_mini/install/openslam_gmapping:/home/dxf/WHEELTEC_S300Pro_mini/install/ollama_ros_msgs:/home/dxf/WHEELTEC_S300Pro_mini/install/lslidar_driver:/home/dxf/WHEELTEC_S300Pro_mini/install/lslidar_msgs:/home/dxf/WHEELTEC_S300Pro_mini/install/ldlidar_stl_ros2:/home/dxf/WHEELTEC_S300Pro_mini/install/ldlidar_sl_ros2:/home/dxf/WHEELTEC_S300Pro_mini/install/double_lidar_fusion:/home/dxf/WHEELTEC_S300Pro_mini/install/bodyreader_msg:/home/dxf/WHEELTEC_S300Pro_mini/install/astra_camera:/home/dxf/WHEELTEC_S300Pro_mini/install/astra_camera_msgs:/home/dxf/WHEELTEC_S300Pro_mini/install/aruco_ros:/home/dxf/WHEELTEC_S300Pro_mini/install/aruco_msgs:/home/dxf/WHEELTEC_S300Pro_mini/install/aruco:/usr/local/opencv410:/home/dxf/WHEELTEC_S300Pro_mini/install/wheeltec_robot_keyboard:/home/dxf/WHEELTEC_S300Pro_mini/install/simple_follower_ros2:/home/dxf/WHEELTEC_S300Pro_mini/install/ollama_ros_chat:/home/dxf/WHEELTEC_S300Pro_mini/install/nav2_waypoint_cycle:/home/dxf/WHEELTEC_S300Pro_mini/install/auto_recharge_ros2:/opt/ros/humble LD_LIBRARY_PATH=/home/dxf/wheeltec_lebai_humble_2024_7_17/install/lebai_interfaces/lib:/usr/local/opencv410/lib:/usr/local/lib:/home/dxf/WHEELTEC_S300Pro_mini/install/yesense_interface/lib:/home/dxf/WHEELTEC_S300Pro_mini/install/wheeltec_rrt_msg/lib:/home/dxf/WHEELTEC_S300Pro_mini/install/wheeltec_robot_rrt/lib:/home/dxf/WHEELTEC_S300Pro_mini/install/wheeltec_mic_msg/lib:/home/dxf/WHEELTEC_S300Pro_mini/install/usb_cam/lib:/home/dxf/WHEELTEC_S300Pro_mini/install/turn_on_wheeltec_robot/lib:/home/dxf/WHEELTEC_S300Pro_mini/install/serial/lib:/home/dxf/WHEELTEC_S300Pro_mini/install/robot_interfaces/lib:/home/dxf/WHEELTEC_S300Pro_mini/install/orb_slam2_ros/lib:/home/dxf/WHEELTEC_S300Pro_mini/install/openslam_gmapping/lib:/home/dxf/WHEELTEC_S300Pro_mini/install/ollama_ros_msgs/lib:/home/dxf/WHEELTEC_S300Pro_mini/install/lslidar_msgs/lib:/home/dxf/WHEELTEC_S300Pro_mini/install/bodyreader_msg/lib:/home/dxf/WHEELTEC_S300Pro_mini/install/astra_camera/lib:/home/dxf/WHEELTEC_S300Pro_mini/install/astra_camera_msgs/lib:/home/dxf/WHEELTEC_S300Pro_mini/install/aruco_ros/lib:/home/dxf/WHEELTEC_S300Pro_mini/install/aruco_msgs/lib:/home/dxf/WHEELTEC_S300Pro_mini/install/aruco/lib:/usr/local/cuda-12.6/lib64:/usr/local/opencv410/lib:/usr/local/lib:/opt/ros/humble/opt/rviz_ogre_vendor/lib:/opt/ros/humble/lib/aarch64-linux-gnu:/opt/ros/humble/lib:/usr/local/cuda-12.6/lib64 PS1=\n(TraeAI-5) \w [$?] $ PYTHONPATH=/home/dxf/wheeltec_lebai_humble_2024_7_17/install/lebai_interfaces/local/lib/python3.10/dist-packages:${PYTHONPATH} __trae_PS1=\n(TraeAI-5) \w [$?] $ /usr/bin/cmake --install /home/dxf/wheeltec_lebai_humble_2024_7_17/build/lebai_tutorials
[9.223s] Level 1:colcon.colcon_core.environment:create_environment_scripts_only(lebai_tutorials)
[9.224s] Level 1:colcon.colcon_core.environment:checking '/home/dxf/wheeltec_lebai_humble_2024_7_17/install/lebai_tutorials' for CMake module files
[9.225s] Level 1:colcon.colcon_core.environment:checking '/home/dxf/wheeltec_lebai_humble_2024_7_17/install/lebai_tutorials' for CMake config files
[9.230s] Level 1:colcon.colcon_core.shell:create_environment_hook('lebai_tutorials', 'cmake_prefix_path')
[9.231s] INFO:colcon.colcon_core.shell:Creating environment hook '/home/dxf/wheeltec_lebai_humble_2024_7_17/install/lebai_tutorials/share/lebai_tutorials/hook/cmake_prefix_path.ps1'
[9.232s] DEBUG:colcon.colcon_core.event_handler.log_command:Invoked command in '/home/dxf/wheeltec_lebai_humble_2024_7_17/build/lebai_tutorials' returned '0': AMENT_PREFIX_PATH=/home/dxf/wheeltec_lebai_humble_2024_7_17/install/lebai_interfaces:${AMENT_PREFIX_PATH} CMAKE_PREFIX_PATH=/home/dxf/wheeltec_lebai_humble_2024_7_17/install/lebai_interfaces:/usr/local/opencv410:/home/dxf/WHEELTEC_S300Pro_mini/install/yesense_std_ros2:/home/dxf/WHEELTEC_S300Pro_mini/install/yesense_interface:/home/dxf/WHEELTEC_S300Pro_mini/install/wheeltec_ultrasonic:/home/dxf/WHEELTEC_S300Pro_mini/install/wheeltec_slam_toolbox:/home/dxf/WHEELTEC_S300Pro_mini/install/wheeltec_rviz2:/home/dxf/WHEELTEC_S300Pro_mini/install/wheeltec_rrt_msg:/home/dxf/WHEELTEC_S300Pro_mini/install/wheeltec_robot_rtab:/home/dxf/WHEELTEC_S300Pro_mini/install/wheeltec_robot_rrt:/home/dxf/WHEELTEC_S300Pro_mini/install/wheeltec_robot_kcf:/home/dxf/WHEELTEC_S300Pro_mini/install/wheeltec_path_follow:/home/dxf/WHEELTEC_S300Pro_mini/install/wheeltec_nav2:/home/dxf/WHEELTEC_S300Pro_mini/install/wheeltec_mic_ros2:/home/dxf/WHEELTEC_S300Pro_mini/install/wheeltec_mic_msg:/home/dxf/WHEELTEC_S300Pro_mini/install/wheeltec_joy:/home/dxf/WHEELTEC_S300Pro_mini/install/wheeltec_cartographer:/home/dxf/WHEELTEC_S300Pro_mini/install/web_video_server:/home/dxf/WHEELTEC_S300Pro_mini/install/usb_cam:/home/dxf/WHEELTEC_S300Pro_mini/install/turn_on_wheeltec_robot:/home/dxf/WHEELTEC_S300Pro_mini/install/slam_gmapping:/home/dxf/WHEELTEC_S300Pro_mini/install/bodyreader:/home/dxf/WHEELTEC_S300Pro_mini/install/serial:/home/dxf/WHEELTEC_S300Pro_mini/install/robot_interfaces:/home/dxf/WHEELTEC_S300Pro_mini/install/rm_description:/home/dxf/WHEELTEC_S300Pro_mini/install/qt_ros_test:/home/dxf/WHEELTEC_S300Pro_mini/install/orb_slam2_ros:/home/dxf/WHEELTEC_S300Pro_mini/install/openslam_gmapping:/home/dxf/WHEELTEC_S300Pro_mini/install/ollama_ros_msgs:/home/dxf/WHEELTEC_S300Pro_mini/install/lslidar_driver:/home/dxf/WHEELTEC_S300Pro_mini/install/lslidar_msgs:/home/dxf/WHEELTEC_S300Pro_mini/install/ldlidar_stl_ros2:/home/dxf/WHEELTEC_S300Pro_mini/install/ldlidar_sl_ros2:/home/dxf/WHEELTEC_S300Pro_mini/install/double_lidar_fusion:/home/dxf/WHEELTEC_S300Pro_mini/install/bodyreader_msg:/home/dxf/WHEELTEC_S300Pro_mini/install/astra_camera:/home/dxf/WHEELTEC_S300Pro_mini/install/astra_camera_msgs:/home/dxf/WHEELTEC_S300Pro_mini/install/aruco_ros:/home/dxf/WHEELTEC_S300Pro_mini/install/aruco_msgs:/home/dxf/WHEELTEC_S300Pro_mini/install/aruco:/usr/local/opencv410:/home/dxf/WHEELTEC_S300Pro_mini/install/wheeltec_robot_keyboard:/home/dxf/WHEELTEC_S300Pro_mini/install/simple_follower_ros2:/home/dxf/WHEELTEC_S300Pro_mini/install/ollama_ros_chat:/home/dxf/WHEELTEC_S300Pro_mini/install/nav2_waypoint_cycle:/home/dxf/WHEELTEC_S300Pro_mini/install/auto_recharge_ros2:/opt/ros/humble LD_LIBRARY_PATH=/home/dxf/wheeltec_lebai_humble_2024_7_17/install/lebai_interfaces/lib:/usr/local/opencv410/lib:/usr/local/lib:/home/dxf/WHEELTEC_S300Pro_mini/install/yesense_interface/lib:/home/dxf/WHEELTEC_S300Pro_mini/install/wheeltec_rrt_msg/lib:/home/dxf/WHEELTEC_S300Pro_mini/install/wheeltec_robot_rrt/lib:/home/dxf/WHEELTEC_S300Pro_mini/install/wheeltec_mic_msg/lib:/home/dxf/WHEELTEC_S300Pro_mini/install/usb_cam/lib:/home/dxf/WHEELTEC_S300Pro_mini/install/turn_on_wheeltec_robot/lib:/home/dxf/WHEELTEC_S300Pro_mini/install/serial/lib:/home/dxf/WHEELTEC_S300Pro_mini/install/robot_interfaces/lib:/home/dxf/WHEELTEC_S300Pro_mini/install/orb_slam2_ros/lib:/home/dxf/WHEELTEC_S300Pro_mini/install/openslam_gmapping/lib:/home/dxf/WHEELTEC_S300Pro_mini/install/ollama_ros_msgs/lib:/home/dxf/WHEELTEC_S300Pro_mini/install/lslidar_msgs/lib:/home/dxf/WHEELTEC_S300Pro_mini/install/bodyreader_msg/lib:/home/dxf/WHEELTEC_S300Pro_mini/install/astra_camera/lib:/home/dxf/WHEELTEC_S300Pro_mini/install/astra_camera_msgs/lib:/home/dxf/WHEELTEC_S300Pro_mini/install/aruco_ros/lib:/home/dxf/WHEELTEC_S300Pro_mini/install/aruco_msgs/lib:/home/dxf/WHEELTEC_S300Pro_mini/install/aruco/lib:/usr/local/cuda-12.6/lib64:/usr/local/opencv410/lib:/usr/local/lib:/opt/ros/humble/opt/rviz_ogre_vendor/lib:/opt/ros/humble/lib/aarch64-linux-gnu:/opt/ros/humble/lib:/usr/local/cuda-12.6/lib64 PS1=\n(TraeAI-5) \w [$?] $ PYTHONPATH=/home/dxf/wheeltec_lebai_humble_2024_7_17/install/lebai_interfaces/local/lib/python3.10/dist-packages:${PYTHONPATH} __trae_PS1=\n(TraeAI-5) \w [$?] $ /usr/bin/cmake --install /home/dxf/wheeltec_lebai_humble_2024_7_17/build/lebai_tutorials
[9.244s] INFO:colcon.colcon_core.shell:Creating environment descriptor '/home/dxf/wheeltec_lebai_humble_2024_7_17/install/lebai_tutorials/share/lebai_tutorials/hook/cmake_prefix_path.dsv'
[9.249s] INFO:colcon.colcon_core.shell:Creating environment hook '/home/dxf/wheeltec_lebai_humble_2024_7_17/install/lebai_tutorials/share/lebai_tutorials/hook/cmake_prefix_path.sh'
[9.253s] Level 1:colcon.colcon_core.environment:checking '/home/dxf/wheeltec_lebai_humble_2024_7_17/install/lebai_tutorials/lib'
[9.253s] Level 1:colcon.colcon_core.environment:checking '/home/dxf/wheeltec_lebai_humble_2024_7_17/install/lebai_tutorials/bin'
[9.254s] Level 1:colcon.colcon_core.environment:checking '/home/dxf/wheeltec_lebai_humble_2024_7_17/install/lebai_tutorials/lib/pkgconfig/lebai_tutorials.pc'
[9.257s] Level 1:colcon.colcon_core.environment:checking '/home/dxf/wheeltec_lebai_humble_2024_7_17/install/lebai_tutorials/lib/python3.10/site-packages'
[9.264s] Level 1:colcon.colcon_core.environment:checking '/home/dxf/wheeltec_lebai_humble_2024_7_17/install/lebai_tutorials/bin'
[9.267s] INFO:colcon.colcon_core.shell:Creating package script '/home/dxf/wheeltec_lebai_humble_2024_7_17/install/lebai_tutorials/share/lebai_tutorials/package.ps1'
[9.273s] INFO:colcon.colcon_core.shell:Creating package descriptor '/home/dxf/wheeltec_lebai_humble_2024_7_17/install/lebai_tutorials/share/lebai_tutorials/package.dsv'
[9.309s] INFO:colcon.colcon_core.shell:Creating package script '/home/dxf/wheeltec_lebai_humble_2024_7_17/install/lebai_tutorials/share/lebai_tutorials/package.sh'
[9.312s] INFO:colcon.colcon_core.shell:Creating package script '/home/dxf/wheeltec_lebai_humble_2024_7_17/install/lebai_tutorials/share/lebai_tutorials/package.bash'
[9.318s] INFO:colcon.colcon_core.shell:Creating package script '/home/dxf/wheeltec_lebai_humble_2024_7_17/install/lebai_tutorials/share/lebai_tutorials/package.zsh'
[9.340s] Level 1:colcon.colcon_core.environment:create_file_with_runtime_dependencies(/home/dxf/wheeltec_lebai_humble_2024_7_17/install/lebai_tutorials/share/colcon-core/packages/lebai_tutorials)
[9.344s] Level 1:colcon.colcon_core.environment:create_environment_scripts_only(lebai_tutorials)
[9.345s] Level 1:colcon.colcon_core.environment:checking '/home/dxf/wheeltec_lebai_humble_2024_7_17/install/lebai_tutorials' for CMake module files
[9.367s] Level 1:colcon.colcon_core.environment:checking '/home/dxf/wheeltec_lebai_humble_2024_7_17/install/lebai_tutorials' for CMake config files
[9.375s] Level 1:colcon.colcon_core.shell:create_environment_hook('lebai_tutorials', 'cmake_prefix_path')
[9.378s] INFO:colcon.colcon_core.shell:Creating environment hook '/home/dxf/wheeltec_lebai_humble_2024_7_17/install/lebai_tutorials/share/lebai_tutorials/hook/cmake_prefix_path.ps1'
[9.394s] INFO:colcon.colcon_core.shell:Creating environment descriptor '/home/dxf/wheeltec_lebai_humble_2024_7_17/install/lebai_tutorials/share/lebai_tutorials/hook/cmake_prefix_path.dsv'
[9.399s] INFO:colcon.colcon_core.shell:Creating environment hook '/home/dxf/wheeltec_lebai_humble_2024_7_17/install/lebai_tutorials/share/lebai_tutorials/hook/cmake_prefix_path.sh'
[9.403s] Level 1:colcon.colcon_core.environment:checking '/home/dxf/wheeltec_lebai_humble_2024_7_17/install/lebai_tutorials/lib'
[9.404s] Level 1:colcon.colcon_core.environment:checking '/home/dxf/wheeltec_lebai_humble_2024_7_17/install/lebai_tutorials/bin'
[9.404s] Level 1:colcon.colcon_core.environment:checking '/home/dxf/wheeltec_lebai_humble_2024_7_17/install/lebai_tutorials/lib/pkgconfig/lebai_tutorials.pc'
[9.405s] Level 1:colcon.colcon_core.environment:checking '/home/dxf/wheeltec_lebai_humble_2024_7_17/install/lebai_tutorials/lib/python3.10/site-packages'
[9.405s] Level 1:colcon.colcon_core.environment:checking '/home/dxf/wheeltec_lebai_humble_2024_7_17/install/lebai_tutorials/bin'
[9.412s] INFO:colcon.colcon_core.shell:Creating package script '/home/dxf/wheeltec_lebai_humble_2024_7_17/install/lebai_tutorials/share/lebai_tutorials/package.ps1'
[9.433s] INFO:colcon.colcon_core.shell:Creating package descriptor '/home/dxf/wheeltec_lebai_humble_2024_7_17/install/lebai_tutorials/share/lebai_tutorials/package.dsv'
[9.437s] INFO:colcon.colcon_core.shell:Creating package script '/home/dxf/wheeltec_lebai_humble_2024_7_17/install/lebai_tutorials/share/lebai_tutorials/package.sh'
[9.449s] INFO:colcon.colcon_core.shell:Creating package script '/home/dxf/wheeltec_lebai_humble_2024_7_17/install/lebai_tutorials/share/lebai_tutorials/package.bash'
[9.491s] INFO:colcon.colcon_core.shell:Creating package script '/home/dxf/wheeltec_lebai_humble_2024_7_17/install/lebai_tutorials/share/lebai_tutorials/package.zsh'
[9.495s] Level 1:colcon.colcon_core.environment:create_file_with_runtime_dependencies(/home/dxf/wheeltec_lebai_humble_2024_7_17/install/lebai_tutorials/share/colcon-core/packages/lebai_tutorials)
[13.372s] Level 1:colcon.colcon_core.environment:checking '/home/dxf/wheeltec_lebai_humble_2024_7_17/install/lebai_driver' for CMake module files
[13.381s] DEBUG:colcon.colcon_core.event_handler.log_command:Invoked command in '/home/dxf/wheeltec_lebai_humble_2024_7_17/src/lebai-ros-sdk-humble-dev/lebai_driver' returned '0': PS1=\n(TraeAI-5) \w [$?] $ PYTHONPATH=/home/dxf/wheeltec_lebai_humble_2024_7_17/build/lebai_driver/prefix_override:/usr/lib/python3/dist-packages/colcon_core/task/python/colcon_distutils_commands:/home/dxf/wheeltec_lebai_humble_2024_7_17/install/lebai_driver/lib/python3.10/site-packages:${PYTHONPATH} __trae_PS1=\n(TraeAI-5) \w [$?] $ /usr/bin/python3 -W ignore:setup.py install is deprecated -W ignore:easy_install command is deprecated setup.py egg_info --egg-base ../../../build/lebai_driver build --build-base /home/dxf/wheeltec_lebai_humble_2024_7_17/build/lebai_driver/build install --record /home/dxf/wheeltec_lebai_humble_2024_7_17/build/lebai_driver/install.log --single-version-externally-managed install_data
[13.385s] Level 1:colcon.colcon_core.environment:checking '/home/dxf/wheeltec_lebai_humble_2024_7_17/install/lebai_driver' for CMake config files
[13.390s] Level 1:colcon.colcon_core.environment:checking '/home/dxf/wheeltec_lebai_humble_2024_7_17/install/lebai_driver/lib'
[13.391s] Level 1:colcon.colcon_core.environment:checking '/home/dxf/wheeltec_lebai_humble_2024_7_17/install/lebai_driver/bin'
[13.393s] Level 1:colcon.colcon_core.environment:checking '/home/dxf/wheeltec_lebai_humble_2024_7_17/install/lebai_driver/lib/pkgconfig/lebai_driver.pc'
[13.395s] Level 1:colcon.colcon_core.environment:checking '/home/dxf/wheeltec_lebai_humble_2024_7_17/install/lebai_driver/lib/python3.10/site-packages'
[13.396s] Level 1:colcon.colcon_core.shell:create_environment_hook('lebai_driver', 'pythonpath')
[13.413s] INFO:colcon.colcon_core.shell:Creating environment hook '/home/dxf/wheeltec_lebai_humble_2024_7_17/install/lebai_driver/share/lebai_driver/hook/pythonpath.ps1'
[13.425s] INFO:colcon.colcon_core.shell:Creating environment descriptor '/home/dxf/wheeltec_lebai_humble_2024_7_17/install/lebai_driver/share/lebai_driver/hook/pythonpath.dsv'
[13.428s] INFO:colcon.colcon_core.shell:Creating environment hook '/home/dxf/wheeltec_lebai_humble_2024_7_17/install/lebai_driver/share/lebai_driver/hook/pythonpath.sh'
[13.430s] Level 1:colcon.colcon_core.environment:checking '/home/dxf/wheeltec_lebai_humble_2024_7_17/install/lebai_driver/bin'
[13.431s] Level 1:colcon.colcon_core.environment:create_environment_scripts_only(lebai_driver)
[13.432s] INFO:colcon.colcon_core.shell:Creating package script '/home/dxf/wheeltec_lebai_humble_2024_7_17/install/lebai_driver/share/lebai_driver/package.ps1'
[13.435s] INFO:colcon.colcon_core.shell:Creating package descriptor '/home/dxf/wheeltec_lebai_humble_2024_7_17/install/lebai_driver/share/lebai_driver/package.dsv'
[13.441s] INFO:colcon.colcon_core.shell:Creating package script '/home/dxf/wheeltec_lebai_humble_2024_7_17/install/lebai_driver/share/lebai_driver/package.sh'
[13.444s] INFO:colcon.colcon_core.shell:Creating package script '/home/dxf/wheeltec_lebai_humble_2024_7_17/install/lebai_driver/share/lebai_driver/package.bash'
[13.450s] INFO:colcon.colcon_core.shell:Creating package script '/home/dxf/wheeltec_lebai_humble_2024_7_17/install/lebai_driver/share/lebai_driver/package.zsh'
[13.455s] Level 1:colcon.colcon_core.environment:create_file_with_runtime_dependencies(/home/dxf/wheeltec_lebai_humble_2024_7_17/install/lebai_driver/share/colcon-core/packages/lebai_driver)
